qid,cond,prompt,context,answer,gold_in_context,faithful,correct,judge_raw,refused
w001,A,P1,"['wiki_02359', 'wiki_00355', 'wiki_01293', 'wiki_01284', 'wiki_00442']",593168,1,1,1,"مدعوم: نعم
مطابق: نعم",0
w002,A,P1,"['wiki_02359', 'wiki_00355', 'wiki_01492', 'wiki_00247', 'wiki_00583']",طنجة,1,1,0,"مدعوم: نعم
مطابق: لا",0
w003,A,P1,"['wiki_01012', 'wiki_01011', 'wiki_01297', 'wiki_01296', 'wiki_01417']","نسبة الطاقات المتجددة في توليد الكهرباء بالمغرب هي %13,6.",1,0,0,"مدعوم: لا
مطابق: لا",0
w004,A,P1,"['wiki_01012', 'wiki_01297', 'wiki_01418', 'wiki_01011', 'wiki_01021']","ارتفعت نسبة الاعتماد على الطاقة الريحية من 2,8% في 2010 إلى 8,1% في 2015.",1,1,1,"مدعوم: نعم
مطابق: نعم",0
w005,A,P1,"['wiki_01012', 'wiki_01011', 'wiki_01014', 'wiki_01255', 'wiki_00432']","1,6 طن",1,1,1,"مدعوم: نعم
مطابق: نعم",0
w006,A,P1,"['wiki_00564', 'chunk_011', 'wiki_00563', 'wiki_00453', 'wiki_00291']",12.8%,1,1,1,"مدعوم: نعم
مطابق: نعم",0
w007,A,P1,"['wiki_00564', 'wiki_01369', 'wiki_00290', 'wiki_00417', 'wiki_01408']",المعلومة غير متوفرة في النصوص,1,1,0,"مدعوم: نعم
مطابق: لا",1
w008,A,P1,"['wiki_00564', 'chunk_011', 'wiki_00291', 'wiki_00453', 'wiki_00563']",من 10.5% في 2014 إلى 21.4% في 2024.,1,1,1,"مدعوم: نعم
مطابق: نعم",0
w009,A,P1,"['wiki_02608', 'wiki_02609', 'wiki_01173', 'wiki_01361', 'wiki_00433']",المعلومة غير متوفرة في النصوص,1,1,0,"مدعوم: نعم
مطابق: لا",1
w010,A,P1,"['wiki_02608', 'wiki_02609', 'wiki_02607', 'wiki_00578', 'wiki_01651']",انخفض عجز الموازنة من 4.4% إلى 3.5% من إجمالي الناتج المحلي في 2017.,1,0,0,"مدعوم: لا
مطابق: لا",0
w011,A,P1,"['wiki_00563', 'wiki_00453', 'wiki_00564', 'chunk_011', 'wiki_02608']",المعلومة غير متوفرة في النصوص,1,0,0,"مدعوم: لا
مطابق: لا",1
w012,A,P1,"['wiki_02230', 'wiki_02227', 'wiki_02228', 'wiki_02229', 'wiki_02224']",فاتح أبريل 1998,1,1,1,"مدعوم: نعم
مطابق: نعم",0
w013,A,P1,"['wiki_02230', 'wiki_02227', 'wiki_02228', 'wiki_02231', 'wiki_02224']",استمر تبديل الأوراق البنكية المسحوبة في شبابيك بنك المغرب إلى غاية 31 دجنبر 2011.,1,1,1,"مدعوم: نعم
مطابق: نعم",0
w014,A,P1,"['wiki_02691', 'wiki_02693', 'chunk_002', 'wiki_01303', 'wiki_02692']","36,8 مليون نسمة",1,1,1,"مدعوم: نعم
مطابق: نعم",0
w015,A,P1,"['wiki_02691', 'wiki_00564', 'wiki_00582', 'wiki_00563', 'wiki_02607']","ارتفع معدل التمدن من 29% في 1960 إلى 62,8% في 2024.",1,1,1,"مدعوم: نعم
مطابق: نعم",0
w016,A,P1,"['wiki_02691', 'wiki_02194', 'wiki_00564', 'wiki_02693', 'wiki_02741']",المعلومة غير متوفرة في النصوص,1,1,0,"مدعوم: نعم
مطابق: لا",1
w017,A,P1,"['wiki_01011', 'wiki_01012', 'wiki_01297', 'wiki_01020', 'wiki_01018']","نسبة الطاقات الأحفورية من استهلاك الطاقة الأولية سنة 2015 هي %88,8.",1,1,1,"مدعوم: نعم
مطابق: نعم",0
w018,A,P1,"['wiki_01011', 'wiki_01297', 'wiki_00443', 'wiki_01020', 'wiki_01379']",9.4٪,1,1,1,"مدعوم: نعم
مطابق: نعم",0
w019,A,P1,"['wiki_00436', 'wiki_00569', 'wiki_00426', 'wiki_01110', 'wiki_01106']",15%,1,1,1,"مدعوم: نعم
مطابق: نعم",0
w020,A,P1,"['wiki_00448', 'wiki_00568', 'wiki_00436', 'wiki_01292', 'wiki_00435']",الواردات المغربية تتكون أساسا من المواد الطاقية والمواد التجهيزية والمواد الغذائية.,1,0,0,"مدعوم: لا
مطابق: لا",0
w021,A,P1,"['wiki_01430', 'wiki_01654', 'wiki_00436', 'wiki_01292', 'wiki_01432']",55.8 %,1,1,1,"مدعوم: نعم
مطابق: نعم",0
w022,A,P1,"['wiki_01430', 'wiki_01766', 'wiki_01476', 'wiki_01230', 'wiki_02521']",مليون دولار يوميا,1,1,1,"مدعوم: نعم
مطابق: نعم",0
w023,A,P1,"['wiki_00350', 'wiki_00574', 'wiki_00572', 'wiki_02967', 'wiki_00575']",وقعت اتفاقية التجارة الحرة بين المغرب والولايات المتحدة في 15 يونيو 2004.,1,1,0,"مدعوم: نعم
مطابق: لا",0
w024,A,P1,"['wiki_00574', 'wiki_01284', 'wiki_00575', 'wiki_00569', 'wiki_00436']",百分之一百二十二,1,1,1,"مدعوم: نعم
مطابق: نعم",0
w025,A,P1,"['wiki_00574', 'wiki_00740', 'wiki_01269', 'wiki_00432', 'wiki_02967']",قطاعي السياحة والنسيج,1,1,1,"مدعوم: نعم
مطابق: نعم",0
w026,A,P1,"['wiki_01297', 'wiki_00682', 'wiki_00689', 'wiki_01770', 'wiki_01298']",سنة 2025,1,1,1,"مدعوم: نعم
مطابق: نعم",0
w027,A,P1,"['wiki_01021', 'wiki_01012', 'wiki_01011', 'wiki_01297', 'wiki_01013']",80.4٪,1,0,0,"مدعوم: لا
مطابق: لا",0
w028,A,P1,"['wiki_02790', 'wiki_02789', 'wiki_01372', 'wiki_01408', 'wiki_02611']",طنجة وأكادير والعيون,1,1,1,"مدعوم: نعم
مطابق: نعم",0
w029,A,P1,"['wiki_02790', 'wiki_01289', 'wiki_02783', 'wiki_02791', 'wiki_02795']",Saskفت الناتج الداخلي الخام لقطاع الصيد البحري من 8.3 إلى 15 مليار درهم بين 2007 و2015.,1,1,1,"مدعوم: نعم
مطابق: نعم",0
w030,A,P1,"['wiki_02790', 'wiki_01289', 'wiki_02783', 'wiki_02791', 'wiki_02792']",1460000 طن,1,1,1,"مدعوم: نعم
مطابق: نعم",0
w031,A,P1,"['wiki_01281', 'wiki_00428', 'wiki_02608', 'wiki_00445', 'wiki_00412']",56.5%,1,1,1,"مدعوم: نعم
مطابق: نعم",0
w032,A,P1,"['wiki_01281', 'wiki_02609', 'wiki_01361', 'wiki_02608', 'wiki_01312']",3.750 دولار أمريكي,1,1,1,"مدعوم: نعم
مطابق: نعم",0
w033,A,P1,"['wiki_01281', 'wiki_01284', 'wiki_01312', 'wiki_00563', 'wiki_01279']",يحتل المغرب المرتبة 107 في إنتاجية القوى العاملة حسب تقرير منظمة العمل الدولية لسنة 2023.,1,1,1,"مدعوم: نعم
مطابق: نعم",0
w034,A,P1,"['wiki_02387', 'wiki_01379', 'wiki_01020', 'wiki_01380', 'wiki_01021']",2700 مليون كيلواط,1,1,1,"مدعوم: نعم
مطابق: نعم",0
w035,A,P1,"['wiki_01379', 'wiki_02386', 'wiki_01378', 'wiki_01281', 'wiki_02411']",حصة المدارات المسقية في الناتج المحلي الخام بين 7% و10% حسب الحالة المائية للسنة.,1,1,1,"مدعوم: نعم
مطابق: نعم",0
w036,A,P1,"['wiki_01377', 'wiki_02384', 'wiki_00436', 'wiki_01095', 'wiki_00428']",40% حتى 60%,1,1,1,"مدعوم: نعم
مطابق: نعم",0
w037,A,P1,"['wiki_00438', 'wiki_00439', 'wiki_01312', 'chunk_007', 'wiki_01814']",90%,0,0,0,"مدعوم: لا
مطابق: لا",0
w038,A,P1,"['wiki_02635', 'wiki_02646', 'wiki_02645', 'wiki_02644', 'wiki_02643']",16289,1,1,1,"مدعوم: نعم
مطابق: نعم",0
w039,A,P1,"['wiki_02646', 'wiki_02635', 'wiki_02643', 'wiki_02644', 'wiki_02645']",في سنة 1995,1,1,1,"مدعوم: نعم
مطابق: نعم",0
w040,A,P1,"['wiki_00814', 'wiki_00813', 'wiki_02649', 'wiki_02333', 'wiki_01568']",عدد المدارس الابتدائية بالدار البيضاء خلال الموسم الدراسي 2008/2009 هو 435 مدرسة.,1,1,1,"مدعوم: نعم
مطابق: نعم",0
w041,A,P1,"['wiki_01106', 'wiki_00584', 'wiki_00441', 'wiki_01011', 'wiki_00444']",المغرب يتوفر على %75 من احتياطي الفوسفات العالمي.,1,1,1,"مدعوم: نعم
مطابق: نعم",0
w042,A,P1,"['wiki_01106', 'wiki_00617', 'wiki_00584', 'wiki_01650', 'wiki_00441']",الصين,1,1,1,"مدعوم: نعم
مطابق: نعم",0
w043,A,P1,"['wiki_02193', 'wiki_02194', 'wiki_02187', 'wiki_02189', 'wiki_02188']","بلغ عدد سكان جماعة خنيفرة سنة 2024 حوالي 242,376 نسمة.",1,0,0,"مدعوم: لا
مطابق: لا",0
w044,A,P1,"['wiki_02194', 'wiki_02193', 'wiki_02202', 'wiki_02187', 'wiki_02188']",المعلومة غير متوفرة في النصوص,1,1,1,"مدعوم: نعم
مطابق: نعم",1
w045,A,P1,"['wiki_01074', 'wiki_01070', 'wiki_01077', 'wiki_00955', 'wiki_00959']",لتشجيع الاستثمارات والصادرات، والمساهمة في تمويل مشروع طرامواي الرباط - سلا.,1,1,1,"مدعوم: نعم
مطابق: نعم",0
w046,A,P1,"['wiki_01662', 'wiki_01663', 'wiki_01304', 'wiki_02700', 'wiki_02693']",1503,1,1,1,"مدعوم: نعم
مطابق: نعم",0
w047,A,P1,"['wiki_02386', 'wiki_01378', 'wiki_02411', 'wiki_00595', 'wiki_00438']",1050000 هكتار,1,1,1,"مدعوم: نعم
مطابق: نعم",0
w048,A,P1,"['wiki_01378', 'wiki_02386', 'wiki_02385', 'wiki_00633', 'wiki_02824']",75%,1,1,1,"مدعوم: نعم
مطابق: نعم",0
w049,A,P1,"['wiki_02226', 'wiki_02225', 'wiki_01486', 'wiki_01280', 'wiki_02609']","±2,5٪",1,1,1,"مدعوم: نعم
مطابق: نعم",0
w050,A,P1,"['wiki_02609', 'wiki_01361', 'wiki_01418', 'wiki_01368', 'wiki_00415']",خفض الدين العام إلى 60% من إجمالي الناتج المحلي بحلول عام 2021.,1,1,1,"مدعوم: نعم
مطابق: نعم",0
w051,A,P1,"['wiki_01040', 'wiki_01981', 'wiki_01983', 'wiki_01035', 'wiki_01043']",ثماني وعشرين سنة,1,1,1,"مدعوم: نعم
مطابق: نعم",0
w052,A,P1,"['wiki_01040', 'wiki_02278', 'wiki_01444', 'wiki_01972', 'wiki_00620']",19 ماي 1881م,1,1,1,"مدعوم: نعم
مطابق: نعم",0
w053,A,P1,"['wiki_02950', 'wiki_02955', 'wiki_02954', 'wiki_02957', 'wiki_02956']",ستة إلى ثمانية أنواع من السلطات.,1,1,1,"مدعوم: نعم
مطابق: نعم",0
w054,A,P1,"['wiki_02950', 'wiki_02954', 'wiki_02953', 'wiki_02955', 'wiki_02956']",بالفلفل وزيت الزيتون والكمون.,1,1,1,"مدعوم: نعم
مطابق: نعم",0
w055,A,P1,"['wiki_00949', 'wiki_00200', 'wiki_00948', 'wiki_00936', 'wiki_00943']",المعلومة غير متوفرة في النصوص,1,1,0,"مدعوم: نعم
مطابق: لا",1
w056,A,P1,"['wiki_00949', 'wiki_00948', 'wiki_02671', 'wiki_01773', 'wiki_02497']",يعد تاريخ النقوش الصخرية بالسمارة إلى 4000-8000 ق.م.,1,1,1,"مدعوم: نعم
مطابق: نعم",0
w057,A,P1,"['wiki_02594', 'wiki_02596', 'wiki_02597', 'wiki_02595', 'wiki_00043']",سعيد العلام,1,1,1,"مدعوم: نعم
مطابق: نعم",0
w058,A,P1,"['wiki_02594', 'wiki_02596', 'wiki_02597', 'wiki_02595', 'wiki_00059']",جائزة كتارا للرواية العربية، سنة 2020,1,1,1,"مدعوم: نعم
مطابق: نعم",0
w059,A,P1,"['wiki_01477', 'wiki_01476', 'wiki_00366', 'wiki_01267', 'wiki_01478']",البوليساريو اقترحت إشراك الصحراويين الذين تم إحصاؤهم من طرف الإدارة الإسبانية عام 1974م في الاستفتاء.,1,1,1,"مدعوم: نعم
مطابق: نعم",0
w060,A,P1,"['wiki_01477', 'wiki_00301', 'wiki_01659', 'wiki_01266', 'wiki_01252']",السلطات الإسبانية رحلت القبائل الصحراوية إلى إقليم واد نون في المغرب سنة 1969.,1,1,1,"مدعوم: نعم
مطابق: نعم",0
w061,A,P1,"['wiki_02133', 'wiki_00652', 'wiki_00651', 'wiki_02130', 'wiki_02129']",أُرسل الأسطول البحري الأمريكي في 13 مايو 1801 في بداية الحرب.,1,1,1,"مدعوم: نعم
مطابق: نعم",0
w062,A,P1,"['wiki_00651', 'wiki_00652', 'wiki_02130', 'wiki_02124', 'wiki_00653']",توماس جيفرسون,1,1,1,"مدعوم: نعم
مطابق: نعم",0
w063,A,P1,"['wiki_00873', 'wiki_00879', 'wiki_00871', 'wiki_00878', 'wiki_00872']",الصناعة التقليدية التي يتميز بها مركز الريش هي الزربية والجلباب.,1,1,1,"مدعوم: نعم
مطابق: نعم",0
w064,A,P1,"['wiki_00873', 'wiki_00879', 'wiki_00868', 'wiki_00875', 'wiki_00869']",صناعة الفخار، الدباغة، صياغة الحلي.,1,1,1,"مدعوم: نعم
مطابق: نعم",0
w065,A,P1,"['wiki_00622', 'wiki_01357', 'wiki_02895', 'wiki_00193', 'wiki_00195']",عاش أمازيغ الأطلس المتوسط في جماعات منعزلة ومغلقة، كل قبيلة كانت كيانًا مستقلًا بخصوصياتها دون علاقات واضحة مع القبائل المجاورة.,1,1,1,"مدعوم: نعم
مطابق: نعم",0
w066,A,P1,"['wiki_00622', 'wiki_01061', 'wiki_01714', 'wiki_02180', 'wiki_01062']",لم يعرفت القبائل الأمازيغية شكلا من أشكال الاتحاد الكونفدرالي.,1,1,1,"مدعوم: نعم
مطابق: نعم",0
w067,A,P1,"['wiki_00872', 'wiki_00879', 'wiki_02825', 'wiki_02793', 'wiki_00871']",سعة وحدة التبريد المخصصة للحفاظ على التفاح تصل إلى 1600 طن.,1,1,1,"مدعوم: نعم
مطابق: نعم",0
w068,A,P1,"['wiki_00879', 'wiki_00872', 'wiki_01101', 'wiki_00873', 'wiki_00878']",مدينة مكناس,1,1,1,"مدعوم: نعم
مطابق: نعم",0
w069,A,P1,"['wiki_01254', 'wiki_01253', 'wiki_00193', 'chunk_058', 'wiki_00797']",تتنخفض درجات الحرارة بشكل ملحوظ في المرتفعات التي تتجاوز 1500 متر.,1,1,1,"مدعوم: نعم
مطابق: نعم",0
w070,A,P1,"['wiki_01791', 'wiki_01797', 'wiki_01796', 'wiki_02002', 'wiki_01792']",المعلومة غير متوفرة في النصوص,0,0,0,"مدعوم: لا
مطابق: لا",1
w071,A,P1,"['wiki_01791', 'wiki_01796', 'wiki_01795', 'wiki_01797', 'wiki_01510']",1500,1,1,1,"مدعوم: نعم
مطابق: نعم",0
w072,A,P1,"['wiki_01795', 'wiki_01793', 'wiki_01794', 'wiki_01952', 'wiki_01347']",بين 1614 و1681,1,1,1,"مدعوم: نعم
مطابق: نعم",0
w073,A,P1,"['wiki_02019', 'wiki_02017', 'wiki_01953', 'wiki_02015', 'wiki_02021']",يوليو - غشت 1947,1,1,1,"مدعوم: نعم
مطابق: نعم",0
w074,A,P1,"['wiki_02015', 'wiki_02016', 'wiki_02017', 'wiki_02020', 'wiki_02019']",تمتاز الجماعة بمدينة جرادة منتخبا مختارا من قبل رؤساء العائلات حسب الانتماء الإثني لكل مجموعة قبيلة.,1,1,1,"مدعوم: نعم
مطابق: نعم",0
w075,A,P1,"['wiki_01101', 'wiki_01103', 'wiki_01102', 'wiki_01878', 'wiki_00920']",تنتشر سلالة الأبقار والماس زعير في كل من منطقة الرماني وزمور وزعير وقبائل زيان خاصة في منطقة مريرت.,1,1,1,"مدعوم: نعم
مطابق: نعم",0
w076,A,P1,"['wiki_01101', 'wiki_02814', 'wiki_02812', 'wiki_02243', 'wiki_01671']",سنة 1981,1,1,1,"مدعوم: نعم
مطابق: نعم",0
w077,A,P1,"['wiki_01101', 'wiki_01103', 'wiki_01102', 'wiki_00920', 'wiki_01099']",سلالة مكناس,1,1,1,"مدعوم: نعم
مطابق: نعم",0
w078,A,P1,"['wiki_00645', 'wiki_00643', 'wiki_00646', 'wiki_00647', 'wiki_00644']",على ارتفاع 1200 متر فوق سطح البحر.,1,1,1,"مدعوم: نعم
مطابق: نعم",0
w079,A,P1,"['wiki_00643', 'wiki_00645', 'wiki_00646', 'wiki_00647', 'wiki_00644']",32 كلم,1,1,1,"مدعوم: نعم
مطابق: نعم",0
w080,A,P1,"['wiki_00643', 'wiki_00645', 'wiki_00646', 'wiki_00648', 'wiki_00767']",عين ذهيبة,1,0,0,"مدعوم: لا
مطابق: لا",0
w081,A,P1,"['wiki_01214', 'wiki_01216', 'wiki_01215', 'wiki_01104', 'wiki_01217']",6 يوما,1,1,1,"مدعوم: نعم
مطابق: نعم",0
w082,A,P1,"['wiki_01216', 'wiki_01214', 'wiki_01215', 'wiki_01217', 'wiki_01104']",الأيام الثلاثة الأولى مخصصة للمحترفين، والأيام الثلاثة الأخرى مفتوحة لعامة الناس.,1,1,1,"مدعوم: نعم
مطابق: نعم",0
w083,A,P1,"['wiki_01214', 'wiki_01216', 'wiki_01215', 'wiki_01217', 'wiki_01104']","مساحة المعرض الدولي للفلاحة بالمغرب تبلغ 370,000 m2.",1,1,1,"مدعوم: نعم
مطابق: نعم",0
w084,A,P1,"['wiki_02924', 'wiki_02926', 'wiki_02294', 'wiki_02927', 'wiki_02925']",الاقتصاد في مدينة مرزوكة يعتمد بشكل رئيسي على السياحة.,1,1,1,"مدعوم: نعم
مطابق: نعم",0
w085,A,P1,"['wiki_02924', 'wiki_02926', 'wiki_02927', 'wiki_01941', 'wiki_02925']",المدينة تعاني من مشاكل في النظافة وقلة الموارد المائية وضعف الخدمات اللوجستيكية ونقص قنوات الصرف الصحي وضعف قطاع الصحة.,1,0,1,"مدعوم: لا
مطابق: نعم",0
w086,A,P1,"['wiki_01372', 'wiki_01373', 'wiki_00350', 'wiki_00572', 'wiki_01071']",سنة 2012,1,1,1,"مدعوم: نعم
مطابق: نعم",0
w087,A,P1,"['wiki_01372', 'wiki_00778', 'wiki_00796', 'wiki_00424', 'wiki_01373']",120 كيلومترًا,1,1,1,"مدعوم: نعم
مطابق: نعم",0
w088,A,P1,"['wiki_01372', 'wiki_01373', 'wiki_00707', 'wiki_00468', 'wiki_01141']",مساحة المنطقة الحرة الأطلسية تقارب 500 هكتار.,1,1,1,"مدعوم: نعم
مطابق: نعم",0
w089,A,P1,"['wiki_01161', 'wiki_01162', 'wiki_01163', 'wiki_00508', 'wiki_00455']",أُحدثت اللجنة الوطنية لمناخ الأعمال سنة 2009 ويرأسها رئيس الحكومة.,1,1,1,"مدعوم: نعم
مطابق: نعم",0
w090,A,P1,"['wiki_01161', 'wiki_01162', 'wiki_01163', 'wiki_00455', 'wiki_00456']",الهدف من اللجنة الوطنية لمناخ الأعمال هو تحسين مناخ الأعمال وتعزيز جاذبية المغرب للاستثمارات.,1,1,1,"مدعوم: نعم
مطابق: نعم",0
w091,A,P1,"['wiki_01715', 'wiki_01768', 'wiki_01783', 'wiki_01267', 'wiki_01251']",المعلومة غير متوفرة في النصوص,0,0,0,"مدعوم: لا
مطابق: لا",1
w092,A,P1,"['wiki_02700', 'wiki_02702', 'wiki_00904', 'wiki_00196', 'wiki_02187']",مراكش,1,1,1,"مدعوم: نعم
مطابق: نعم",0
w093,A,P1,"['wiki_00323', 'wiki_00324', 'wiki_00325', 'wiki_01660', 'wiki_01658']",منذ سنة 1960 يتبع إقليم شنقيط لموريتانيا.,1,1,1,"مدعوم: نعم
مطابق: نعم",0
w094,A,P1,"['wiki_00324', 'wiki_00325', 'wiki_01329', 'wiki_01252', 'wiki_00930']",نهر السنغال,1,1,1,"مدعوم: نعم
مطابق: نعم",0
w095,A,P1,"['wiki_02031', 'wiki_00901', 'wiki_02030', 'wiki_02675', 'wiki_00802']",2 كم,1,1,1,"مدعوم: نعم
مطابق: نعم",0
w096,A,P1,"['wiki_00650', 'wiki_00649', 'wiki_01378', 'wiki_00615', 'wiki_02385']",مرسوم رقم 2.24.1122,1,1,1,"مدعوم: نعم
مطابق: نعم",0
w097,A,P1,"['wiki_00650', 'wiki_00373', 'wiki_02973', 'wiki_01489', 'wiki_02863']",توحيد الحد الأدنى للأجور بين القطاعات الفلاحية وغير الفلاحية خلال ثلاث سنوات,1,1,1,"مدعوم: نعم
مطابق: نعم",0
w098,A,P1,"['wiki_01204', 'wiki_01203', 'wiki_00487', 'wiki_00474', 'wiki_00793']",المدرسة البوعنانية بُنيت ما بين عامي 1350م و1355م.,1,1,1,"مدعوم: نعم
مطابق: نعم",0
w099,A,P1,"['wiki_01204', 'wiki_01203', 'wiki_01205', 'wiki_01453', 'wiki_01614']",باب بوجلود يعد المدخل الرئيسي لفاس البالي.,1,1,1,"مدعوم: نعم
مطابق: نعم",0
w100,A,P1,"['wiki_01367', 'wiki_01366', 'wiki_00451', 'wiki_00810', 'wiki_00445']",167 مقعدا,1,1,1,"مدعوم: نعم
مطابق: نعم",0
w101,A,P1,"['wiki_02640', 'wiki_02635', 'wiki_02646', 'wiki_02644', 'wiki_02641']",200 ملم,1,1,1,"مدعوم: نعم
مطابق: نعم",0
w102,A,P1,"['wiki_02640', 'wiki_02635', 'wiki_02204', 'wiki_02641', 'wiki_01065']",تفوق 39.6 درجة مئوية,1,1,1,"مدعوم: نعم
مطابق: نعم",0
w103,A,P1,"['wiki_02640', 'wiki_02635', 'wiki_02644', 'wiki_02643', 'wiki_02646']",واد الشارف واد تبودة وادي مسخسخة وادي وزين,1,1,1,"مدعوم: نعم
مطابق: نعم",0
w104,A,P1,"['wiki_00431', 'wiki_01650', 'wiki_00430', 'wiki_00427', 'wiki_01430']",تداخل النزعة الليبرالية مع الاقتصاد الموجّه.,1,1,1,"مدعوم: نعم
مطابق: نعم",0
w105,A,P1,"['wiki_00431', 'wiki_00430', 'wiki_00461', 'wiki_01650', 'wiki_01997']",أولى الأوراش الاقتصادية لأولى الحكومات المغربية تخص إرساء الاستقلالية الاقتصادية، لدولة خارجة للتو من الاستعمار.,1,1,1,"مدعوم: نعم
مطابق: نعم",0
w106,A,P1,"['wiki_00565', 'wiki_01491', 'wiki_01490', 'wiki_01486', 'wiki_02224']",أُنشئ البنك المخزني المغربي سنة 1907 في طنجة شمال المغرب.,1,1,1,"مدعوم: نعم
مطابق: نعم",0
w107,A,P1,"['wiki_00565', 'wiki_01490', 'wiki_01486', 'wiki_01491', 'wiki_01489']",قامت البنك المخزني بدور البنك المركزي إلى غاية سنة 1959.,1,1,1,"مدعوم: نعم
مطابق: نعم",0
w108,A,P1,"['wiki_02856', 'wiki_00717', 'wiki_00719', 'wiki_00716', 'wiki_00692']",الغرض الرئيسي من تنظيم مؤتمر الجزيرة الخضراء كان حل الأزمة المغربية الأولى وتحديد مصير المغرب كمستعمرة أوروبية.,0,1,0,"مدعوم: نعم
مطابق: لا",0
w109,A,P1,"['wiki_00738', 'wiki_00737', 'wiki_00734', 'wiki_00735', 'wiki_01362']",أحمد بن المهدي الغزال,1,1,1,"مدعوم: نعم
مطابق: نعم",0
w110,A,P1,"['wiki_00738', 'wiki_00737', 'wiki_00579', 'wiki_01126', 'wiki_01347']",لقد زار محمد بن عثمان المكناسي إسبانيا لعقد معاهدة لتجديد الصلح بين المغرب وإسبانيا وإطلاق صراح الأسرى الجزائريين بإسبانيا.,1,1,1,"مدعوم: نعم
مطابق: نعم",0
w111,A,P1,"['wiki_02472', 'wiki_00114', 'wiki_02730', 'wiki_00070', 'wiki_00139']",الكلمة «أصفراو» في اللغة الأمازيغية تعني المنطقة المقعرة.,1,1,1,"مدعوم: نعم
مطابق: نعم",0
w112,A,P1,"['wiki_02472', 'wiki_02471', 'wiki_02479', 'wiki_02481', 'wiki_02476']",قبائل الباكوات لـموريطنية الطنجية,1,0,0,"مدعوم: لا
مطابق: لا",0
w113,A,P1,"['wiki_02472', 'wiki_02481', 'wiki_02477', 'wiki_02479', 'wiki_00127']",البهاليل,1,1,1,"مدعوم: نعم
مطابق: نعم",0
w114,A,P1,"['wiki_01117', 'wiki_01119', 'wiki_01133', 'wiki_01120', 'wiki_01135']",35 كلم,1,1,1,"مدعوم: نعم
مطابق: نعم",0
w115,A,P1,"['wiki_01117', 'wiki_01123', 'wiki_01118', 'wiki_00079', 'wiki_01119']",مسجد، وحمام، ومركز تجاري.,1,1,1,"مدعوم: نعم
مطابق: نعم",0
w116,A,P1,"['wiki_01117', 'wiki_01118', 'wiki_00152', 'wiki_01330', 'wiki_01794']",استولى الجيش البرتغالي على القصر الصغير في يوم 23 أكتوبر 1458م بقيادة ألفونس الخامس.,1,1,1,"مدعوم: نعم
مطابق: نعم",0
w117,A,P1,"['wiki_01242', 'wiki_02220', 'wiki_00050', 'wiki_00183', 'wiki_02903']",ألبرت حوراني,1,1,1,"مدعوم: نعم
مطابق: نعم",0
w118,A,P1,"['wiki_01242', 'wiki_01228', 'wiki_00641', 'wiki_01243', 'wiki_00480']",المحامِك والوزارات والجيش,1,1,1,"مدعوم: نعم
مطابق: نعم",0
w119,A,P1,"['wiki_01086', 'wiki_01894', 'wiki_01897', 'wiki_01892', 'wiki_02455']",مساحة القصبة المخزنية تبلغ 6704م² وعدد أبراجها 5.,1,1,1,"مدعوم: نعم
مطابق: نعم",0
w120,A,P1,"['wiki_01892', 'wiki_02712', 'wiki_01890', 'wiki_01894', 'wiki_01190']",تنسب إلى القائد الحاحي محمد أغناج,1,1,1,"مدعوم: نعم
مطابق: نعم",0
w121,A,P1,"['wiki_02269', 'wiki_02268', 'wiki_01458', 'wiki_00186', 'wiki_00141']",قصبة المرينيين,1,1,1,"مدعوم: نعم
مطابق: نعم",0
w122,A,P1,"['wiki_02787', 'wiki_00626', 'wiki_02786', 'wiki_00139', 'wiki_00625']",وفرة سمك الشابل والتون في أزمور، والإقبال الأوروبي على شرائه.,1,1,1,"مدعوم: نعم
مطابق: نعم",0
w123,A,P1,"['wiki_02787', 'wiki_00303', 'wiki_00686', 'wiki_00690', 'wiki_01678']",سنة 1476,1,1,1,"مدعوم: نعم
مطابق: نعم",0
w124,A,P1,"['wiki_02319', 'wiki_02320', 'wiki_02324', 'wiki_02321', 'wiki_02323']",لقب عاصمة الشاوية,1,1,1,"مدعوم: نعم
مطابق: نعم",0
w125,A,P1,"['wiki_02319', 'wiki_02323', 'wiki_02324', 'wiki_02320', 'wiki_01149']",40 كم,1,0,0,"مدعوم: لا
مطابق: لا",0
w126,A,P1,"['wiki_02319', 'wiki_02320', 'wiki_02324', 'wiki_02323', 'wiki_02321']",الحصان,1,1,1,"مدعوم: نعم
مطابق: نعم",0
w127,A,P1,"['wiki_02319', 'wiki_02323', 'wiki_02320', 'wiki_02324', 'wiki_01388']",ارتفاع سطات عن سطح البحر يبلغ حوالي 370 مترا.,1,1,1,"مدعوم: نعم
مطابق: نعم",0
w128,A,P1,"['wiki_00186', 'wiki_02445', 'wiki_02444', 'wiki_00187', 'wiki_00188']",الراية البيضاء,0,1,1,"مدعوم: نعم
مطابق: نعم",0
w129,A,P1,"['wiki_00186', 'wiki_02445', 'wiki_02638', 'wiki_00187', 'wiki_02235']",ينسب إلى المرابطين استعمال راية سوداء ذات كتابات أو زخارف ذهبية، رابطًا اللون الأسود باعترافهم الاسمي بشرعية الخلافة العباسية.,0,1,1,"مدعوم: نعم
مطابق: نعم",0
w130,A,P1,"['wiki_01860', 'wiki_01857', 'wiki_01861', 'wiki_01845', 'wiki_01855']",الجبال المنتصبة من جهتي الشمال والغرب.,1,1,1,"مدعوم: نعم
مطابق: نعم",0
w131,A,P1,"['wiki_01845', 'wiki_01856', 'wiki_01861', 'wiki_01593', 'wiki_01860']",اعتمدت سكان منطقة تاوريرت في معيشتهم على تربية الماشية والزراعة البورية.,1,1,1,"مدعوم: نعم
مطابق: نعم",0
w132,A,P1,"['wiki_02297', 'wiki_02303', 'wiki_02302', 'wiki_02307', 'wiki_01812']",مدينة سجلماسة التاريخية تقع وسط واحة كبيرة جنوب الأطلس الكبير.,1,1,1,"مدعوم: نعم
مطابق: نعم",0
w133,A,P1,"['wiki_02297', 'wiki_02305', 'wiki_01705', 'wiki_02700', 'wiki_01229']",المعلومة غير متوفرة في النصوص,1,1,1,"مدعوم: نعم
مطابق: نعم",1
w134,A,P1,"['wiki_02297', 'wiki_02299', 'wiki_02304', 'wiki_02306', 'wiki_02302']",سجلماسة بنيت سنة 140 هـ/757م من قبل عيسى بن يزيد الأسود.,1,1,1,"مدعوم: نعم
مطابق: نعم",0
w135,A,P1,"['wiki_01432', 'wiki_01653', 'wiki_01429', 'wiki_01144', 'wiki_01654']",من 17% إلى 19%.,1,1,1,"مدعوم: نعم
مطابق: نعم",0
w136,A,P1,"['wiki_01432', 'wiki_01431', 'wiki_01654', 'wiki_01429', 'wiki_01430']",67 %,1,1,1,"مدعوم: نعم
مطابق: نعم",0
w137,A,P1,"['wiki_01432', 'wiki_02289', 'wiki_02057', 'wiki_02177', 'wiki_02135']",100 درهم,1,1,1,"مدعوم: نعم
مطابق: نعم",0
w138,A,P1,"['wiki_02057', 'wiki_02055', 'wiki_02039', 'wiki_02047', 'wiki_02053']",مصادر الدخل التي اعتمدتها جمهورية الريف هي: الضرائب، الزكاة، الغرامات، التبرعات، وفداء الأسرى.,1,1,1,"مدعوم: نعم
مطابق: نعم",0
w139,A,P1,"['wiki_02057', 'wiki_01524', 'wiki_02044', 'wiki_02740', 'wiki_02301']",20 ألف بيزيتا,1,1,1,"مدعوم: نعم
مطابق: نعم",0
w140,A,P1,"['wiki_02057', 'wiki_02055', 'wiki_01442', 'wiki_02050', 'wiki_02053']",سياسة سحب الأراضي الزراعية من من يعجز أو يتهاون في زرعها.,1,1,1,"مدعوم: نعم
مطابق: نعم",0
w141,A,P1,"['wiki_00048', 'wiki_00062', 'wiki_00055', 'wiki_00038', 'wiki_00411']",عزيز أخنوش,1,1,1,"مدعوم: نعم
مطابق: نعم",0
w142,A,P1,"['wiki_00048', 'wiki_00038', 'wiki_00055', 'wiki_00526', 'wiki_00027']",عبد الوافي لفتيت,1,1,1,"مدعوم: نعم
مطابق: نعم",0
w143,A,P1,"['wiki_02467', 'wiki_02466', 'wiki_00920', 'wiki_02469', 'wiki_01091']",صالح بن عبد الحليم الإيلاني ينتمي إلى قبيلة أيلان المصمودية.,1,1,1,"مدعوم: نعم
مطابق: نعم",0
w144,A,P1,"['wiki_02467', 'wiki_02466', 'wiki_00920', 'wiki_01774', 'wiki_00179']",مدينة نفيس,1,1,1,"مدعوم: نعم
مطابق: نعم",0
w145,A,P1,"['wiki_00610', 'wiki_00604', 'wiki_00614', 'wiki_00600', 'wiki_00606']",المعلومة غير متوفرة في النصوص,0,0,0,"مدعوم: لا
مطابق: لا",1
w146,A,P1,"['wiki_00604', 'wiki_00602', 'wiki_00611', 'wiki_00600', 'wiki_00606']",خمسة عشر سنة,1,1,1,"مدعوم: نعم
مطابق: نعم",0
w147,A,P1,"['wiki_02939', 'wiki_02940', 'wiki_00105', 'wiki_00294', 'wiki_02941']",تم تدشين مستشفى القرب بأحفير يوم 25 يوليوز 2024.,1,1,1,"مدعوم: نعم
مطابق: نعم",0
w148,A,P1,"['wiki_02939', 'wiki_02940', 'wiki_00105', 'wiki_00219', 'wiki_01198']",وزير الصحة والحماية الاجتماعية خالد آيت الطالب,1,1,1,"مدعوم: نعم
مطابق: نعم",0
w149,A,P1,"['wiki_01469', 'wiki_01062', 'wiki_01468', 'wiki_01471', 'wiki_02209']",سبع سنوات,1,1,1,"مدعوم: نعم
مطابق: نعم",0
w150,A,P1,"['wiki_02705', 'wiki_00149', 'wiki_00155', 'wiki_00150', 'wiki_00170']",مدينة أصيلة تشتهر بالقصبة التاريخية وأسوارها وأبوابها المصنفة كتراث وطني، وبمهرجانها الثقافي الدولي الذي يقام كل صيف.,1,1,1,"مدعوم: نعم
مطابق: نعم",0
w151,A,P1,"['wiki_01062', 'wiki_01474', 'wiki_01064', 'wiki_01061', 'wiki_01726']",الاستغلال الذي فرض على الأمازيغ من خلال السيطرة على أراضيهم الفلاحية، وفرض السخرة عليهم، واستخدام القوة لإخضاعهم.,1,1,1,"مدعوم: نعم
مطابق: نعم",0
w152,A,P1,"['wiki_01062', 'wiki_01472', 'wiki_01474', 'wiki_01061', 'wiki_01469']",أبرز زعماء المقاومة الأمازيغية ضد الرومان هم تاكفاريناس وأيديمون ودونات.,1,1,1,"مدعوم: نعم
مطابق: نعم",0
w153,A,P1,"['wiki_02491', 'wiki_02484', 'wiki_01729', 'wiki_01411', 'wiki_02488']",تأسس صندوق محمد السادس للاستثمار في عام 2021.,1,1,1,"مدعوم: نعم
مطابق: نعم",0
w154,A,P1,"['wiki_02491', 'wiki_01492', 'wiki_01486', 'wiki_01208', 'wiki_02484']",المقر الرئيسي لصندوق محمد السادس للاستثمار في مدينة الرباط.,1,1,1,"مدعوم: نعم
مطابق: نعم",0
w155,A,P1,"['wiki_02491', 'wiki_02484', 'wiki_02229', 'wiki_02490', 'wiki_00466']",في سياق تدابير الإنعاش الاقتصادي المعتمدة في أعقاب جائحة كوفيد-19.,1,1,1,"مدعوم: نعم
مطابق: نعم",0
w156,A,P1,"['wiki_02032', 'wiki_02034', 'wiki_02033', 'wiki_02943', 'wiki_02038']",10,0,1,0,"مدعوم: نعم
مطابق: لا",0
w157,A,P1,"['wiki_02032', 'wiki_02034', 'wiki_02038', 'wiki_02033', 'wiki_02035']",مستشفى ومستوصف صحي ودار للولادة,1,1,1,"مدعوم: نعم
مطابق: نعم",0
w158,A,P1,"['wiki_02388', 'wiki_01380', 'wiki_02390', 'wiki_02691', 'wiki_00503']",ارتفعت الساكنة الحضرية من 13 إلى 17 مليون نسمة بين 1992 و2004.,1,1,1,"مدعوم: نعم
مطابق: نعم",0
w159,A,P1,"['wiki_01393', 'wiki_02388', 'wiki_01256', 'wiki_02415', 'wiki_02404']",عقلانية في التدبير ومعالجة التلوث,1,1,1,"مدعوم: نعم
مطابق: نعم",0
w160,A,P1,"['wiki_01320', 'wiki_01313', 'wiki_00056', 'wiki_01100', 'wiki_00917']",3312,1,1,1,"مدعوم: نعم
مطابق: نعم",0
w161,A,P1,"['wiki_01320', 'wiki_02208', 'wiki_02281', 'wiki_02125', 'wiki_02209']",جِلد الإبل أو جِلد الماعز,1,0,0,"مدعوم: لا
مطابق: لا",0
w162,A,P1,"['wiki_01320', 'wiki_02181', 'wiki_01100', 'wiki_00773', 'wiki_00621']",45 منشورًا,1,1,1,"مدعوم: نعم
مطابق: نعم",0
w163,A,P1,"['wiki_01438', 'wiki_00726', 'wiki_00679', 'wiki_02286', 'wiki_00676']",5 ديسمبر 1952,1,1,1,"مدعوم: نعم
مطابق: نعم",0
w164,A,P1,"['wiki_00725', 'wiki_00726', 'wiki_00005', 'wiki_02184', 'wiki_00727']",عاد إلى الدار البيضاء لمواساة أسر الضحايا ثم ذهب إلى طنجة ليلقي خطاباً.,1,1,1,"مدعوم: نعم
مطابق: نعم",0
w165,A,P1,"['wiki_02347', 'wiki_02350', 'wiki_02346', 'wiki_02349', 'wiki_01521']",محمد توري,1,1,1,"مدعوم: نعم
مطابق: نعم",0
w166,A,P1,"['wiki_02347', 'wiki_02350', 'wiki_02880', 'wiki_00660', 'wiki_01758']",أسكيا قام بتنظيم الإدارة وتجهيز الجيش وضم أراض جديدة إلى سلطة البلاد.,1,0,0,"مدعوم: لا
مطابق: لا",0
w167,A,P1,"['wiki_02959', 'wiki_02960', 'wiki_02958', 'wiki_02965', 'wiki_02964']",تمتد مواطنهم من ضواحي تاهلة وسفوح جبال كندر جنوب فاس حتى تلمسان.,1,0,0,"مدعوم: لا
مطابق: لا",0
w168,A,P1,"['wiki_02209', 'wiki_01851', 'wiki_02678', 'wiki_02151', 'wiki_00219']",المعلومة غير متوفرة في النصوص,0,0,0,"مدعوم: لا
مطابق: لا",1
w169,A,P1,"['wiki_00475', 'wiki_00474', 'wiki_01456', 'wiki_00478', 'wiki_02903']","نحو 2,000 تاجر عربي.",1,1,1,"مدعوم: نعم
مطابق: نعم",0
w170,A,P1,"['wiki_00475', 'wiki_00474', 'wiki_01706', 'wiki_01692', 'wiki_00483']",في عام 985,1,1,1,"مدعوم: نعم
مطابق: نعم",0
w171,A,P1,"['wiki_00475', 'wiki_02459', 'wiki_00490', 'wiki_02458', 'wiki_02465']",حي القيروانيين,1,1,1,"مدعوم: نعم
مطابق: نعم",0
w172,A,P1,"['wiki_02101', 'wiki_02104', 'wiki_01761', 'wiki_01996', 'wiki_02080']",أكتوبر 1955,1,1,1,"مدعوم: نعم
مطابق: نعم",0
w173,A,P1,"['wiki_02104', 'wiki_02101', 'wiki_02100', 'wiki_00605', 'wiki_00725']",16 نوفمبر 1955,1,1,1,"مدعوم: نعم
مطابق: نعم",0
w174,A,P1,"['wiki_02365', 'wiki_02760', 'wiki_02656', 'wiki_00904', 'wiki_02101']",القطارات، ومكاتب البريد، وثكنات الشرطة الاستعمارية، ومصالح المستوطنين الفرنسيين.,1,1,1,"مدعوم: نعم
مطابق: نعم",0
w175,A,P1,"['wiki_02101', 'wiki_00711', 'wiki_02462', 'wiki_01026', 'wiki_02948']",2 مارس 1956,1,1,1,"مدعوم: نعم
مطابق: نعم",0
w176,A,P1,"['wiki_00295', 'wiki_00281', 'wiki_00284', 'wiki_00282', 'wiki_00296']",المعلومة غير متوفرة في النصوص,0,1,1,"مدعوم: نعم
مطابق: نعم",1
w177,A,P1,"['wiki_00289', 'wiki_00300', 'wiki_00296', 'wiki_00281', 'wiki_00295']",منتزه NATIONAL إفران، البحيرات، المصادر، الشلالات، المجالات الغابوية، محطة ميشليفن للتزلج.,1,1,1,"مدعوم: نعم
مطابق: نعم",0
w178,A,P1,"['wiki_02081', 'wiki_02080', 'wiki_02220', 'wiki_00706', 'wiki_01278']",تم تأسيس مركز المغرب العربي للدراسات الاستراتيجية في عام 1994.,1,1,1,"مدعوم: نعم
مطابق: نعم",0
w179,A,P1,"['wiki_02792', 'wiki_02791', 'wiki_01289', 'wiki_02783', 'wiki_02798']",183,1,1,1,"مدعوم: نعم
مطابق: نعم",0
w180,A,P1,"['wiki_02792', 'wiki_02791', 'wiki_02825', 'wiki_02793', 'wiki_01380']",تتمركز معظم وحدات صناعة التجميد في جنوب المغرب بسبب تطوير صيد الرخويات والصيد السطحي.,1,1,1,"مدعوم: نعم
مطابق: نعم",0
w181,A,P1,"['wiki_02792', 'wiki_02791', 'wiki_02387', 'wiki_01022', 'wiki_01289']",حوالي 8300 طن في اليوم الواحد,1,1,1,"مدعوم: نعم
مطابق: نعم",0
w182,A,P1,"['wiki_02792', 'wiki_02793', 'wiki_00426', 'wiki_02786', 'wiki_02783']",الاتحاد الأوروبي,1,1,1,"مدعوم: نعم
مطابق: نعم",0
w183,A,P1,"['wiki_00269', 'wiki_00271', 'wiki_00270', 'wiki_01467', 'wiki_01670']",الإمبراطور كلوديوس,1,1,1,"مدعوم: نعم
مطابق: نعم",0
w184,A,P1,"['wiki_00270', 'wiki_01464', 'wiki_01466', 'wiki_01704', 'wiki_00180']",في كنف الإمبراطور أغسطس.,1,1,1,"مدعوم: نعم
مطابق: نعم",0
w185,A,P1,"['wiki_00270', 'wiki_01704', 'wiki_01466', 'wiki_01471', 'wiki_01703']",شرشال,1,1,1,"مدعوم: نعم
مطابق: نعم",0
w186,A,P1,"['wiki_01463', 'wiki_01466', 'wiki_01465', 'wiki_01473', 'wiki_01468']",كليوباترا سيليني الثانية,1,1,1,"مدعوم: نعم
مطابق: نعم",0
w187,A,P1,"['wiki_01463', 'wiki_01466', 'wiki_01471', 'wiki_01465', 'wiki_01744']",حكم بطليموس الموريطاني من 23 ميلادية حتى 40 ميلادية.,1,1,1,"مدعوم: نعم
مطابق: نعم",0
w188,A,P1,"['wiki_00051', 'wiki_02329', 'wiki_00539', 'wiki_01365', 'wiki_00402']",ساعتين و11 دقيقة و34 ثانية,1,1,1,"مدعوم: نعم
مطابق: نعم",0
w189,A,P1,"['wiki_00051', 'wiki_00058', 'wiki_00059', 'wiki_00041', 'wiki_00034']","جائزة ""قارئ العام للعالم العربي""",1,1,1,"مدعوم: نعم
مطابق: نعم",0
w190,A,P1,"['wiki_00670', 'wiki_01028', 'wiki_02776', 'wiki_00673', 'wiki_02545']",العالمان المتمايزان ومنفصلان انفصالا كليا.,1,1,1,"مدعوم: نعم
مطابق: نعم",0
w191,A,P1,"['wiki_00670', 'wiki_01027', 'wiki_01252', 'wiki_01656', 'wiki_01329']",بلاد السيبة وبلاد المخزن,1,1,1,"مدعوم: نعم
مطابق: نعم",0
w192,A,P1,"['wiki_01890', 'wiki_02712', 'wiki_01893', 'wiki_01808', 'wiki_01891']",تبعد تزنيت عن الرباط بـ690 كلم وعن أكادير بـ90 كلم.,1,1,1,"مدعوم: نعم
مطابق: نعم",0
w193,A,P1,"['wiki_01890', 'wiki_02712', 'wiki_01891', 'wiki_01899', 'wiki_01893']",تلقب تزنيت بعاصمة الفضة因为她以生产银首饰闻名。,1,1,1,"مدعوم: نعم
مطابق: نعم",0
w194,A,P1,"['wiki_01890', 'wiki_02712', 'wiki_01899', 'wiki_01893', 'wiki_01891']",اسم مدينة تزنيت يعتقد أنه نسبة لامرأة اسمها للا زنينية.,1,1,1,"مدعوم: نعم
مطابق: نعم",0
w195,A,P1,"['wiki_01411', 'wiki_01412', 'wiki_01413', 'wiki_00635', 'wiki_01874']",مهام الهيئة المغربية لسوق الرساميل تشمل حماية المدخرين والمستثمرين، مراقبة سير أسواق الرساميل، ضمان شفافية العمليات المالية، تنظيم المشاركين في السوق والأدوات المالية، تعزيز الثقافة المالية.,1,0,1,"مدعوم: لا
مطابق: نعم",0
w196,A,P1,"['wiki_01411', 'wiki_01412', 'wiki_01413', 'wiki_00635', 'wiki_01163']",ملك المغرب,1,1,1,"مدعوم: نعم
مطابق: نعم",0
w197,A,P1,"['wiki_00930', 'wiki_00685', 'wiki_01087', 'wiki_00923', 'wiki_01244']",سبعة,1,1,1,"مدعوم: نعم
مطابق: نعم",0
w198,A,P1,"['wiki_00930', 'wiki_01051', 'wiki_01449', 'wiki_01055', 'wiki_02093']",ست مرات,1,1,1,"مدعوم: نعم
مطابق: نعم",0
w199,A,P1,"['wiki_01000', 'wiki_00993', 'wiki_00994', 'wiki_00999', 'wiki_01006']",بسبب إعادة بناء مدينة الصويرة على النمط العصري وبناء ميناء جديد وقاعدة عسكرية بحرية من قبل السلطان العلوي محمد الثالث.,1,1,1,"مدعوم: نعم
مطابق: نعم",0
w200,A,P1,"['wiki_00698', 'wiki_02910', 'wiki_01724', 'wiki_02051', 'wiki_00696']","34,000 رجل",1,1,1,"مدعوم: نعم
مطابق: نعم",0
w001,B,P1,"['wiki_02359', 'wiki_01022', 'wiki_01214', 'wiki_00571', 'wiki_02655']",593168,1,1,1,"مدعوم: نعم
مطابق: نعم",0
w002,B,P1,"['wiki_00355', 'wiki_02359', 'wiki_00248', 'wiki_01364', 'wiki_01022']",طنجة,1,1,0,"مدعوم: نعم
مطابق: لا",0
w003,B,P1,"['wiki_01012', 'wiki_01011', 'wiki_01417', 'wiki_01297', 'wiki_01296']","نسبة الطاقات المتجددة فإنتاج الكهربا فالمغرب هي %19,6.",1,1,1,"مدعوم: نعم
مطابق: نعم",0
w004,B,P1,"['wiki_01012', 'wiki_01297', 'wiki_01021', 'wiki_01418', 'wiki_01020']","النسبة ديال الطاقة الريحية ارتفعت من 2,8% سنة 2010 لتصبح 8,1% سنة 2015.",1,1,1,"مدعوم: نعم
مطابق: نعم",0
w005,B,P1,"['wiki_01012', 'wiki_01217', 'wiki_02386', 'wiki_01420', 'wiki_01011']",المعلومة غير متوفرة في النصوص,1,1,1,"مدعوم: نعم
مطابق: نعم",1
w006,B,P1,"['wiki_00564', 'wiki_00563', 'wiki_00453', 'wiki_00291', 'chunk_011']",وصل معدل البطالة على الصعيد الوطني فالفصل الثاني ديال 2025 عند 12.8%.,1,1,1,"مدعوم: نعم
مطابق: نعم",0
w007,B,P1,"['wiki_00564', 'wiki_01369', 'wiki_00290', 'wiki_01408', 'wiki_00417']",شكيب بنموسى,1,1,1,"مدعوم: نعم
مطابق: نعم",0
w008,B,P1,"['wiki_00564', 'wiki_00563', 'wiki_00453', 'wiki_00291', 'chunk_011']",المعدل انتقل من 10.5% إلى 21.4% بالوسط القروي.,1,1,1,"مدعوم: نعم
مطابق: نعم",0
w009,B,P1,"['wiki_02608', 'wiki_02609', 'wiki_02610', 'wiki_00433', 'wiki_01173']",المعلومة غير متوفرة في النصوص,1,1,0,"مدعوم: نعم
مطابق: لا",1
w010,B,P1,"['wiki_02608', 'wiki_02609', 'wiki_00578', 'wiki_01361', 'wiki_02607']",استقر عجز الميزانية عند 3.5% من إجمالي الناتج المحلي في 2017.,1,1,0,"مدعوم: نعم
مطابق: لا",0
w011,B,P1,"['wiki_00564', 'wiki_02608', 'wiki_00563', 'wiki_00453', 'wiki_02610']",المعلومة غير متوفرة في النصوص,1,0,0,"مدعوم: لا
مطابق: لا",1
w012,B,P1,"['wiki_02230', 'wiki_02227', 'wiki_02231', 'wiki_02228', 'wiki_02229']",فاتح أبريل 1998,1,1,1,"مدعوم: نعم
مطابق: نعم",0
w013,B,P1,"['wiki_02230', 'wiki_02227', 'wiki_02228', 'wiki_02224', 'wiki_01486']",غاية 31 دجنبر 2011,1,1,1,"مدعوم: نعم
مطابق: نعم",0
w014,B,P1,"['wiki_02646', 'wiki_02693', 'wiki_00564', 'wiki_01294', 'wiki_00048']",المعلومة غير متوفرة في النصوص,0,0,0,"مدعوم: لا
مطابق: لا",1
w015,B,P1,"['wiki_02691', 'wiki_00564', 'wiki_01654', 'wiki_01378', 'wiki_02386']","تطور معدل التمدن في المغرب من 29% سنة 1960 إلى 62,8% سنة 2024.",1,1,1,"مدعوم: نعم
مطابق: نعم",0
w016,B,P1,"['wiki_00564', 'wiki_02194', 'wiki_02691', 'wiki_01572', 'wiki_00291']",المعلومة غير متوفرة في النصوص,1,1,1,"مدعوم: نعم
مطابق: نعم",1
w017,B,P1,"['wiki_01011', 'wiki_01012', 'wiki_01297', 'wiki_01018', 'wiki_01020']","نسبة الطاقات الأحفورية من استهلاك الطاقة الأولية في 2015 هي %88,8.",1,1,1,"مدعوم: نعم
مطابق: نعم",0
w018,B,P1,"['wiki_01011', 'wiki_01379', 'wiki_00443', 'wiki_02387', 'wiki_01020']",المعلومة غير متوفرة في النصوص,1,1,1,"مدعوم: نعم
مطابق: نعم",1
w019,B,P1,"['wiki_00436', 'wiki_00569', 'wiki_00426', 'wiki_01110', 'wiki_01106']",15%,1,1,1,"مدعوم: نعم
مطابق: نعم",0
w020,B,P1,"['wiki_00568', 'wiki_00448', 'wiki_00436', 'wiki_00444', 'wiki_00578']",المواد الطاقية ومواد التجهيز.,1,1,0,"مدعوم: نعم
مطابق: لا",0
w021,B,P1,"['wiki_01430', 'wiki_01654', 'wiki_00436', 'wiki_00435', 'wiki_00444']",55.8 %,1,1,1,"مدعوم: نعم
مطابق: نعم",0
w022,B,P1,"['wiki_00933', 'wiki_02057', 'wiki_01430', 'wiki_00651', 'wiki_00988']",المعلومة غير متوفرة في النصوص,1,1,0,"مدعوم: نعم
مطابق: لا",1
w023,B,P1,"['wiki_00350', 'wiki_00572', 'wiki_00575', 'wiki_01071', 'wiki_00574']",15 يونيو 2004,1,1,0,"مدعوم: نعم
مطابق: لا",0
w024,B,P1,"['wiki_00574', 'wiki_00569', 'wiki_01284', 'wiki_00959', 'wiki_00575']",بشحال زادو صادرات المغرب ديال النسيج لأمريكا فـ2006؟ نسبة %122,1,1,1,"مدعوم: نعم
مطابق: نعم",0
w025,B,P1,"['wiki_00574', 'wiki_01373', 'wiki_01248', 'wiki_01650', 'wiki_01269']",المعلومة غير متوفرة في النصوص,1,1,1,"مدعوم: نعم
مطابق: نعم",1
w026,B,P1,"['wiki_00689', 'wiki_00682', 'wiki_01770', 'wiki_01297', 'wiki_00690']",سنة 2025,1,1,1,"مدعوم: نعم
مطابق: نعم",0
w027,B,P1,"['wiki_01021', 'wiki_01012', 'wiki_01011', 'wiki_01013', 'wiki_01297']","86,4%",1,0,0,"مدعوم: لا
مطابق: لا",0
w028,B,P1,"['wiki_02790', 'wiki_02789', 'wiki_01372', 'wiki_02794', 'wiki_02362']",طنجة وأكادير والعيون,1,1,1,"مدعوم: نعم
مطابق: نعم",0
w029,B,P1,"['wiki_02790', 'wiki_02783', 'wiki_01289', 'wiki_00359', 'wiki_01174']",ساهم مخطط أليوتيس بشكل ملحوظ في تحديث قطاع الصيد البحري، حيث إنتقل الناتج الداخلي الخام لقطاع الصيد البحري بين سنتي 2007 و 2015 من 8.3 إلى 15 مليار درهم.,1,1,1,"مدعوم: نعم
مطابق: نعم",0
w030,B,P1,"['wiki_02790', 'wiki_01289', 'wiki_02791', 'wiki_02794', 'wiki_02795']","1,46 مليون طن",1,1,1,"مدعوم: نعم
مطابق: نعم",0
w031,B,P1,"['wiki_01281', 'wiki_00445', 'wiki_00291', 'wiki_00428', 'wiki_02608']",56.5%,1,1,1,"مدعوم: نعم
مطابق: نعم",0
w032,B,P1,"['wiki_01281', 'wiki_02609', 'wiki_01651', 'wiki_01359', 'wiki_00564']",المتوسط 3.750 دولار أمريكي للفرد,1,1,1,"مدعوم: نعم
مطابق: نعم",0
w033,B,P1,"['wiki_01281', 'wiki_01284', 'wiki_00563', 'wiki_00419', 'wiki_00413']",المغرب يحتل المرتبة 107 في إنتاجية القوى العاملة حسب تقرير منظمة العمل الدولية لسنة 2023.,1,1,1,"مدعوم: نعم
مطابق: نعم",0
w034,B,P1,"['wiki_02387', 'wiki_01379', 'wiki_01020', 'wiki_01021', 'wiki_01297']",وصل إنتاج الطاقة الكهرمائية فـ2004 إلى 2700 مليون كيلواط.,1,1,1,"مدعوم: نعم
مطابق: نعم",0
w035,B,P1,"['wiki_02386', 'wiki_01379', 'wiki_01378', 'wiki_02411', 'wiki_00633']",حصة المدارات المسقية فالناتج المحلي الخام بين 7% و10% حسب الحالة المائية للسنة.,1,1,1,"مدعوم: نعم
مطابق: نعم",0
w036,B,P1,"['wiki_01742', 'wiki_01287', 'wiki_02384', 'wiki_00438', 'wiki_01098']",المغرب يستورد 40% حتى 60% من حاجياته من الحبوب حسب الحالة المناخية.,0,1,1,"مدعوم: نعم
مطابق: نعم",0
w037,B,P1,"['wiki_01216', 'wiki_00632', 'chunk_007', 'wiki_00438', 'wiki_01215']",نحو 34% من مجموع القوى العاملة في المغرب.,0,1,0,"مدعوم: نعم
مطابق: لا",0
w038,B,P1,"['wiki_02635', 'wiki_02645', 'wiki_02646', 'wiki_02644', 'wiki_02643']",وصل عدد سكان عين بني مطهر سنة 2014 إلى 16289 نسمة.,1,1,1,"مدعوم: نعم
مطابق: نعم",0
w039,B,P1,"['wiki_02646', 'wiki_02635', 'wiki_02642', 'wiki_02643', 'wiki_02644']",في سنة 1995,1,1,1,"مدعوم: نعم
مطابق: نعم",0
w040,B,P1,"['wiki_00814', 'wiki_02649', 'wiki_00813', 'wiki_00811', 'wiki_02333']",عدد المدارس الابتدائية كانت 435 مدرسة فالموسم الدراسي 2008/2009 فالدار البيضاء.,1,1,1,"مدعوم: نعم
مطابق: نعم",0
w041,B,P1,"['wiki_01106', 'wiki_00441', 'wiki_00444', 'wiki_01110', 'wiki_00436']",المعلومة غير متوفرة في النصوص,1,1,1,"مدعوم: نعم
مطابق: نعم",1
w042,B,P1,"['wiki_00441', 'wiki_01425', 'wiki_01426', 'wiki_01108', 'wiki_01110']",المعلومة غير متوفرة في النصوص,0,0,0,"مدعوم: لا
مطابق: لا",1
w043,B,P1,"['wiki_02193', 'wiki_02194', 'wiki_02187', 'wiki_02188', 'wiki_02189']","وصل عدد سكان جماعة خنيفرة فـ2024 إلى 242,376 نسمة.",1,0,0,"مدعوم: لا
مطابق: لا",0
w044,B,P1,"['wiki_02194', 'wiki_02193', 'wiki_02197', 'wiki_02202', 'wiki_02188']",المعلومة غير متوفرة في النصوص,1,1,1,"مدعوم: نعم
مطابق: نعم",1
w045,B,P1,"['wiki_01074', 'wiki_01070', 'wiki_01077', 'wiki_00959', 'wiki_00356']",لتشجيع الاستثمارات والصادرات، والمساهمة في تمويل مشروع طرامواي الرباط - سلا,1,1,1,"مدعوم: نعم
مطابق: نعم",0
w046,B,P1,"['wiki_01662', 'wiki_01663', 'wiki_01743', 'wiki_01248', 'wiki_00982']",عدد الجماعات فالمغرب فـ2009 بلغ 1503 جماعة.,1,1,1,"مدعوم: نعم
مطابق: نعم",0
w047,B,P1,"['wiki_02386', 'wiki_01378', 'wiki_01248', 'wiki_02411', 'wiki_02367']",المعلومة غير متوفرة في النصوص,1,1,0,"مدعوم: نعم
مطابق: لا",1
w048,B,P1,"['wiki_01378', 'wiki_02386', 'wiki_02824', 'wiki_02385', 'wiki_00633']",تساهم في 75% من الصادرات الفلاحية.,1,1,1,"مدعوم: نعم
مطابق: نعم",0
w049,B,P1,"['wiki_02226', 'wiki_02225', 'wiki_02227', 'wiki_02609', 'wiki_01486']","من ±0,3٪ إلى ±2,5٪",1,1,1,"مدعوم: نعم
مطابق: نعم",0
w050,B,P1,"['wiki_00806', 'wiki_00416', 'wiki_02609', 'wiki_00535', 'wiki_02610']",خفض الدين العام إلى 60% من إجمالي الناتج المحلي بحلول عام 2021.,1,1,1,"مدعوم: نعم
مطابق: نعم",0
w051,B,P1,"['wiki_01040', 'wiki_01981', 'wiki_01035', 'wiki_01983', 'wiki_01043']",ثمانية وعشرين سنة,1,1,1,"مدعوم: نعم
مطابق: نعم",0
w052,B,P1,"['wiki_01040', 'wiki_01684', 'wiki_01505', 'wiki_00620', 'wiki_02278']",19 ماي 1881م,1,1,1,"مدعوم: نعم
مطابق: نعم",0
w053,B,P1,"['wiki_02950', 'wiki_02956', 'wiki_02953', 'wiki_02954', 'wiki_02952']",المعلومة غير متوفرة في النصوص,0,0,0,"مدعوم: لا
مطابق: لا",1
w054,B,P1,"['wiki_02950', 'wiki_02954', 'wiki_02953', 'wiki_00972', 'wiki_02956']",المعلومة غير متوفرة في النصوص,0,0,0,"مدعوم: لا
مطابق: لا",1
w055,B,P1,"['wiki_00949', 'wiki_00200', 'wiki_00936', 'wiki_02497', 'wiki_00948']",المواقع ديال النقوش الصخرية كاينة فإقليم السمارة كاينش فالموقع اللي بعيان عليه شجرة ميرات، الفارسية، حوزة، واد ميران، واد وين سلوان، العصلي بوكراش.,1,0,0,"مدعوم: لا
مطابق: لا",0
w056,B,P1,"['wiki_00949', 'wiki_02671', 'wiki_00948', 'wiki_00939', 'wiki_00936']",ترجع النقوش الصخرية إلى 4000-ق-م 8000-ق.م,1,1,1,"مدعوم: نعم
مطابق: نعم",0
w057,B,P1,"['wiki_02594', 'wiki_02596', 'wiki_02597', 'wiki_02595', 'wiki_00043']",سعيد العلام,1,1,1,"مدعوم: نعم
مطابق: نعم",0
w058,B,P1,"['wiki_02594', 'wiki_02596', 'wiki_02597', 'wiki_00059', 'wiki_02595']",المعلومة غير متوفرة في النصوص,1,1,1,"مدعوم: نعم
مطابق: نعم",1
w059,B,P1,"['wiki_01477', 'wiki_01476', 'wiki_00366', 'wiki_01267', 'wiki_01155']",البوليساريو اقترحت أن يشارك فقط الصحراويين الذين تم إحصاؤهم من طرف الإدارة الإسبانية عام 1974م.,1,1,1,"مدعوم: نعم
مطابق: نعم",0
w060,B,P1,"['wiki_01477', 'wiki_01266', 'wiki_00352', 'wiki_00301', 'wiki_01659']",المعلومة غير متوفرة في النصوص,1,1,1,"مدعوم: نعم
مطابق: نعم",1
w061,B,P1,"['wiki_02133', 'wiki_00651', 'wiki_00652', 'wiki_02130', 'wiki_02132']",13 مايو 1801,1,1,1,"مدعوم: نعم
مطابق: نعم",0
w062,B,P1,"['wiki_02129', 'wiki_00651', 'wiki_00136', 'wiki_02130', 'wiki_00652']",توماس جيفرسون,1,1,1,"مدعوم: نعم
مطابق: نعم",0
w063,B,P1,"['wiki_00873', 'wiki_00879', 'wiki_00871', 'wiki_00878', 'wiki_00872']",الصناعة التقليدية اللي مشهورة في مركز الريش هي زربية وجلباب.,1,1,1,"مدعوم: نعم
مطابق: نعم",0
w064,B,P1,"['wiki_00879', 'wiki_00873', 'wiki_00871', 'wiki_00878', 'wiki_00874']",صناعة الفخار، الدباغة، صياغة الحلي.,1,1,1,"مدعوم: نعم
مطابق: نعم",0
w065,B,P1,"['wiki_00622', 'wiki_02899', 'wiki_01062', 'wiki_00193', 'wiki_01790']",عاشو الأمازيغ ديال الأطلس المتوسط في جماعات منعزلة ومغلقة، بدون علاقات واضحة مع القبائل المجاورة.,1,1,1,"مدعوم: نعم
مطابق: نعم",0
w066,B,P1,"['wiki_00622', 'wiki_01061', 'wiki_00237', 'wiki_01714', 'wiki_02180']",المعلومة غير متوفرة في النصوص,1,1,0,"مدعوم: نعم
مطابق: لا",1
w067,B,P1,"['wiki_00872', 'wiki_00879', 'wiki_02825', 'wiki_02955', 'wiki_00343']",1600طن,1,1,1,"مدعوم: نعم
مطابق: نعم",0
w068,B,P1,"['wiki_00872', 'wiki_00879', 'wiki_00878', 'wiki_00868', 'wiki_00875']",مدينة مكناس,1,1,1,"مدعوم: نعم
مطابق: نعم",0
w069,B,P1,"['wiki_00797', 'wiki_01254', 'wiki_01253', 'wiki_00645', 'wiki_02204']",المعلومة غير متوفرة في النصوص,0,0,0,"مدعوم: لا
مطابق: لا",1
w070,B,P1,"['wiki_01791', 'wiki_01796', 'wiki_02002', 'wiki_00883', 'wiki_01792']",سنة 1614,0,0,0,"مدعوم: لا
مطابق: لا",0
w071,B,P1,"['wiki_01791', 'wiki_01796', 'wiki_01510', 'wiki_01795', 'wiki_01797']",1500 جندي,1,1,1,"مدعوم: نعم
مطابق: نعم",0
w072,B,P1,"['wiki_01795', 'wiki_01794', 'wiki_01677', 'wiki_00685', 'wiki_00845']",1614 - 1681,1,1,1,"مدعوم: نعم
مطابق: نعم",0
w073,B,P1,"['wiki_02019', 'wiki_01953', 'wiki_02017', 'wiki_01897', 'wiki_02837']",يولوز – غشت 1947,1,0,1,"مدعوم: لا
مطابق: نعم",0
w074,B,P1,"['wiki_02015', 'wiki_02016', 'wiki_02017', 'wiki_02020', 'wiki_01148']",المعلومة غير متوفرة في النصوص,0,0,0,"مدعوم: لا
مطابق: لا",1
w075,B,P1,"['wiki_01101', 'wiki_01103', 'wiki_02130', 'wiki_00920', 'wiki_01965']",تنتشر السلالة ديال البقر والماس زعير في كل من منطقة الرماني وزمور وزعير وقبائل زيان خاصة في منطقة مريرت.,1,1,1,"مدعوم: نعم
مطابق: نعم",0
w076,B,P1,"['wiki_01101', 'wiki_02812', 'wiki_00920', 'wiki_02867', 'wiki_00784']",سنة 1981,1,1,1,"مدعوم: نعم
مطابق: نعم",0
w077,B,P1,"['wiki_01101', 'wiki_01103', 'wiki_00263', 'wiki_01102', 'wiki_01099']",سلالة مكناس,1,1,1,"مدعوم: نعم
مطابق: نعم",0
w078,B,P1,"['wiki_00645', 'wiki_00643', 'wiki_00646', 'wiki_00647', 'wiki_00644']",مدينة الحاجب كاينة على ارتفاع 1200 متر فوق سطح البحر.,1,1,1,"مدعوم: نعم
مطابق: نعم",0
w079,B,P1,"['wiki_00643', 'wiki_00645', 'wiki_00646', 'wiki_00644', 'wiki_00647']",تبعد مدينة الحاجب عن مدينة مكناس بمسافة 32 كلم.,1,1,1,"مدعوم: نعم
مطابق: نعم",0
w080,B,P1,"['wiki_00643', 'wiki_00645', 'wiki_00646', 'wiki_00647', 'wiki_00767']",المغارة التي تشبه وجه الأسد,1,1,1,"مدعوم: نعم
مطابق: نعم",0
w081,B,P1,"['wiki_01214', 'wiki_01216', 'wiki_01215', 'wiki_01104', 'wiki_01217']",ثلاثة نهارات مخصصة للمحترفين، وثلاثة أخرى مفتوحة لعامة الناس.,1,1,1,"مدعوم: نعم
مطابق: نعم",0
w082,B,P1,"['wiki_01214', 'wiki_01216', 'wiki_01215', 'wiki_01104', 'wiki_01217']",الأيام الثلاثة الأولى مخصصة للمحترفين، والأيام الثلاثة الأخرى مفتوحة لعامة الناس.,1,1,1,"مدعوم: نعم
مطابق: نعم",0
w083,B,P1,"['wiki_01214', 'wiki_01216', 'wiki_01215', 'wiki_01104', 'wiki_01217']","مساحة المعرض الدولي للفلاحة بالمغرب تقدر بـ 370,000 m2.",1,1,1,"مدعوم: نعم
مطابق: نعم",0
w084,B,P1,"['wiki_02294', 'wiki_02926', 'wiki_00632', 'wiki_00457', 'wiki_02924']",قطاع تربية الماشية,0,0,0,"مدعوم: لا
مطابق: لا",0
w085,B,P1,"['wiki_02924', 'wiki_02926', 'wiki_02927', 'wiki_01942', 'wiki_01941']",المشاكل اللي كتعاني منها مدينة مرزوكة هي غياب الأساتذة ومرافق التعليم المهمشة وعدم وجود مدارس إعدادية أو ثانوية، وقلة التوعية من طرف الجهات المسؤولة، ومشكل استنزاف الفرشة المائية، وتدهور الغابات، وقلة الخصوبة، وتجريد المراعي، وجفاف الخطارات، ومش,0,0,0,"مدعوم: لا
مطابق: لا",0
w086,B,P1,"['wiki_01372', 'wiki_01373', 'wiki_00350', 'wiki_00572', 'wiki_01071']",فتحت المنطقة الحرة الأطلسية سنة 2012.,1,1,1,"مدعوم: نعم
مطابق: نعم",0
w087,B,P1,"['wiki_01372', 'wiki_00424', 'wiki_00796', 'wiki_00795', 'wiki_00778']",المعلومة غير متوفرة في النصوص,1,1,0,"مدعوم: نعم
مطابق: لا",1
w088,B,P1,"['wiki_01372', 'wiki_01373', 'wiki_00707', 'wiki_00145', 'wiki_00439']",مساحة المنطقة الحرة الأطلسية تقارب 500 هكتار.,1,1,1,"مدعوم: نعم
مطابق: نعم",0
w089,B,P1,"['wiki_01161', 'wiki_01162', 'wiki_01163', 'wiki_00455', 'wiki_02173']",الجامعة تحدثت اللجنة الوطنية لمناخ الأعمال سنة 2009، ويرأسها رئيس الحكومة.,1,1,1,"مدعوم: نعم
مطابق: نعم",0
w090,B,P1,"['wiki_01161', 'wiki_01162', 'wiki_01163', 'wiki_00455', 'wiki_01408']",الcommittee's objective is to improve the business environment and investment climate through legal and regulatory framework simplification and coordination with public and private sectors.,1,1,1,"مدعوم: نعم
مطابق: نعم",0
w091,B,P1,"['wiki_01768', 'wiki_00904', 'wiki_01715', 'wiki_01785', 'wiki_01267']",المعلومة غير متوفرة في النصوص,1,1,1,"مدعوم: نعم
مطابق: نعم",1
w092,B,P1,"['wiki_02187', 'wiki_00904', 'wiki_02700', 'wiki_00196', 'wiki_02702']",مراكش,1,1,1,"مدعوم: نعم
مطابق: نعم",0
w093,B,P1,"['wiki_00323', 'wiki_00324', 'wiki_00325', 'wiki_01660', 'wiki_01658']",منذ 1960.,1,1,1,"مدعوم: نعم
مطابق: نعم",0
w094,B,P1,"['wiki_00324', 'wiki_00930', 'wiki_00325', 'wiki_01328', 'wiki_01276']",نهر السنغال,1,1,1,"مدعوم: نعم
مطابق: نعم",0
w095,B,P1,"['wiki_02031', 'wiki_02675', 'wiki_02037', 'wiki_00901', 'wiki_02456']",2 كم,1,1,1,"مدعوم: نعم
مطابق: نعم",0
w096,B,P1,"['wiki_00650', 'wiki_00649', 'wiki_02385', 'wiki_01378', 'wiki_01105']",مرسوم رقم 2.24.1122,1,1,1,"مدعوم: نعم
مطابق: نعم",0
w097,B,P1,"['wiki_00650', 'wiki_00373', 'wiki_02973', 'wiki_00649', 'wiki_01489']",نص [1],1,1,1,"مدعوم: نعم
مطابق: نعم",0
w098,B,P1,"['wiki_01204', 'wiki_00474', 'wiki_01203', 'wiki_00487', 'wiki_01736']",المدرسة البوعنانية تبنت في عامي 1350م و1355م.,1,0,0,"مدعوم: لا
مطابق: لا",0
w099,B,P1,"['wiki_01204', 'wiki_01203', 'wiki_01453', 'wiki_01205', 'wiki_01613']",باب بوجلود هو المدخل الرئيسي ديال فاس البالي.,1,1,1,"مدعوم: نعم
مطابق: نعم",0
w100,B,P1,"['wiki_01367', 'wiki_01366', 'wiki_00226', 'wiki_00942', 'wiki_00613']",المعلومة غير متوفرة في النصوص,1,1,1,"مدعوم: نعم
مطابق: نعم",1
w101,B,P1,"['wiki_02635', 'wiki_02640', 'wiki_02644', 'wiki_02645', 'wiki_02641']",المعلومة غير متوفرة في النصوص,1,1,1,"مدعوم: نعم
مطابق: نعم",1
w102,B,P1,"['wiki_02640', 'wiki_02635', 'wiki_02644', 'wiki_02642', 'wiki_02639']",تفوق 39.6,1,1,1,"مدعوم: نعم
مطابق: نعم",0
w103,B,P1,"['wiki_02643', 'wiki_02644', 'wiki_02635', 'wiki_02642', 'wiki_02640']",أبرز الوديان ديال عين بني مطهر هوما واد الشارف، واد تبودة، وادي مسخسخة، وادي وزين.,1,1,1,"مدعوم: نعم
مطابق: نعم",0
w104,B,P1,"['wiki_00431', 'wiki_01650', 'wiki_00427', 'wiki_00430', 'wiki_01408']",نموذج اقتصادي مختلط تداخل فيه النزعة الليبرالية مع الاقتصاد الموجه,1,1,1,"مدعوم: نعم
مطابق: نعم",0
w105,B,P1,"['wiki_00431', 'wiki_00461', 'wiki_00430', 'wiki_02725', 'wiki_01650']",أولى الأوراش الاقتصادية ديال أولى الحكومات المغربية من بعد الاستقلال تخص إرساء الاستقلالية الاقتصادية، لدولة خارجة للتو من الاستعمار.,1,1,1,"مدعوم: نعم
مطابق: نعم",0
w106,B,P1,"['wiki_00565', 'wiki_01491', 'wiki_01490', 'wiki_02224', 'wiki_01486']",تأسس البنك المخزني المغربي سنة 1907 في طنجة شمال المغرب.,1,1,1,"مدعوم: نعم
مطابق: نعم",0
w107,B,P1,"['wiki_00565', 'wiki_01489', 'wiki_01486', 'wiki_01490', 'wiki_01488']",1959,1,1,1,"مدعوم: نعم
مطابق: نعم",0
w108,B,P1,"['wiki_02856', 'wiki_00716', 'wiki_00717', 'wiki_00719', 'wiki_00692']",الأزمة المغربية الأولى عام 1905 بين فرنسا وألمانيا.,0,1,0,"مدعوم: نعم
مطابق: لا",0
w109,B,P1,"['wiki_00738', 'wiki_00734', 'wiki_00737', 'wiki_00732', 'wiki_02252']",أحمد بن المهدي الغزال,1,1,1,"مدعوم: نعم
مطابق: نعم",0
w110,B,P1,"['wiki_00738', 'wiki_00694', 'wiki_01685', 'wiki_02086', 'wiki_02906']",المعلومة غير متوفرة في النصوص,1,1,1,"مدعوم: نعم
مطابق: نعم",1
w111,B,P1,"['wiki_02472', 'wiki_00139', 'wiki_00114', 'wiki_02730', 'wiki_00070']",المعلومة غير متوفرة في النصوص,1,1,1,"مدعوم: نعم
مطابق: نعم",1
w112,B,P1,"['wiki_02476', 'wiki_02473', 'wiki_02472', 'wiki_02479', 'wiki_02471']",كانوا ساكنين في الكهوف والمغارات.,1,1,1,"مدعوم: نعم
مطابق: نعم",0
w113,B,P1,"['wiki_02472', 'wiki_02471', 'wiki_02479', 'wiki_02480', 'wiki_02481']",بلدة البهاليل,1,1,1,"مدعوم: نعم
مطابق: نعم",0
w114,B,P1,"['wiki_01117', 'wiki_01135', 'wiki_01120', 'wiki_01113', 'wiki_01133']",بعد 35 كلم,1,1,0,"مدعوم: نعم
مطابق: لا",0
w115,B,P1,"['wiki_01117', 'wiki_01123', 'wiki_01118', 'wiki_00079', 'wiki_01133']",مسجد، وحمام، ومركز تجاري.,1,1,1,"مدعوم: نعم
مطابق: نعم",0
w116,B,P1,"['wiki_01117', 'wiki_00152', 'wiki_01118', 'wiki_01330', 'wiki_00626']",استولى الجيش البرتغالي على القصر الصغير في يوم 23 أكتوبر 1458م وقادة الحملة كان الملك ألفونس الخامس.,1,1,1,"مدعوم: نعم
مطابق: نعم",0
w117,B,P1,"['wiki_00050', 'wiki_00183', 'wiki_00029', 'wiki_02220', 'wiki_01242']",ألبرت حوراني,1,1,1,"مدعوم: نعم
مطابق: نعم",0
w118,B,P1,"['wiki_01242', 'wiki_01243', 'wiki_00641', 'wiki_01228', 'wiki_02180']",المحامِك والوزارات والجيش,1,1,1,"مدعوم: نعم
مطابق: نعم",0
w119,B,P1,"['wiki_02765', 'wiki_02684', 'wiki_01894', 'wiki_02455', 'wiki_02685']",مساحتها الإجمالية 6704م² وعدد أبراجها 5,1,1,1,"مدعوم: نعم
مطابق: نعم",0
w120,B,P1,"['wiki_02712', 'wiki_01890', 'wiki_01899', 'wiki_01894', 'wiki_01892']",تنسب إلى القائد الحاحي محمد أغناج.,1,0,0,"مدعوم: لا
مطابق: لا",0
w121,B,P1,"['wiki_02269', 'wiki_02268', 'wiki_01458', 'wiki_00141', 'wiki_02905']",نعم، كانت معروفة أوعبيد الله في العصر المريني.,1,1,1,"مدعوم: نعم
مطابق: نعم",0
w122,B,P1,"['wiki_02787', 'wiki_00626', 'wiki_02786', 'wiki_00139', 'wiki_00625']",وفرة سمك الشابل والتون في أزمور والإقبال الأوروبي على شرائه كان سبباً مباشراً في استعجال احتلالها من طرف البرتغاليين.,1,1,1,"مدعوم: نعم
مطابق: نعم",0
w123,B,P1,"['wiki_02787', 'wiki_01867', 'wiki_00161', 'wiki_00159', 'wiki_00305']",سنة 1476,1,1,1,"مدعوم: نعم
مطابق: نعم",0
w124,B,P1,"['wiki_02319', 'wiki_02324', 'wiki_02321', 'wiki_02320', 'wiki_02322']",لقب عاصمة الشاوية,1,1,1,"مدعوم: نعم
مطابق: نعم",0
w125,B,P1,"['wiki_02319', 'wiki_02429', 'wiki_00796', 'wiki_02324', 'wiki_02323']",حوالي 83 كم,1,1,1,"مدعوم: نعم
مطابق: نعم",0
w126,B,P1,"['wiki_02319', 'wiki_02320', 'wiki_02323', 'wiki_02324', 'wiki_02321']",الرمز ديال مدينة سطات هو الحصان.,1,1,1,"مدعوم: نعم
مطابق: نعم",0
w127,B,P1,"['wiki_02319', 'wiki_02429', 'wiki_00218', 'wiki_02323', 'wiki_01253']",altura سطات على سطح البحر تبلغ 370 مترا.,1,1,1,"مدعوم: نعم
مطابق: نعم",0
w128,B,P1,"['wiki_02445', 'wiki_00186', 'wiki_02444', 'wiki_00187', 'wiki_01749']",البياض شعار الموحدين.,1,1,1,"مدعوم: نعم
مطابق: نعم",0
w129,B,P1,"['wiki_00186', 'wiki_02235', 'wiki_01747', 'wiki_02238', 'wiki_02574']",المعلومة غير متوفرة في النصوص,0,1,1,"مدعوم: نعم
مطابق: نعم",1
w130,B,P1,"['wiki_01860', 'wiki_01857', 'wiki_01861', 'wiki_01828', 'wiki_01849']",منتصب جهتي الشمال والغرب من السلاسل الجبلية المنتصبة.,1,1,1,"مدعوم: نعم
مطابق: نعم",0
w131,B,P1,"['wiki_01845', 'wiki_01849', 'wiki_01847', 'wiki_01855', 'wiki_01853']",المعيشة ديالهم تعتمد على مهاجريهم بالخارج.,0,0,0,"مدعوم: لا
مطابق: لا",0
w132,B,P1,"['wiki_02297', 'wiki_02303', 'wiki_01812', 'wiki_02307', 'wiki_02304']",وسط واحة كبيرة جنوب الأطلس الكبير.,1,1,1,"مدعوم: نعم
مطابق: نعم",0
w133,B,P1,"['wiki_02297', 'wiki_01730', 'wiki_01734', 'wiki_02700', 'wiki_01705']",المعلومة غير متوفرة في النصوص,1,1,1,"مدعوم: نعم
مطابق: نعم",1
w134,B,P1,"['wiki_02297', 'wiki_02299', 'wiki_02304', 'wiki_02302', 'wiki_02307']",سجلماسة تبنات سنة 140 هـ/757م وشكون لي بناها عيسى بن يزيد الأسود.,1,1,1,"مدعوم: نعم
مطابق: نعم",0
w135,B,P1,"['wiki_01432', 'wiki_01653', 'wiki_01144', 'wiki_01199', 'wiki_00492']",من 17% إلى 19%.,1,1,1,"مدعوم: نعم
مطابق: نعم",0
w136,B,P1,"['chunk_030', 'wiki_01432', 'wiki_02330', 'wiki_02331', 'wiki_01429']",المعلومة غير متوفرة في النصوص,1,1,0,"مدعوم: نعم
مطابق: لا",1
w137,B,P1,"['wiki_02057', 'wiki_01432', 'wiki_02252', 'wiki_02588', 'wiki_01524']",100 درهم,1,1,1,"مدعوم: نعم
مطابق: نعم",0
w138,B,P1,"['wiki_02057', 'wiki_02055', 'wiki_02039', 'wiki_02047', 'wiki_02053']",مصادر الدخل اللي اعتمدات عليهم جمهورية الريف هي: ضرائب على شكل نقود أو محاصيل، مداخيل الزكاة على شكل نقود أو محاصيل زراعية، غرامات، تبرعات السكان والقبائل، وفداء الأسرى.,1,1,1,"مدعوم: نعم
مطابق: نعم",0
w139,B,P1,"['wiki_02057', 'wiki_01509', 'wiki_01919', 'wiki_01524', 'wiki_01684']",20 ألف بيزيتا سنويا,1,1,1,"مدعوم: نعم
مطابق: نعم",0
w140,B,P1,"['wiki_02057', 'wiki_02050', 'wiki_02043', 'wiki_02055', 'wiki_01443']",سياسة سحب الأراضي الزراعية من من يعجز أو يتهاون في زرعها.,1,1,1,"مدعوم: نعم
مطابق: نعم",0
w141,B,P1,"['wiki_00062', 'wiki_00048', 'wiki_00055', 'wiki_00038', 'wiki_01263']",عزيز أخنوش,1,1,1,"مدعوم: نعم
مطابق: نعم",0
w142,B,P1,"['wiki_00526', 'wiki_00048', 'wiki_00038', 'wiki_00055', 'wiki_00747']",المعلومة غير متوفرة في النصوص,1,0,0,"مدعوم: لا
مطابق: لا",1
w143,B,P1,"['wiki_02467', 'wiki_02466', 'wiki_01091', 'wiki_00920', 'wiki_02738']",المعلومة غير متوفرة في النصوص,1,1,1,"مدعوم: نعم
مطابق: نعم",1
w144,B,P1,"['wiki_02467', 'wiki_02466', 'wiki_02468', 'wiki_01115', 'wiki_02918']",مدينة نفيس,1,1,1,"مدعوم: نعم
مطابق: نعم",0
w145,B,P1,"['wiki_00604', 'wiki_00610', 'wiki_00614', 'wiki_00600', 'wiki_00606']",توفى باش مراكش التهامي الكلاوي يوم الاثنين من سنة 1956م على الساعة الواحدة بعد الظهر، ودُفن صباح الثلاثاء بضريح ابن سليمان الجزولي. من بعد وفاته، حضر جنازته وفد من الحكومة المغربية برئاسة الوزير لحسن اليوسي مبعوث الملك محمد الخامس.,0,0,0,"مدعوم: لا
مطابق: لا",0
w146,B,P1,"['wiki_00604', 'wiki_00602', 'wiki_00600', 'wiki_00611', 'wiki_00609']",خمسة عشر سنة,1,1,1,"مدعوم: نعم
مطابق: نعم",0
w147,B,P1,"['wiki_02939', 'wiki_00105', 'wiki_02940', 'wiki_00294', 'wiki_02941']",25 يوليوز 2024,1,1,1,"مدعوم: نعم
مطابق: نعم",0
w148,B,P1,"['wiki_02939', 'wiki_02940', 'wiki_02943', 'wiki_00105', 'wiki_01138']",خالد آيت الطالب,1,1,1,"مدعوم: نعم
مطابق: نعم",0
w149,B,P1,"['wiki_01469', 'wiki_01062', 'wiki_02900', 'wiki_01467', 'wiki_00143']",七年,1,1,0,"مدعوم: نعم
مطابق: لا

ملاحظة: الإجابة المقدمة",0
w150,B,P1,"['wiki_00149', 'wiki_02705', 'wiki_00155', 'wiki_00150', 'wiki_00151']",مدينة أصيلة مشهورة بمعرضها الفني المفتوح وأزقتها البيضاء.,1,0,0,"مدعوم: لا
مطابق: لا",0
w151,B,P1,"['wiki_01062', 'wiki_01474', 'wiki_01064', 'wiki_01472', 'wiki_01061']",الاستغلال الذي فرض على الأمازيغ من السيطرة على أراضيهم وفرض السخرة عليهم واستعمال القوة لإخضاعهم.,1,1,1,"مدعوم: نعم
مطابق: نعم",0
w152,B,P1,"['wiki_01062', 'wiki_01472', 'wiki_01474', 'wiki_01064', 'wiki_02811']",تاكفاريناس وأديمون,1,1,0,"مدعوم: نعم
مطابق: لا",0
w153,B,P1,"['wiki_02491', 'wiki_02484', 'wiki_01729', 'wiki_02488', 'wiki_01411']",تأسس صندوق محمد السادس للاستثمار في عام 2021.,1,1,1,"مدعوم: نعم
مطابق: نعم",0
w154,B,P1,"['wiki_02491', 'wiki_02484', 'wiki_01492', 'wiki_01486', 'wiki_01208']",المقر الرئيسي لصندوق محمد السادس للاستثمار في مدينة الرباط.,1,1,1,"مدعوم: نعم
مطابق: نعم",0
w155,B,P1,"['wiki_02491', 'wiki_02229', 'wiki_02484', 'wiki_02488', 'wiki_01359']",أُعلن عن إحداث صندوق محمد السادس للاستثمار في يوليوز 2020.,1,1,1,"مدعوم: نعم
مطابق: نعم",0
w156,B,P1,"['wiki_02032', 'wiki_02034', 'wiki_02033', 'wiki_02038', 'wiki_02035']",أثري من حقبة الاستعمار وقد أعيد إلى الخدمة وبه طبيب واحد,1,0,1,"مدعوم: لا
مطابق: نعم",0
w157,B,P1,"['wiki_02032', 'wiki_02034', 'wiki_02038', 'wiki_02035', 'wiki_02033']",مستشفى ومستوصف صحي ودار للولادة,1,1,1,"مدعوم: نعم
مطابق: نعم",0
w158,B,P1,"['wiki_02388', 'wiki_02390', 'wiki_01380', 'wiki_02691', 'wiki_00503']",ارتفعت الساكنة الحضرية من 13 إلى 17 مليون نسمة ما بين العامين 1992 و2004.,1,1,1,"مدعوم: نعم
مطابق: نعم",0
w159,B,P1,"['wiki_01248', 'wiki_00448', 'wiki_01870', 'wiki_01650', 'wiki_00441']",المعلومة غير متوفرة في النصوص,0,0,0,"مدعوم: لا
مطابق: لا",1
w160,B,P1,"['wiki_01320', 'wiki_01100', 'wiki_00043', 'wiki_00056', 'wiki_01313']",3312,1,1,1,"مدعوم: نعم
مطابق: نعم",0
w161,B,P1,"['wiki_02208', 'wiki_01320', 'wiki_01319', 'wiki_00611', 'wiki_00304']",المعلومة غير متوفرة في النصوص,1,1,1,"مدعوم: نعم
مطابق: نعم",1
w162,B,P1,"['wiki_01320', 'wiki_00030', 'wiki_02181', 'wiki_01100', 'wiki_00056']",المعلومة غير متوفرة في النصوص,1,1,0,"مدعوم: نعم
مطابق: لا",1
w163,B,P1,"['wiki_01438', 'wiki_00726', 'wiki_00679', 'wiki_00676', 'wiki_00677']",5 ديسمبر 1952,1,1,1,"مدعوم: نعم
مطابق: نعم",0
w164,B,P1,"['wiki_00725', 'wiki_00726', 'wiki_00727', 'wiki_02101', 'wiki_02184']",طنجة,1,0,0,"مدعوم: لا
مطابق: لا",0
w165,B,P1,"['wiki_02347', 'wiki_02350', 'wiki_02346', 'wiki_00885', 'wiki_02349']",محمد توري,1,1,1,"مدعوم: نعم
مطابق: نعم",0
w166,B,P1,"['wiki_02350', 'wiki_02347', 'wiki_02236', 'wiki_01758', 'wiki_00930']",أغمات,1,0,0,"مدعوم: لا
مطابق: لا",0
w167,B,P1,"['wiki_02960', 'wiki_02959', 'wiki_02964', 'wiki_02965', 'wiki_02348']",تتواجد مطغرة اليوم بنواحي تلمسان وبين فاس والراشيدية وتوات.,1,0,0,"مدعوم: لا
مطابق: لا",0
w168,B,P1,"['wiki_02259', 'wiki_02678', 'wiki_02209', 'wiki_01851', 'wiki_01850']",المعلومة غير متوفرة في النصوص,0,0,0,"مدعوم: لا
مطابق: لا",1
w169,B,P1,"['wiki_00475', 'wiki_01113', 'wiki_01116', 'wiki_01456', 'wiki_00474']","نحو 2,000 تاجر عربي من القيروان في تونس.",1,1,1,"مدعوم: نعم
مطابق: نعم",0
w170,B,P1,"['wiki_01706', 'wiki_01735', 'wiki_00475', 'wiki_01692', 'wiki_01729']",المعلومة غير متوفرة في النصوص,1,1,0,"مدعوم: نعم
مطابق: لا",1
w171,B,P1,"['wiki_00475', 'wiki_02465', 'wiki_00902', 'wiki_02458', 'wiki_02037']",-Smithiya hay Hay al-Qirawaniyn,1,1,1,"مدعوم: نعم
مطابق: نعم",0
w172,B,P1,"['wiki_02101', 'wiki_01761', 'wiki_02104', 'wiki_01996', 'wiki_02080']",أكتوبر 1955,1,1,1,"مدعوم: نعم
مطابق: نعم",0
w173,B,P1,"['wiki_01720', 'wiki_01450', 'wiki_02104', 'wiki_00725', 'wiki_02028']",16 نونبر 1955,0,1,1,"مدعوم: نعم
مطابق: نعم",0
w174,B,P1,"['wiki_02365', 'wiki_00523', 'wiki_02760', 'wiki_00774', 'wiki_01439']",المعلومة غير متوفرة في النصوص,0,0,0,"مدعوم: لا
مطابق: لا",1
w175,B,P1,"['wiki_02948', 'wiki_02101', 'wiki_00680', 'wiki_01026', 'wiki_00711']",2 مارس 1956,1,1,1,"مدعوم: نعم
مطابق: نعم",0
w176,B,P1,"['wiki_00295', 'wiki_00281', 'wiki_00294', 'wiki_00284', 'wiki_00289']",جامعة الأخوين,1,1,1,"مدعوم: نعم
مطابق: نعم",0
w177,B,P1,"['wiki_00289', 'wiki_00300', 'wiki_00281', 'wiki_00296', 'wiki_00295']",منتزه NATIONAL إفران، والبحيرات، والمصادر، والشلالات، والمجالات الغابوية، ومحطة ميشليفن للتزلج.,1,1,1,"مدعوم: نعم
مطابق: نعم",0
w178,B,P1,"['wiki_02081', 'wiki_00706', 'wiki_02080', 'wiki_02220', 'wiki_01278']",تأسس مركز المغرب العربي للدراسات الاستراتيجية في عام 1994.,1,1,1,"مدعوم: نعم
مطابق: نعم",0
w179,B,P1,"['wiki_02792', 'wiki_02791', 'wiki_02799', 'wiki_01289', 'wiki_02794']",183,1,1,1,"مدعوم: نعم
مطابق: نعم",0
w180,B,P1,"['wiki_02792', 'wiki_02791', 'wiki_02825', 'wiki_02793', 'wiki_00583']",تتمركز أغلب وحدات صناعة التجميد في جنوب المغرب بسبب تطوير صيد الرخويات والصيد السطحي.,1,1,1,"مدعوم: نعم
مطابق: نعم",0
w181,B,P1,"['wiki_02792', 'wiki_02791', 'wiki_02387', 'wiki_01022', 'wiki_01379']",حوالي 8300 طن في اليوم الواحد.,1,1,1,"مدعوم: نعم
مطابق: نعم",0
w182,B,P1,"['wiki_02792', 'wiki_00426', 'wiki_00632', 'wiki_00424', 'wiki_02793']",الاتحاد الأوروبي,1,1,1,"مدعوم: نعم
مطابق: نعم",0
w183,B,P1,"['wiki_00269', 'wiki_00270', 'wiki_00271', 'wiki_00272', 'wiki_01467']",على يد الإمبراطور كلوديوس خمدت ثورة إيديمون.,1,1,1,"مدعوم: نعم
مطابق: نعم",0
w184,B,P1,"['wiki_00270', 'wiki_01468', 'wiki_01471', 'wiki_01704', 'wiki_01466']",في القصر، وعاش في كنف الإمبراطور أغسطس.,1,1,1,"مدعوم: نعم
مطابق: نعم",0
w185,B,P1,"['wiki_00270', 'wiki_00180', 'wiki_01704', 'wiki_01471', 'wiki_01466']",شرشال هي المدينة لي دارها يوبا الثاني عاصمة ديال الحكم ديالو.,1,1,1,"مدعوم: نعم
مطابق: نعم",0
w186,B,P1,"['wiki_01463', 'wiki_01465', 'wiki_01466', 'wiki_01473', 'wiki_01470']",كليباترا سيليني الثانية,1,1,1,"مدعوم: نعم
مطابق: نعم",0
w187,B,P1,"['wiki_01463', 'wiki_01466', 'wiki_01471', 'wiki_01465', 'wiki_01744']",حكم بطليموس الموريطاني من 23 ميلادية حتى 40 ميلادية.,1,1,1,"مدعوم: نعم
مطابق: نعم",0
w188,B,P1,"['wiki_00051', 'wiki_00539', 'wiki_01365', 'wiki_00327', 'wiki_00190']",ساعتين و11 دقيقة و34 ثانية,1,1,1,"مدعوم: نعم
مطابق: نعم",0
w189,B,P1,"['wiki_00051', 'wiki_00058', 'wiki_00059', 'wiki_02587', 'wiki_00056']","جائزة ""قارئ العام للعالم العربي""",1,1,1,"مدعوم: نعم
مطابق: نعم",0
w190,B,P1,"['wiki_00670', 'wiki_02776', 'wiki_01028', 'wiki_00672', 'wiki_00673']",المغاربة تخافوا من هذا القانون لأنADMINISTRATOR المعلومة غير متوفرة في النصوص,1,1,1,"مدعوم: نعم
مطابق: نعم",1
w191,B,P1,"['wiki_00670', 'wiki_01252', 'wiki_01349', 'wiki_01656', 'wiki_01354']",بلاد السيبة وبلاد المخزن,1,1,1,"مدعوم: نعم
مطابق: نعم",0
w192,B,P1,"['wiki_00144', 'wiki_00204', 'wiki_00212', 'wiki_01661', 'wiki_01890']",المعلومة غير متوفرة في النصوص,1,1,0,"مدعوم: نعم
مطابق: لا",1
w193,B,P1,"['wiki_01890', 'wiki_02712', 'wiki_01819', 'wiki_00779', 'wiki_02330']",تشتهر تزنيت بصناعة وإنتاج المجوهرات الفضية، فلها هذا اللقب.,1,1,1,"مدعوم: نعم
مطابق: نعم",0
w194,B,P1,"['wiki_01890', 'wiki_02712', 'wiki_01899', 'wiki_01893', 'wiki_01891']",لا زنينية,1,1,1,"مدعوم: نعم
مطابق: نعم",0
w195,B,P1,"['wiki_01411', 'wiki_01412', 'wiki_01413', 'wiki_00635', 'wiki_00835']",تولى الهيئة المغربية لسوق الرساميل حماية المدخرين والمستثمرين وضمان شفافية العمليات المالية وتنظيم المشاركين في السوق والأدوات المالية وتعزيز الثقافة المالية.,1,0,1,"مدعوم: لا
مطابق: نعم",0
w196,B,P1,"['wiki_01412', 'wiki_01411', 'wiki_01413', 'wiki_02776', 'wiki_00635']",الملك محمد السادس,1,1,1,"مدعوم: نعم
مطابق: نعم",0
w197,B,P1,"['wiki_00930', 'wiki_00076', 'wiki_00685', 'wiki_00891', 'wiki_02321']",المعلومة غير متوفرة في النصوص,1,1,0,"مدعوم: نعم
مطابق: لا",1
w198,B,P1,"['wiki_01051', 'wiki_02093', 'wiki_01449', 'wiki_00930', 'wiki_01052']",بويع ست مرات.,1,1,1,"مدعوم: نعم
مطابق: نعم",0
w199,B,P1,"['wiki_01000', 'wiki_00993', 'wiki_00999', 'wiki_00424', 'wiki_02709']",المعلومة غير متوفرة في النصوص,1,1,1,"مدعوم: نعم
مطابق: نعم",1
w200,B,P1,"['wiki_00698', 'wiki_02910', 'wiki_01688', 'wiki_00722', 'wiki_02019']","34,000 رجل",1,1,1,"مدعوم: نعم
مطابق: نعم",0
w001,F,P1,['wiki_02359'],593168,1,1,1,"مدعوم: نعم
مطابق: نعم",0
w002,F,P1,['wiki_02359'],طنجة,1,1,0,"مدعوم: نعم
مطابق: لا",0
w003,F,P1,['wiki_01011'],المعلومة غير متوفرة في النصوص,0,0,0,"مدعوم: لا
مطابق: لا",1
w004,F,P1,['wiki_01012'],"ارتفعت النسبة من 2,8% في 2010 إلى 8,1% في 2015.",1,1,1,"مدعوم: نعم
مطابق: نعم",0
w005,F,P1,['wiki_01012'],"1,6 طن",1,1,1,"مدعوم: نعم
مطابق: نعم",0
w006,F,P1,['wiki_00564'],12.8%,1,1,1,"مدعوم: نعم
مطابق: نعم",0
w007,F,P1,['wiki_00564'],شكيب بنموسى,1,1,1,"مدعوم: نعم
مطابق: نعم",0
w008,F,P1,['wiki_00564'],المعدل انتقل من 10.5% إلى 21.4% بالوسط القروي.,1,1,1,"مدعوم: نعم
مطابق: نعم",0
w009,F,P1,['wiki_02608'],المعدل التضخمي بقي عند نسبة 0.7%.,1,1,1,"مدعوم: نعم
مطابق: نعم",0
w010,F,P1,['wiki_02608'],3.5٪,1,1,1,"مدعوم: نعم
مطابق: نعم",0
w011,F,P1,['wiki_02608'],المعلومة غير متوفرة في النصوص,1,1,0,"مدعوم: نعم
مطابق: لا",1
w012,F,P1,['wiki_02230'],فاتح أبريل 1998,1,1,1,"مدعوم: نعم
مطابق: نعم",0
w013,F,P1,['wiki_02230'],31 دجنبر 2011,1,1,1,"مدعوم: نعم
مطابق: نعم",0
w014,F,P1,['wiki_02691'],"حوالي 36,8 مليون نسمة",1,1,1,"مدعوم: نعم
مطابق: نعم",0
w015,F,P1,['wiki_02691'],"تطور معدل التمدن في المغرب من 29% سنة 1960 إلى 62,8% سنة 2024.",1,1,1,"مدعوم: نعم
مطابق: نعم",0
w016,F,P1,['wiki_02691'],المعلومة غير متوفرة في النصوص,1,1,0,"مدعوم: نعم
مطابق: لا",1
w017,F,P1,['wiki_01011'],"88,8٪",1,1,1,"مدعوم: نعم
مطابق: نعم",0
w018,F,P1,['wiki_01011'],المعلومة غير متوفرة في النصوص,1,1,0,"مدعوم: نعم
مطابق: لا",1
w019,F,P1,['wiki_00436'],15%,1,1,1,"مدعوم: نعم
مطابق: نعم",0
w020,F,P1,['wiki_00436'],مواد الطاقية ومواد التجهيز والمواد الاستهلاكية,1,1,1,"مدعوم: نعم
مطابق: نعم",0
w021,F,P1,['wiki_01430'],55.8 %,1,1,1,"مدعوم: نعم
مطابق: نعم",0
w022,F,P1,['wiki_01430'],المصاريف ديال حرب الصحرا كيقدرها مليون دولار يوميا.,1,1,1,"مدعوم: نعم
مطابق: نعم",0
w023,F,P1,['wiki_00350'],15 جUNE 2004,0,1,0,"مدعوم: نعم
مطابق: لا",0
w024,F,P1,['wiki_00574'],بشحال زادو صادرات المغرب ديال النسيج لأمريكا فـ2006؟ نسبة %122,1,1,1,"مدعوم: نعم
مطابق: نعم",0
w025,F,P1,['wiki_00574'],قطاعي السياحة والنسيج,1,1,1,"مدعوم: نعم
مطابق: نعم",0
w026,F,P1,['wiki_01297'],سنة 2025,1,1,0,"مدعوم: نعم
مطابق: لا",0
w027,F,P1,['wiki_01011'],المعلومة غير متوفرة في النصوص,0,0,0,"مدعوم: لا
مطابق: لا",1
w028,F,P1,['wiki_02790'],طنجة وأكادير والعيون,1,1,1,"مدعوم: نعم
مطابق: نعم",0
w029,F,P1,['wiki_02790'],ساهم مخطط أليوتيس بشكل ملحوظ في تحديث قطاع الصيد البحري، حيث إنتقل الناتج الداخلي الخام لقطاع الصيد البحري بين سنتي 2007 و 2015 من 8.3 إلى 15 مليار درهم.,1,1,1,"مدعوم: نعم
مطابق: نعم",0
w030,F,P1,['wiki_02790'],1.46 مليون طن,1,1,0,"مدعوم: نعم
مطابق: لا",0
w031,F,P1,['wiki_01281'],"56,5%",1,1,1,"مدعوم: نعم
مطابق: نعم",0
w032,F,P1,['wiki_01281'],المعلومة غير متوفرة في النصوص,1,1,0,"مدعوم: نعم
مطابق: لا",1
w033,F,P1,['wiki_01281'],المغرب يحتل المرتبة 107 في إنتاجية القوى العاملة حسب تقرير منظمة العمل الدولية لسنة 2023.,1,1,1,"مدعوم: نعم
مطابق: نعم",0
w034,F,P1,['wiki_02387'],2700 مليون كيلواط,0,1,1,"مدعوم: نعم
مطابق: نعم",0
w035,F,P1,['wiki_01379'],تبلغ الحصة ديال المدارات المسقية فناتج المحلي الخام بين 7% و10%.,1,1,1,"مدعوم: نعم
مطابق: نعم",0
w036,F,P1,['wiki_02384'],المعلومة غير متوفرة في النصوص,0,1,0,"مدعوم: نعم
مطابق: لا",1
w037,F,P1,['chunk_007'],تشتغل نسبة كبيرة من الناس فالفلاحة فالمغرب.,0,1,0,"مدعوم: نعم
مطابق: لا",0
w038,F,P1,['wiki_02646'],وصل عدد سكان عين بني مطهر سنة 2014 إلى 16289 نسمة.,1,1,1,"مدعوم: نعم
مطابق: نعم",0
w039,F,P1,['wiki_02635'],المعلومة غير متوفرة في النصوص,0,1,1,"مدعوم: نعم
مطابق: نعم",1
w040,F,P1,['wiki_00814'],عدد المؤسسات الابتدائية التي استغلت في الدار البيضاء خلال الموسم الدراسي 2008/2009 هو 435 مدرسة.,1,1,1,"مدعوم: نعم
مطابق: نعم",0
w041,F,P1,['wiki_01106'],المغرب يتوفر على %75 من الاحتياطي العالمي ديال الفوسفاط.,1,1,1,"مدعوم: نعم
مطابق: نعم",0
w042,F,P1,['wiki_01106'],الصين,1,1,1,"مدعوم: نعم
مطابق: نعم",0
w043,F,P1,['wiki_02193'],المعلومة غير متوفرة في النصوص,0,1,0,"مدعوم: نعم
مطابق: لا",1
w044,F,P1,['wiki_02194'],المعلومة غير متوفرة في النصوص,1,1,0,"مدعوم: نعم
مطابق: لا",1
w045,F,P1,['wiki_01074'],لتشجيع الاستثمارات والصادرات، ومساهمة في تمويل مشروع طرامواي الرباط - سلا.,1,1,1,"مدعوم: نعم
مطابق: نعم",0
w046,F,P1,['wiki_01663'],1503 جماعة,1,1,1,"مدعوم: نعم
مطابق: نعم",0
w047,F,P1,['wiki_01378'],1050000 هكتار,0,1,1,"مدعوم: نعم
مطابق: نعم",0
w048,F,P1,['wiki_01378'],تساهم في 75% من الصادرات الفلاحية,0,1,1,"مدعوم: نعم
مطابق: نعم",0
w049,F,P1,['wiki_02609'],2.5%,1,0,0,"مدعوم: لا
مطابق: لا",0
w050,F,P1,['wiki_02609'],خفض الدين العام إلى 60% من إجمالي الناتج المحلي بحلول عام 2021,1,1,1,"مدعوم: نعم
مطابق: نعم",0
w051,F,P1,['wiki_01040'],ثمانية وعشرين سنه,1,1,1,"مدعوم: نعم
مطابق: نعم",0
w052,F,P1,['wiki_01040'],19 ماي 1881م,1,1,1,"مدعوم: نعم
مطابق: نعم",0
w053,F,P1,['wiki_02950'],المعلومة غير متوفرة في النصوص,0,1,0,"مدعوم: نعم
مطابق: لا",1
w054,F,P1,['wiki_02950'],المعلومة غير متوفرة في النصوص,0,0,0,"مدعوم: لا
مطابق: لا",1
w055,F,P1,['wiki_00949'],أربعة وثلاثون موقعا,1,0,0,"مدعوم: لا
مطابق: لا",0
w056,F,P1,['wiki_00949'],ترجع إلى 4000-ق-م 8000-ق.م,1,1,1,"مدعوم: نعم
مطابق: نعم",0
w057,F,P1,['wiki_02594'],سعيد العلام,1,1,1,"مدعوم: نعم
مطابق: نعم",0
w058,F,P1,['wiki_02594'],جائزة كتارا للرواية العربية وفأي عام 2020,1,1,1,"مدعوم: نعم
مطابق: نعم",0
w059,F,P1,['wiki_01477'],بوليساريو اقترحت إقحام الصحراويين الذين تم إحصاؤهم من قبل الاستعمار الإسباني سنة 1974م.,1,1,1,"مدعوم: نعم
مطابق: نعم",0
w060,F,P1,['wiki_01477'],الساقية الحمراء,1,0,0,"مدعوم: لا
مطابق: لا",0
w061,F,P1,['wiki_00652'],13 ماي 1801,1,1,1,"مدعوم: نعم
مطابق: نعم",0
w062,F,P1,['wiki_00652'],تمت بدء الحرب في عهد توماس جيفرسون.,1,1,1,"مدعوم: نعم
مطابق: نعم",0
w063,F,P1,['wiki_00873'],الزربية و الجلباب,1,1,1,"مدعوم: نعم
مطابق: نعم",0
w064,F,P1,['wiki_00873'],صناعة الفخار، الدباغة، ضياغة الحلي.,1,1,1,"مدعوم: نعم
مطابق: نعم",0
w065,F,P1,['wiki_00622'],عاشو في جماعات منعزلة ومغلقة، كيان كلها مستقل بخصوصياتها.,1,0,0,"مدعوم: لا
مطابق: لا",0
w066,F,P1,['wiki_00622'],المعلومة غير متوفرة في النصوص,1,0,0,"مدعوم: لا
مطابق: لا",1
w067,F,P1,['wiki_00872'],1600طن,0,1,1,"مدعوم: نعم
مطابق: نعم",0
w068,F,P1,['wiki_00872'],مدينة مكناس,0,1,1,"مدعوم: نعم
مطابق: نعم",0
w069,F,P1,['wiki_00193'],1500 متر,1,1,0,"مدعوم: نعم
مطابق: لا",0
w070,F,P1,['wiki_01791'],سنة 1614,0,0,0,"مدعوم: لا
مطابق: لا",0
w071,F,P1,['wiki_01791'],المعلومة غير متوفرة في النصوص,0,1,1,"مدعوم: نعم
مطابق: نعم",1
w072,F,P1,['wiki_01795'],1614 و1681,1,1,1,"مدعوم: نعم
مطابق: نعم",0
w073,F,P1,['wiki_02019'],يوليوز - غشت 1947,1,1,1,"مدعوم: نعم
مطابق: نعم",0
w074,F,P1,['wiki_02015'],المعلومة غير متوفرة في النصوص,0,0,0,"مدعوم: لا
مطابق: لا",1
w075,F,P1,['wiki_01101'],تنتشر السلالة ديال البقر والماس زعير في كل من منطقة الرماني وزمور وزعير وقبائل زيان خاصة في منطقة مريرت.,1,1,1,"مدعوم: نعم
مطابق: نعم",0
w076,F,P1,['wiki_01101'],سنة 1981,1,1,1,"مدعوم: نعم
مطابق: نعم",0
w077,F,P1,['wiki_01101'],سلالة مكناس,1,0,1,"مدعوم: لا
مطابق: نعم",0
w078,F,P1,['wiki_00645'],مدينة الحاجب كاينة على ارتفاع 1200 متر فوق سطح البحر.,1,1,1,"مدعوم: نعم
مطابق: نعم",0
w079,F,P1,['wiki_00643'],تبعد مدينة الحاجب عن مكناس بمسافة 32 كلم.,0,1,1,"مدعوم: نعم
مطابق: نعم",0
w080,F,P1,['wiki_00645'],المغارة التي تشبه وجه الأسد,1,1,1,"مدعوم: نعم
مطابق: نعم",0
w081,F,P1,['wiki_01214'],المعلومة غير متوفرة في النصوص,0,0,0,"مدعوم: لا
مطابق: لا",1
w082,F,P1,['wiki_01216'],الأيام الثلاثة الأولى مخصصة للمحترفين، والأيام الثلاثة الأخرى مفتوحة لعامة الناس.,1,1,1,"مدعوم: نعم
مطابق: نعم",0
w083,F,P1,['wiki_01216'],"مساحة المعرض الدولي للفلاحة بالمغرب تقدر بـ 370,000 m2.",1,1,1,"مدعوم: نعم
مطابق: نعم",0
w084,F,P1,['wiki_02925'],السياحة,1,1,1,"مدعوم: نعم
مطابق: نعم",0
w085,F,P1,['wiki_02926'],المشاكل اللي كتعاني منها مدينة مرزوكة هي غياب الأساتذة ومرافقهم مهمشة ووجود نقص في المدارس الإعدادية والثانوية.,0,1,0,"مدعوم: نعم
مطابق: لا",0
w086,F,P1,['wiki_01372'],سنة 2012,1,1,1,"مدعوم: نعم
مطابق: نعم",0
w087,F,P1,['wiki_01372'],المعلومة غير متوفرة في النصوص,1,1,0,"مدعوم: نعم
مطابق: لا",1
w088,F,P1,['wiki_01372'],المساحة ديال المنطقة الحرة الأطلسية تقارب 500 هكتار.,1,1,1,"مدعوم: نعم
مطابق: نعم",0
w089,F,P1,['wiki_01161'],أُحدثت سنة 2009، ويرأسها رئيس الحكومة,1,1,1,"مدعوم: نعم
مطابق: نعم",0
w090,F,P1,['wiki_01161'],"الcommittee aim is to propose measures aimed at improving the legal and regulatory framework for business, coordinate their implementation, and evaluate their impact on concerned sectors.",1,1,1,"مدعوم: نعم
مطابق: نعم",0
w091,F,P1,['wiki_00904'],المعلومة غير متوفرة في النصوص,1,0,0,"مدعوم: لا
مطابق: لا",1
w092,F,P1,['wiki_00904'],مدينة مراكش,1,1,1,"مدعوم: نعم
مطابق: نعم",0
w093,F,P1,['wiki_00323'],المعلومة غير متوفرة في النصوص,0,0,0,"مدعوم: لا
مطابق: لا",1
w094,F,P1,['wiki_00324'],نهر السنغال,1,1,1,"مدعوم: نعم
مطابق: نعم",0
w095,F,P1,['wiki_02031'],2 كم,1,1,1,"مدعوم: نعم
مطابق: نعم",0
w096,F,P1,['wiki_00650'],مرسوم رقم 2.24.1122,1,1,0,"مدعوم: نعم
مطابق: لا",0
w097,F,P1,['wiki_00650'],توحيد الحد الأدنى للأجور بين القطاعات الفلاحية وغير الفلاحية خلال ثلاث سنوات,1,1,1,"مدعوم: نعم
مطابق: نعم",0
w098,F,P1,['wiki_01204'],المدرسة البوعنانية تبنيت ففاس ما بين عامي 1350م و1355م,1,1,1,"مدعوم: نعم
مطابق: نعم",0
w099,F,P1,['wiki_01204'],باب بوجلود هو المدخل الرئيسي ديال فاس البالي.,1,1,1,"مدعوم: نعم
مطابق: نعم",0
w100,F,P1,['wiki_01367'],المقاعد كاينة فطائرة بوينغ 767-300 هي 167 مقعد.,1,1,1,"مدعوم: نعم
مطابق: نعم",0
w101,F,P1,['wiki_02635'],المعلومة غير متوفرة في النصوص,0,1,1,"مدعوم: نعم
مطابق: نعم",1
w102,F,P1,['wiki_02640'],تفوقة 39.6,1,1,0,"مدعوم: نعم
مطابق: لا",0
w103,F,P1,['wiki_02640'],واد الشارف واد تبودة وادي مسخسخة وادي وزين,1,1,1,"مدعوم: نعم
مطابق: نعم",0
w104,F,P1,['wiki_00431'],التداخل بين النزعة اللبرالية والتوجيه الاقتصادي مع سياسة حمائية وتدخل حكومي في الاقتصاد والاجتماع.,1,1,1,"مدعوم: نعم
مطابق: نعم",0
w105,F,P1,['wiki_00431'],أرساء الاستقلالية الاقتصادية,1,1,1,"مدعوم: نعم
مطابق: نعم",0
w106,F,P1,['wiki_00565'],تأسس البنك المخزني المغربي سنة 1907 في طنجة شمال المغرب.,1,1,1,"مدعوم: نعم
مطابق: نعم",0
w107,F,P1,['wiki_00565'],1955,1,0,0,"مدعوم: لا
مطابق: لا",0
w108,F,P1,['wiki_00692'],تجنب التوتر و المناقشة حول وضع المغرب,0,1,0,"مدعوم: نعم
مطابق: لا",0
w109,F,P1,['wiki_00738'],أحمد بن المهدي الغزال,1,1,1,"مدعوم: نعم
مطابق: نعم",0
w110,F,P1,['wiki_00738'],لتجديد الصلح بين الدولتين وإطلاق صراح الأسرى الجزائريين بإسبانيا,1,1,1,"مدعوم: نعم
مطابق: نعم",0
w111,F,P1,['wiki_02472'],أصفراو تعني المنطقة المقعرة.,1,1,1,"مدعوم: نعم
مطابق: نعم",0
w112,F,P1,['wiki_02472'],كانوا ساكنين في الكهوف والمغارات.,1,1,1,"مدعوم: نعم
مطابق: نعم",0
w113,F,P1,['wiki_02472'],بلدة البهاليل,1,1,1,"مدعوم: نعم
مطابق: نعم",0
w114,F,P1,['wiki_01117'],بعد 35 كلم,1,1,0,"مدعوم: نعم
مطابق: لا",0
w115,F,P1,['wiki_01117'],مسجد، وحمام، ومركز تجاري.,1,1,1,"مدعوم: نعم
مطابق: نعم",0
w116,F,P1,['wiki_01117'],استولى الجيش البرتغالي على القصر الصغير في يوم 23 أكتوبر 1458م وقائده كان ألفونس الخامس.,1,1,1,"مدعوم: نعم
مطابق: نعم",0
w117,F,P1,['wiki_01242'],ألبرت حوراني,1,0,1,"مدعوم: لا
مطابق: نعم",0
w118,F,P1,['wiki_01242'],المحامِك والوزارات والجيش,1,1,1,"مدعوم: نعم
مطابق: نعم",0
w119,F,P1,['wiki_01894'],المساحة ديال القصبة المخزنية فتزنيت هي 6704م² وعدد الأبراج فيها هو 5.,1,1,1,"مدعوم: نعم
مطابق: نعم",0
w120,F,P1,['wiki_01894'],تنسب للقائد الحاحي محمد أغناج.,1,1,1,"مدعوم: نعم
مطابق: نعم",0
w121,F,P1,['wiki_02269'],نعم، كانت معروفة أوعبيد الله في العصر المريني.,1,1,1,"مدعوم: نعم
مطابق: نعم",0
w122,F,P1,['wiki_02787'],وفرة سمك الشابل والتون في أزمور والإقبال الأوروبي على شرائه,1,1,1,"مدعوم: نعم
مطابق: نعم",0
w123,F,P1,['wiki_02787'],سنة 1476,1,1,1,"مدعوم: نعم
مطابق: نعم",0
w124,F,P1,['wiki_02319'],لقب عاصمة الشاوية,1,1,1,"مدعوم: نعم
مطابق: نعم",0
w125,F,P1,['wiki_02319'],83 كم,1,1,1,"مدعوم: نعم
مطابق: نعم",0
w126,F,P1,['wiki_02319'],الرمز ديال مدينة سطات هو الحصان.,1,1,1,"مدعوم: نعم
مطابق: نعم",0
w127,F,P1,['wiki_02319'],altura 370 مترا,1,1,0,"مدعوم: نعم
مطابق: لا

السبب في عدم التطابق هو استخدام كلمة",0
w128,F,P1,['wiki_00186'],اللون لي دارو الموحدين شعار ديالهم هو البيضاء.,0,1,1,"مدعوم: نعم
مطابق: نعم",0
w129,F,P1,['wiki_00186'],المعلومة غير متوفرة في النصوص,0,1,1,"مدعوم: نعم
مطابق: نعم",1
w130,F,P1,['wiki_01857'],البسيطي أنكاد وتافرطة,0,0,0,"مدعوم: لا
مطابق: لا",0
w131,F,P1,['wiki_01845'],المعيشة ديال المهاجرين القاطنين بديار المهجر.,0,0,0,"مدعوم: لا
مطابق: لا",0
w132,F,P1,['wiki_02297'],وسط واحة كبيرة جنوب الأطلس الكبير.,1,1,1,"مدعوم: نعم
مطابق: نعم",0
w133,F,P1,['wiki_02297'],مدينة القيروان,1,1,1,"مدعوم: نعم
مطابق: نعم",0
w134,F,P1,['wiki_02297'],سِجِلْمَاسَةَ تَبِنَتْ سِنَةَ 140 هِجْرِيَّةَ وشَكْوْنِ لِعِيْسَى بِنِ يَزِيدِ الأَسْوَدِ بَنَىَهَا.,1,1,0,"مدعوم: نعم
مطابق: لا",0
w135,F,P1,['wiki_01432'],من 17% إلى 19%.,1,1,1,"مدعوم: نعم
مطابق: نعم",0
w136,F,P1,['wiki_01432'],67 %,1,1,1,"مدعوم: نعم
مطابق: نعم",0
w137,F,P1,['wiki_01432'],100 درهم,1,1,1,"مدعوم: نعم
مطابق: نعم",0
w138,F,P1,['wiki_02057'],مصادر الدخل اللي اعتمدات عليهم جمهورية الريف هي: ضرائب على شكل نقود أو محاصيل، مداخيل الزكاة على شكل نقود أو محاصيل زراعية، غرامات، تبرعات السكان والقبائل، فداء الأسرى.,1,0,1,"مدعوم: لا
مطابق: نعم",0
w139,F,P1,['wiki_02057'],20 ألف بيزيتا سنويا,1,1,1,"مدعوم: نعم
مطابق: نعم",0
w140,F,P1,['wiki_02057'],سياسة سحب الأراضي الزراعية من من يعجز أو يتهاون في زرعها.,1,1,1,"مدعوم: نعم
مطابق: نعم",0
w141,F,P1,['wiki_00048'],عزيز أخنوش,1,1,1,"مدعوم: نعم
مطابق: نعم",0
w142,F,P1,['wiki_00048'],عبد الوافي لفتيت,1,1,1,"مدعوم: نعم
مطابق: نعم",0
w143,F,P1,['wiki_02467'],المعلومة غير متوفرة في النصوص,1,1,0,"مدعوم: نعم
مطابق: لا",1
w144,F,P1,['wiki_02467'],نشأ بمدينة نفيس,1,1,1,"مدعوم: نعم
مطابق: نعم",0
w145,F,P1,['wiki_00600'],توفى باه ديال التهامي الكلاوي ف سنة 1956 وشكون تكلف بيه من بعد باشا مراكش.,0,0,0,"مدعوم: لا
مطابق: لا",0
w146,F,P1,['wiki_00602'],خمسة عشر سنه,1,1,1,"مدعوم: نعم
مطابق: نعم",0
w147,F,P1,['wiki_02939'],تدشين مستشفى القرب بأحفير تم في يوم 25 يوليوز 2024.,1,1,1,"مدعوم: نعم
مطابق: نعم",0
w148,F,P1,['wiki_02939'],خالد آيت الطالب,1,1,1,"مدعوم: نعم
مطابق: نعم",0
w149,F,P1,['wiki_01469'],七年,1,1,0,"مدعوم: نعم
مطابق: لا

ملاحظة: الإجابة المقدمة",0
w150,F,P1,['wiki_02705'],مهرجانها الثقافي الدولي,1,1,0,"مدعوم: نعم
مطابق: لا",0
w151,F,P1,['wiki_01062'],المستغلال اللي فرض على الأمازيغ من قبل الرومان، كسيطرة على الأراضي الفلاحية والأعباء المادية، واستعمال القوة لإخضاعهم.,1,1,1,"مدعوم: نعم
مطابق: نعم",0
w152,F,P1,['wiki_01062'],تاكفاريناس وأديمون,1,1,0,"مدعوم: نعم
مطابق: لا",0
w153,F,P1,['wiki_02491'],تأسس صندوق محمد السادس للاستثمار في عام 2021.,1,1,1,"مدعوم: نعم
مطابق: نعم",0
w154,F,P1,['wiki_02491'],المقر الرئيسي في مدينة الرباط.,1,1,1,"مدعوم: نعم
مطابق: نعم",0
w155,F,P1,['wiki_02491'],في سياق تدابير الإنعاش الاقتصادي المعتمدة في أعقاب جائحة كوفيد-19.,1,1,1,"مدعوم: نعم
مطابق: نعم",0
w156,F,P1,['wiki_02032'],المعلومة غير متوفرة في النصوص,0,1,1,"مدعوم: نعم
مطابق: نعم",1
w157,F,P1,['wiki_02034'],المعلومة غير متوفرة في النصوص,0,0,0,"مدعوم: لا
مطابق: لا",1
w158,F,P1,['wiki_02388'],ارتفعت الساكنة الحضرية من 13 إلى 17 مليون نسمة.,1,1,1,"مدعوم: نعم
مطابق: نعم",0
w159,F,P1,['wiki_00429'],المعلومة غير متوفرة في النصوص,0,0,0,"مدعوم: لا
مطابق: لا",1
w160,F,P1,['wiki_01320'],المعلومة غير متوفرة في النصوص,1,1,0,"مدعوم: نعم
مطابق: لا",1
w161,F,P1,['wiki_01320'],جِلد الإبل أش كتتصنع آلة الكمبري.,1,1,0,"مدعوم: نعم
مطابق: لا",0
w162,F,P1,['wiki_01320'],45 منشور,1,1,1,"مدعوم: نعم
مطابق: نعم",0
w163,F,P1,['wiki_01438'],5 ديسمبر 1952,0,1,1,"مدعوم: نعم
مطابق: نعم",0
w164,F,P1,['wiki_00725'],عاد محمد الخامس إلى المغرب عام 1955م,0,0,0,"مدعوم: لا
مطابق: لا",0
w165,F,P1,['wiki_02347'],محمد توري,1,1,1,"مدعوم: نعم
مطابق: نعم",0
w166,F,P1,['wiki_02346'],اش دار أسكيا فالفترة ديال الحكم ديالو (1493-1591).,0,1,0,"مدعوم: نعم
مطابق: لا",0
w167,F,P1,['wiki_02958'],أرياف أو الواحات أو قصور,0,0,0,"مدعوم: لا
مطابق: لا",0
w168,F,P1,['wiki_02959'],المعلومة غير متوفرة في النصوص,1,1,0,"مدعوم: نعم
مطابق: لا",1
w169,F,P1,['wiki_00475'],التجار العرب استقبلوا السلطان ففاس فـ825 نحو 2٬000 تاجر من القيروان في تونس.,1,1,0,"مدعوم: نعم
مطابق: لا",0
w170,F,P1,['wiki_01735'],المعلومة غير متوفرة في النصوص,0,0,0,"مدعوم: لا
مطابق: لا",1
w171,F,P1,['wiki_00475'],-Smithiya li hayati li istaqro fih at-tajareel li jaaw min al-qirawaan -Smithiya li hayati li istaqro fih at-tajareel li jaaw min al-qirawaan,1,1,0,"مدعوم: نعم
مطابق: لا",0
w172,F,P1,['wiki_02101'],أكتوبر 1955,1,1,1,"مدعوم: نعم
مطابق: نعم",0
w173,F,P1,['wiki_01997'],في تاريخ 16 نونبر 1955,0,1,1,"مدعوم: نعم
مطابق: نعم",0
w174,F,P1,['wiki_02142'],المعلومة غير متوفرة في النصوص,0,0,0,"مدعوم: لا
مطابق: لا",1
w175,F,P1,['wiki_02101'],2 مارس 1956,1,1,1,"مدعوم: نعم
مطابق: نعم",0
w176,F,P1,['wiki_00289'],جامعة الأخوين,1,1,1,"مدعوم: نعم
مطابق: نعم",0
w177,F,P1,['wiki_00289'],منتزه NATIONAL إفران، والبحيرات، والمصادر، والشلالات، والمجالات الغابوية، ومحطة ميشليفن للتزلج,1,1,1,"مدعوم: نعم
مطابق: نعم",0
w178,F,P1,['wiki_02081'],تأسس في عام 1994,1,1,1,"مدعوم: نعم
مطابق: نعم",0
w179,F,P1,['wiki_02792'],72%,1,0,0,"مدعوم: لا
مطابق: لا",0
w180,F,P1,['wiki_02792'],كتترکز أغلب وحدات صناعة التجميد في جنوب المغرب علاش كده بسبب تطوير صيد الرخويات والصيد السطحي.,1,1,1,"مدعوم: نعم
مطابق: نعم",0
w181,F,P1,['wiki_02792'],8300 طن في اليوم,1,1,1,"مدعوم: نعم
مطابق: نعم",0
w182,F,P1,['wiki_02792'],الاتحاد الأوروبي,1,1,1,"مدعوم: نعم
مطابق: نعم",0
w183,F,P1,['wiki_00270'],على يد الإمبراطور كلوديوس خمدت ثورة إيديمون.,1,1,1,"مدعوم: نعم
مطابق: نعم",0
w184,F,P1,['wiki_00270'],في روما,1,1,1,"مدعوم: نعم
مطابق: نعم",0
w185,F,P1,['wiki_00270'],شرشال,1,1,1,"مدعوم: نعم
مطابق: نعم",0
w186,F,P1,['wiki_01463'],كليوباترا سيليني الثانية,1,1,1,"مدعوم: نعم
مطابق: نعم",0
w187,F,P1,['wiki_01463'],حكم بطليموس الموريطاني من 23 حتى 40.,1,1,1,"مدعوم: نعم
مطابق: نعم",0
w188,F,P1,['wiki_00051'],ساعتين و11 دقيقة و34 ثانية,1,1,1,"مدعوم: نعم
مطابق: نعم",0
w189,F,P1,['wiki_00051'],جائزة قارئ العام للعالم العربي,1,1,1,"مدعوم: نعم
مطابق: نعم",0
w190,F,P1,['wiki_00670'],كونه يقسم المغرب إلى عالمين متمايزين ومنفصلين انفصالا كليا.,1,1,1,"مدعوم: نعم
مطابق: نعم",0
w191,F,P1,['wiki_00670'],Länder السيبة و Länder المخزن,1,1,0,"مدعوم: نعم
مطابق: لا

ملاحظة: كلمة ""Länder"" هي",0
w192,F,P1,['wiki_01890'],المعلومة غير متوفرة في النصوص,1,1,0,"مدعوم: نعم
مطابق: لا",1
w193,F,P1,['wiki_01890'],"تشتهر تزنيت بصناعة وإنتاج المجوهرات الفضية因此，正确的答案应该是：因为她以生产银首饰闻名。但是根据提供的选项和规则，正确的回答是：

تشتهر تزنيت بصناعة وإنتاج المجوهرات الفضية",1,1,1,"مدعوم: نعم
مطابق: نعم",0
w194,F,P1,['wiki_01890'],امرأة اسمها للا زنينية,1,1,1,"مدعوم: نعم
مطابق: نعم",0
w195,F,P1,['wiki_01411'],حماية الادخار، وضمان شفافية وحسن سير الأسواق المالية، والمساهمة في تطويرها.,0,1,1,"مدعوم: نعم
مطابق: نعم",0
w196,F,P1,['wiki_01411'],المعلومة غير متوفرة في النصوص,0,1,0,"مدعوم: نعم
مطابق: لا",1
w197,F,P1,['wiki_00930'],سبعة سلاطين حكمو ما بين 1727 و1757.,1,1,1,"مدعوم: نعم
مطابق: نعم",0
w198,F,P1,['wiki_00930'],بويع ست مرات,1,1,1,"مدعوم: نعم
مطابق: نعم",0
w199,F,P1,['wiki_01000'],المعلومة غير متوفرة في النصوص,1,1,0,"مدعوم: نعم
مطابق: لا",1
w200,F,P1,['wiki_00698'],"34,000 رجل",1,1,1,"مدعوم: نعم
مطابق: نعم",0
w001,A,P2,"['wiki_02359', 'wiki_00355', 'wiki_01293', 'wiki_01284', 'wiki_00442']",593 168,1,1,0,"مدعوم: نعم
مطابق: لا",0
w002,A,P2,"['wiki_02359', 'wiki_00355', 'wiki_01492', 'wiki_00247', 'wiki_00583']","طنجة, ملوسة",1,1,1,"مدعوم: نعم
مطابق: نعم",0
w003,A,P2,"['wiki_01012', 'wiki_01011', 'wiki_01297', 'wiki_01296', 'wiki_01417']","نسبة الطاقات المتجددة في توليد الكهرباء بالمغرب هي %13,6%.",1,0,0,"مدعوم: لا
مطابق: لا",0
w004,A,P2,"['wiki_01012', 'wiki_01297', 'wiki_01418', 'wiki_01011', 'wiki_01021']","الاعتماد على الطاقة الريحية ارتفع من 2,8% في 2010 إلى 8,1% في 2015.",1,1,1,"مدعوم: نعم
مطابق: نعم",0
w005,A,P2,"['wiki_01012', 'wiki_01011', 'wiki_01014', 'wiki_01255', 'wiki_00432']","1,6 طن",1,1,1,"مدعوم: نعم
مطابق: نعم",0
w006,A,P2,"['wiki_00564', 'chunk_011', 'wiki_00563', 'wiki_00453', 'wiki_00291']",12.8%,1,1,1,"مدعوم: نعم
مطابق: نعم",0
w007,A,P2,"['wiki_00564', 'wiki_01369', 'wiki_00290', 'wiki_00417', 'wiki_01408']",المعلومة غير متوفرة في النصوص,1,1,0,"مدعوم: نعم
مطابق: لا",1
w008,A,P2,"['wiki_00564', 'chunk_011', 'wiki_00291', 'wiki_00453', 'wiki_00563']",من 10.5% في 2014 إلى 21.4% في 2024.,1,1,1,"مدعوم: نعم
مطابق: نعم",0
w009,A,P2,"['wiki_02608', 'wiki_02609', 'wiki_01173', 'wiki_01361', 'wiki_00433']",المعلومة غير متوفرة في النصوص,1,1,0,"مدعوم: نعم
مطابق: لا",1
w010,A,P2,"['wiki_02608', 'wiki_02609', 'wiki_02607', 'wiki_00578', 'wiki_01651']",انخفض عجز الموازنة من 4.4% من إجمالي الناتج المحلي في 2016 إلى 3.5% في 2017.,1,1,1,"مدعوم: نعم
مطابق: نعم",0
w011,A,P2,"['wiki_00563', 'wiki_00453', 'wiki_00564', 'chunk_011', 'wiki_02608']",المعلومة غير متوفرة في النصوص,1,0,0,"مدعوم: لا
مطابق: لا",1
w012,A,P2,"['wiki_02230', 'wiki_02227', 'wiki_02228', 'wiki_02229', 'wiki_02224']",فاتح أبريل 1998,1,1,1,"مدعوم: نعم
مطابق: نعم",0
w013,A,P2,"['wiki_02230', 'wiki_02227', 'wiki_02228', 'wiki_02231', 'wiki_02224']",استمر تبديل الأوراق البنكية المسحوبة في شبابيك بنك المغرب إلى غاية 31 دجنبر 2011.,1,1,1,"مدعوم: نعم
مطابق: نعم",0
w014,A,P2,"['wiki_02691', 'wiki_02693', 'chunk_002', 'wiki_01303', 'wiki_02692']","36,8 مليون نسمة",1,1,1,"مدعوم: نعم
مطابق: نعم",0
w015,A,P2,"['wiki_02691', 'wiki_00564', 'wiki_00582', 'wiki_00563', 'wiki_02607']","من 29% في 1960 إلى 62,8% في 2024.",1,1,1,"مدعوم: نعم
مطابق: نعم",0
w016,A,P2,"['wiki_02691', 'wiki_02194', 'wiki_00564', 'wiki_02693', 'wiki_02741']",المعدل السنوي للنمو السكاني خلال الفترة 2014-2024 بلغ حوالي 0.85%.,1,1,1,"مدعوم: نعم
مطابق: نعم",0
w017,A,P2,"['wiki_01011', 'wiki_01012', 'wiki_01297', 'wiki_01020', 'wiki_01018']","88,8٪",1,1,1,"مدعوم: نعم
مطابق: نعم",0
w018,A,P2,"['wiki_01011', 'wiki_01297', 'wiki_00443', 'wiki_01020', 'wiki_01379']","9,4%",1,1,1,"مدعوم: نعم
مطابق: نعم",0
w019,A,P2,"['wiki_00436', 'wiki_00569', 'wiki_00426', 'wiki_01110', 'wiki_01106']",15%,1,1,1,"مدعوم: نعم
مطابق: نعم",0
w020,A,P2,"['wiki_00448', 'wiki_00568', 'wiki_00436', 'wiki_01292', 'wiki_00435']",مواد التجهيز ومصادر الطاقة ومواد غذائية.,1,0,0,"مدعوم: لا
مطابق: لا",0
w021,A,P2,"['wiki_01430', 'wiki_01654', 'wiki_00436', 'wiki_01292', 'wiki_01432']",55.8 %,1,1,1,"مدعوم: نعم
مطابق: نعم",0
w022,A,P2,"['wiki_01430', 'wiki_01766', 'wiki_01476', 'wiki_01230', 'wiki_02521']",مليون دولار يوميا,1,1,1,"مدعوم: نعم
مطابق: نعم",0
w023,A,P2,"['wiki_00350', 'wiki_00574', 'wiki_00572', 'wiki_02967', 'wiki_00575']",وقعت اتفاقية التجارة الحرة بين المغرب والولايات المتحدة في 15 يونيو 2004.,1,1,0,"مدعوم: نعم
مطابق: لا",0
w024,A,P2,"['wiki_00574', 'wiki_01284', 'wiki_00575', 'wiki_00569', 'wiki_00436']",百分之一百二十二,1,1,1,"مدعوم: نعم
مطابق: نعم",0
w025,A,P2,"['wiki_00574', 'wiki_00740', 'wiki_01269', 'wiki_00432', 'wiki_02967']",قطاعي السياحة والنسيج,1,1,1,"مدعوم: نعم
مطابق: نعم",0
w026,A,P2,"['wiki_01297', 'wiki_00682', 'wiki_00689', 'wiki_01770', 'wiki_01298']",سنة 2025,1,1,1,"مدعوم: نعم
مطابق: نعم",0
w027,A,P2,"['wiki_01021', 'wiki_01012', 'wiki_01011', 'wiki_01297', 'wiki_01013']",80.4٪,1,0,0,"مدعوم: لا
مطابق: لا",0
w028,A,P2,"['wiki_02790', 'wiki_02789', 'wiki_01372', 'wiki_01408', 'wiki_02611']",طنجة وأكادير والعيون,1,1,1,"مدعوم: نعم
مطابق: نعم",0
w029,A,P2,"['wiki_02790', 'wiki_01289', 'wiki_02783', 'wiki_02791', 'wiki_02795']",Saskفت الناتج الداخلي الخام لقطاع الصيد البحري من 8.3 إلى 15 مليار درهم بين سنتي 2007 و2015.,1,1,1,"مدعوم: نعم
مطابق: نعم",0
w030,A,P2,"['wiki_02790', 'wiki_01289', 'wiki_02783', 'wiki_02791', 'wiki_02792']","1,460,000 طن",1,1,1,"مدعوم: نعم
مطابق: نعم",0
w031,A,P2,"['wiki_01281', 'wiki_00428', 'wiki_02608', 'wiki_00445', 'wiki_00412']",56.5%,1,1,1,"مدعوم: نعم
مطابق: نعم",0
w032,A,P2,"['wiki_01281', 'wiki_02609', 'wiki_01361', 'wiki_02608', 'wiki_01312']",ثلاثة آلاف وسبعمائة دولار أمريكي,1,1,0,"مدعوم: نعم
مطابق: لا",0
w033,A,P2,"['wiki_01281', 'wiki_01284', 'wiki_01312', 'wiki_00563', 'wiki_01279']",يحتل المغرب المرتبة 107 في إنتاجية القوى العاملة حسب تقرير منظمة العمل الدولية لسنة 2023.,1,1,1,"مدعوم: نعم
مطابق: نعم",0
w034,A,P2,"['wiki_02387', 'wiki_01379', 'wiki_01020', 'wiki_01380', 'wiki_01021']",2700 مليون كيلواط,1,1,1,"مدعوم: نعم
مطابق: نعم",0
w035,A,P2,"['wiki_01379', 'wiki_02386', 'wiki_01378', 'wiki_01281', 'wiki_02411']",تبلغ حصة المدارات المسقية في الناتج المحلي الخام بين 7% و10% حسب الحالة المائية للسنة.,1,1,1,"مدعوم: نعم
مطابق: نعم",0
w036,A,P2,"['wiki_01377', 'wiki_02384', 'wiki_00436', 'wiki_01095', 'wiki_00428']",40% حتى 60%,1,1,1,"مدعوم: نعم
مطابق: نعم",0
w037,A,P2,"['wiki_00438', 'wiki_00439', 'wiki_01312', 'chunk_007', 'wiki_01814']",90%,0,0,0,"مدعوم: لا
مطابق: لا",0
w038,A,P2,"['wiki_02635', 'wiki_02646', 'wiki_02645', 'wiki_02644', 'wiki_02643']",16289,1,1,1,"مدعوم: نعم
مطابق: نعم",0
w039,A,P2,"['wiki_02646', 'wiki_02635', 'wiki_02643', 'wiki_02644', 'wiki_02645']",في سنة 1995,1,1,1,"مدعوم: نعم
مطابق: نعم",0
w040,A,P2,"['wiki_00814', 'wiki_00813', 'wiki_02649', 'wiki_02333', 'wiki_01568']",عدد المدارس الابتدائية بالدار البيضاء خلال الموسم الدراسي 2008/2009 هو 435 مدرسة.,1,1,1,"مدعوم: نعم
مطابق: نعم",0
w041,A,P2,"['wiki_01106', 'wiki_00584', 'wiki_00441', 'wiki_01011', 'wiki_00444']",75%,1,1,1,"مدعوم: نعم
مطابق: نعم",0
w042,A,P2,"['wiki_01106', 'wiki_00617', 'wiki_00584', 'wiki_01650', 'wiki_00441']",الصين,1,1,1,"مدعوم: نعم
مطابق: نعم",0
w043,A,P2,"['wiki_02193', 'wiki_02194', 'wiki_02187', 'wiki_02189', 'wiki_02188']","بلغ عدد سكان جماعة خنيفرة سنة 2024 حوالي 242,376 نسمة.",1,0,0,"مدعوم: لا
مطابق: لا",0
w044,A,P2,"['wiki_02194', 'wiki_02193', 'wiki_02202', 'wiki_02187', 'wiki_02188']",المعلومة غير متوفرة في النصوص,1,1,1,"مدعوم: نعم
مطابق: نعم",1
w045,A,P2,"['wiki_01074', 'wiki_01070', 'wiki_01077', 'wiki_00955', 'wiki_00959']",لتشجيع الاستثمارات والصادرات والمساهمة في تمويل مشروع طرامواي الرباط - سلا.,1,1,1,"مدعوم: نعم
مطابق: نعم",0
w046,A,P2,"['wiki_01662', 'wiki_01663', 'wiki_01304', 'wiki_02700', 'wiki_02693']",1503,1,1,1,"مدعوم: نعم
مطابق: نعم",0
w047,A,P2,"['wiki_02386', 'wiki_01378', 'wiki_02411', 'wiki_00595', 'wiki_00438']",1050000 هكتار,1,1,1,"مدعوم: نعم
مطابق: نعم",0
w048,A,P2,"['wiki_01378', 'wiki_02386', 'wiki_02385', 'wiki_00633', 'wiki_02824']",تساهم في 75% من الصادرات الفلاحية,1,1,1,"مدعوم: نعم
مطابق: نعم",0
w049,A,P2,"['wiki_02226', 'wiki_02225', 'wiki_01486', 'wiki_01280', 'wiki_02609']","±2,5٪",1,1,1,"مدعوم: نعم
مطابق: نعم",0
w050,A,P2,"['wiki_02609', 'wiki_01361', 'wiki_01418', 'wiki_01368', 'wiki_00415']",خفض الدين العام إلى 60% من إجمالي الناتج المحلي بحلول عام 2021.,1,1,1,"مدعوم: نعم
مطابق: نعم",0
w051,A,P2,"['wiki_01040', 'wiki_01981', 'wiki_01983', 'wiki_01035', 'wiki_01043']",ثماني وعشرين سنة,1,1,1,"مدعوم: نعم
مطابق: نعم",0
w052,A,P2,"['wiki_01040', 'wiki_02278', 'wiki_01444', 'wiki_01972', 'wiki_00620']",19 ماي 1881م,1,1,1,"مدعوم: نعم
مطابق: نعم",0
w053,A,P2,"['wiki_02950', 'wiki_02955', 'wiki_02954', 'wiki_02957', 'wiki_02956']",ستة إلى ثمانية أنواع من السلطات.,1,1,1,"مدعوم: نعم
مطابق: نعم",0
w054,A,P2,"['wiki_02950', 'wiki_02954', 'wiki_02953', 'wiki_02955', 'wiki_02956']",بالفلفل وزيت الزيتون والكمون.,1,1,1,"مدعوم: نعم
مطابق: نعم",0
w055,A,P2,"['wiki_00949', 'wiki_00200', 'wiki_00948', 'wiki_00936', 'wiki_00943']",أربعة وثلاثون موقعًا,1,0,0,"مدعوم: لا
مطابق: لا",0
w056,A,P2,"['wiki_00949', 'wiki_00948', 'wiki_02671', 'wiki_01773', 'wiki_02497']",يبدو أن النقوش الصخرية في إقليم السمارة تعود إلى حوالي 4000-8000 ق.م.,1,1,1,"مدعوم: نعم
مطابق: نعم",0
w057,A,P2,"['wiki_02594', 'wiki_02596', 'wiki_02597', 'wiki_02595', 'wiki_00043']",سعيد العلام,1,1,1,"مدعوم: نعم
مطابق: نعم",0
w058,A,P2,"['wiki_02594', 'wiki_02596', 'wiki_02597', 'wiki_02595', 'wiki_00059']",جائزة كتارا للرواية العربية، سنة 2020,1,1,1,"مدعوم: نعم
مطابق: نعم",0
w059,A,P2,"['wiki_01477', 'wiki_01476', 'wiki_00366', 'wiki_01267', 'wiki_01478']",البوليساريو اقترحت إشراك الصحراويين الذين تم إحصاؤهم من طرف الإدارة الإسبانية عام 1974م في الاستفتاء.,1,1,1,"مدعوم: نعم
مطابق: نعم",0
w060,A,P2,"['wiki_01477', 'wiki_00301', 'wiki_01659', 'wiki_01266', 'wiki_01252']",السلطات الإسبانية رحلت القبائل الصحراوية إلى إقليم واد نون في المغرب سنة 1969.,1,1,1,"مدعوم: نعم
مطابق: نعم",0
w061,A,P2,"['wiki_02133', 'wiki_00652', 'wiki_00651', 'wiki_02130', 'wiki_02129']",أُرسل الأسطول البحري الأمريكي في 13 مايو 1801 في بداية الحرب.,1,1,1,"مدعوم: نعم
مطابق: نعم",0
w062,A,P2,"['wiki_00651', 'wiki_00652', 'wiki_02130', 'wiki_02124', 'wiki_00653']",توماس جيفرسون,1,1,1,"مدعوم: نعم
مطابق: نعم",0
w063,A,P2,"['wiki_00873', 'wiki_00879', 'wiki_00871', 'wiki_00878', 'wiki_00872']",الصناعة التقليدية التي يتميز بها مركز الريش هي صناعة الزربية والجلباب.,1,1,1,"مدعوم: نعم
مطابق: نعم",0
w064,A,P2,"['wiki_00873', 'wiki_00879', 'wiki_00868', 'wiki_00875', 'wiki_00869']",صناعة الفخار، الدباغة، صياغة الحلي.,1,1,1,"مدعوم: نعم
مطابق: نعم",0
w065,A,P2,"['wiki_00622', 'wiki_01357', 'wiki_02895', 'wiki_00193', 'wiki_00195']",عاش أمازيغ الأطلس المتوسط في جماعات منعزلة ومغلقة، حيث تمثل كل قبيلة كيانًا مستقلًا بخصوصياتها دون علاقات واضحة مع القبائل المجاورة.,1,1,1,"مدعوم: نعم
مطابق: نعم",0
w066,A,P2,"['wiki_00622', 'wiki_01061', 'wiki_01714', 'wiki_02180', 'wiki_01062']",لم يعرف الأمازيغية القبائل شكلاً من أشكال الاتحاد الكونفدرالي.,1,1,1,"مدعوم: نعم
مطابق: نعم",0
w067,A,P2,"['wiki_00872', 'wiki_00879', 'wiki_02825', 'wiki_02793', 'wiki_00871']",سعة وحدة التبريد المخصصة للحفاظ على التفاح تصل إلى 1600 طن.,1,1,1,"مدعوم: نعم
مطابق: نعم",0
w068,A,P2,"['wiki_00879', 'wiki_00872', 'wiki_01101', 'wiki_00873', 'wiki_00878']",مدينة مكناس,1,1,1,"مدعوم: نعم
مطابق: نعم",0
w069,A,P2,"['wiki_01254', 'wiki_01253', 'wiki_00193', 'chunk_058', 'wiki_00797']",1500 متر,1,1,1,"مدعوم: نعم
مطابق: نعم",0
w070,A,P2,"['wiki_01791', 'wiki_01797', 'wiki_01796', 'wiki_02002', 'wiki_01792']",المعلومة غير متوفرة في النصوص,0,0,0,"مدعوم: لا
مطابق: لا",1
w071,A,P2,"['wiki_01791', 'wiki_01796', 'wiki_01795', 'wiki_01797', 'wiki_01510']",1500,1,1,1,"مدعوم: نعم
مطابق: نعم",0
w072,A,P2,"['wiki_01795', 'wiki_01793', 'wiki_01794', 'wiki_01952', 'wiki_01347']",1614 و1681,1,1,1,"مدعوم: نعم
مطابق: نعم",0
w073,A,P2,"['wiki_02019', 'wiki_02017', 'wiki_01953', 'wiki_02015', 'wiki_02021']",يوليو - غشت 1947,1,1,1,"مدعوم: نعم
مطابق: نعم",0
w074,A,P2,"['wiki_02015', 'wiki_02016', 'wiki_02017', 'wiki_02020', 'wiki_02019']",تمتاز الجماعة في مدينة جرادة من قبل رؤساء العائلات حسب الانتماء الإثني لكل مجموعة قبيلة.,1,0,0,"مدعوم: لا
مطابق: لا",0
w075,A,P2,"['wiki_01101', 'wiki_01103', 'wiki_01102', 'wiki_01878', 'wiki_00920']",تنتشر سلالة الأبقار والماس زعير في منطقة الرماني وزمور وزعير وقبائل زيان خاصة في منطقة مريرت.,1,1,1,"مدعوم: نعم
مطابق: نعم",0
w076,A,P2,"['wiki_01101', 'wiki_02814', 'wiki_02812', 'wiki_02243', 'wiki_01671']",سنة 1981,1,1,1,"مدعوم: نعم
مطابق: نعم",0
w077,A,P2,"['wiki_01101', 'wiki_01103', 'wiki_01102', 'wiki_00920', 'wiki_01099']",سلالة مكناس,1,1,1,"مدعوم: نعم
مطابق: نعم",0
w078,A,P2,"['wiki_00645', 'wiki_00643', 'wiki_00646', 'wiki_00647', 'wiki_00644']",على ارتفاع 1200 متر فوق سطح البحر.,1,1,1,"مدعوم: نعم
مطابق: نعم",0
w079,A,P2,"['wiki_00643', 'wiki_00645', 'wiki_00646', 'wiki_00647', 'wiki_00644']",تبعد مدينة الحاجب عن مكناس بمسافة 32 كلم.,1,1,1,"مدعوم: نعم
مطابق: نعم",0
w080,A,P2,"['wiki_00643', 'wiki_00645', 'wiki_00646', 'wiki_00648', 'wiki_00767']",المعلومة غير متوفرة في النصوص,1,1,0,"مدعوم: نعم
مطابق: لا",1
w081,A,P2,"['wiki_01214', 'wiki_01216', 'wiki_01215', 'wiki_01104', 'wiki_01217']",ستة أيام,1,1,1,"مدعوم: نعم
مطابق: نعم",0
w082,A,P2,"['wiki_01216', 'wiki_01214', 'wiki_01215', 'wiki_01217', 'wiki_01104']",الأيام الثلاثة الأولى مخصصة للمحترفين، والأيام الثلاثة الأخرى مفتوحة لعامة الناس.,1,1,1,"مدعوم: نعم
مطابق: نعم",0
w083,A,P2,"['wiki_01214', 'wiki_01216', 'wiki_01215', 'wiki_01217', 'wiki_01104']","370,000 m2",1,1,1,"مدعوم: نعم
مطابق: نعم",0
w084,A,P2,"['wiki_02924', 'wiki_02926', 'wiki_02294', 'wiki_02927', 'wiki_02925']",اقتصاد مدينة مرزوكة يعتمد بشكل كامل تقريبًا على السياحة.,1,1,1,"مدعوم: نعم
مطابق: نعم",0
w085,A,P2,"['wiki_02924', 'wiki_02926', 'wiki_02927', 'wiki_01941', 'wiki_02925']",المدينة تعاني من مشاكل في التعليم، نظافة المنطقة، الموارد المائية، البنية التحتية اللوجستية، صرف صحي ضعيف، وضعف في قطاع الصحة.,1,0,0,"مدعوم: لا
مطابق: لا",0
w086,A,P2,"['wiki_01372', 'wiki_01373', 'wiki_00350', 'wiki_00572', 'wiki_01071']",سنة 2012,1,1,1,"مدعوم: نعم
مطابق: نعم",0
w087,A,P2,"['wiki_01372', 'wiki_00778', 'wiki_00796', 'wiki_00424', 'wiki_01373']",حوالي 120 كيلومترًا,1,1,1,"مدعوم: نعم
مطابق: نعم",0
w088,A,P2,"['wiki_01372', 'wiki_01373', 'wiki_00707', 'wiki_00468', 'wiki_01141']",مساحة المنطقة الحرة الأطلسية تقارب 500 هكتار.,1,1,1,"مدعوم: نعم
مطابق: نعم",0
w089,A,P2,"['wiki_01161', 'wiki_01162', 'wiki_01163', 'wiki_00508', 'wiki_00455']",أُحدثت اللجنة الوطنية لمناخ الأعمال سنة 2009 ويرأسها رئيس الحكومة.,1,1,1,"مدعوم: نعم
مطابق: نعم",0
w090,A,P2,"['wiki_01161', 'wiki_01162', 'wiki_01163', 'wiki_00455', 'wiki_00456']",الهدف من اللجنة الوطنية لمناخ الأعمال هو تحسين مناخ الأعمال وتعزيز جاذبية المغرب للاستثمارات.,1,1,1,"مدعوم: نعم
مطابق: نعم",0
w091,A,P2,"['wiki_01715', 'wiki_01768', 'wiki_01783', 'wiki_01267', 'wiki_01251']",المعلومة غير متوفرة في النصوص,0,0,0,"مدعوم: لا
مطابق: لا",1
w092,A,P2,"['wiki_02700', 'wiki_02702', 'wiki_00904', 'wiki_00196', 'wiki_02187']",مراكش,1,1,1,"مدعوم: نعم
مطابق: نعم",0
w093,A,P2,"['wiki_00323', 'wiki_00324', 'wiki_00325', 'wiki_01660', 'wiki_01658']",منذ عام 1960 يتبع إقليم شنقيط لموريتانيا.,1,1,1,"مدعوم: نعم
مطابق: نعم",0
w094,A,P2,"['wiki_00324', 'wiki_00325', 'wiki_01329', 'wiki_01252', 'wiki_00930']",نهر السنغال,1,1,1,"مدعوم: نعم
مطابق: نعم",0
w095,A,P2,"['wiki_02031', 'wiki_00901', 'wiki_02030', 'wiki_02675', 'wiki_00802']",2 كم,1,1,1,"مدعوم: نعم
مطابق: نعم",0
w096,A,P2,"['wiki_00650', 'wiki_00649', 'wiki_01378', 'wiki_00615', 'wiki_02385']",مرسوم رقم 2.24.1122,1,1,1,"مدعوم: نعم
مطابق: نعم",0
w097,A,P2,"['wiki_00650', 'wiki_00373', 'wiki_02973', 'wiki_01489', 'wiki_02863']",توحيد الحد الأدنى للأجور بين القطاعات الفلاحية وغير الفلاحية خلال ثلاث سنوات.,1,1,1,"مدعوم: نعم
مطابق: نعم",0
w098,A,P2,"['wiki_01204', 'wiki_01203', 'wiki_00487', 'wiki_00474', 'wiki_00793']",المدرسة البوعنانية بفاس بنيت ما بين عامي 1350م و1355م.,1,1,1,"مدعوم: نعم
مطابق: نعم",0
w099,A,P2,"['wiki_01204', 'wiki_01203', 'wiki_01205', 'wiki_01453', 'wiki_01614']",باب بوجلود يعد المدخل الرئيسي لفاس البالي.,1,1,1,"مدعوم: نعم
مطابق: نعم",0
w100,A,P2,"['wiki_01367', 'wiki_01366', 'wiki_00451', 'wiki_00810', 'wiki_00445']",167 مقعدا,1,1,1,"مدعوم: نعم
مطابق: نعم",0
w101,A,P2,"['wiki_02640', 'wiki_02635', 'wiki_02646', 'wiki_02644', 'wiki_02641']",200 ملم,1,1,1,"مدعوم: نعم
مطابق: نعم",0
w102,A,P2,"['wiki_02640', 'wiki_02635', 'wiki_02204', 'wiki_02641', 'wiki_01065']",تفوق 39.6 درجة مئوية في فصل الصيف.,1,1,1,"مدعوم: نعم
مطابق: نعم",0
w103,A,P2,"['wiki_02640', 'wiki_02635', 'wiki_02644', 'wiki_02643', 'wiki_02646']",واد الشارف واد تبودة وادي مسخسخة وادي وزين,1,1,1,"مدعوم: نعم
مطابق: نعم",0
w104,A,P2,"['wiki_00431', 'wiki_01650', 'wiki_00430', 'wiki_00427', 'wiki_01430']",تداخل النزعة الليبرالية مع الاقتصاد الموجه، إضافة إلى سياسة تجارية حمائية، وتدخل وازن للسلطات الحكومية في السياسات الاقتصادية والاجتماعية.,1,1,1,"مدعوم: نعم
مطابق: نعم",0
w105,A,P2,"['wiki_00431', 'wiki_00430', 'wiki_00461', 'wiki_01650', 'wiki_01997']",أولى الأوراش الاقتصادية لأولى الحكومات المغربية بعد الاستقلال تخص إرساء الاستقلالية الاقتصادية، لدولة خارجة للتو من الاستعمار.,1,1,1,"مدعوم: نعم
مطابق: نعم",0
w106,A,P2,"['wiki_00565', 'wiki_01491', 'wiki_01490', 'wiki_01486', 'wiki_02224']",أُنشئ البنك المخزني المغربي سنة 1907 في طنجة شمال المغرب.,1,1,1,"مدعوم: نعم
مطابق: نعم",0
w107,A,P2,"['wiki_00565', 'wiki_01490', 'wiki_01486', 'wiki_01491', 'wiki_01489']",قامت البنك المخزني بدور البنك المركزي من سنة 1955 إلى سنة 1959.,1,0,0,"مدعوم: لا
مطابق: لا",0
w108,A,P2,"['wiki_02856', 'wiki_00717', 'wiki_00719', 'wiki_00716', 'wiki_00692']",الغرض الرئيسي من تنظيم مؤتمر الجزيرة الخضراء كان حل الأزمة المغربية الأولى وتحديد مصير المغرب كمستعمرة أوروبية.,0,1,0,"مدعوم: نعم
مطابق: لا",0
w109,A,P2,"['wiki_00738', 'wiki_00737', 'wiki_00734', 'wiki_00735', 'wiki_01362']",أحمد بن المهدي الغزال,1,1,1,"مدعوم: نعم
مطابق: نعم",0
w110,A,P2,"['wiki_00738', 'wiki_00737', 'wiki_00579', 'wiki_01126', 'wiki_01347']",لقد زار محمد بن عثمان المكناسي إسبانيا لعقد معاهدة لتجديد الصلح بين المغرب وإسبانيا وإطلاق صراح الأسرى الجزائريين بإسبانيا.,1,1,1,"مدعوم: نعم
مطابق: نعم",0
w111,A,P2,"['wiki_02472', 'wiki_00114', 'wiki_02730', 'wiki_00070', 'wiki_00139']",الكلمة «أصفراو» في اللغة الأمازيغية تعني المنطقة المقعرة.,1,1,1,"مدعوم: نعم
مطابق: نعم",0
w112,A,P2,"['wiki_02472', 'wiki_02471', 'wiki_02479', 'wiki_02481', 'wiki_02476']",قبائل الباكوات لـموريطنية الطنجية قطن سكان صفرو الأوائل الكهوف والمغارات.,1,0,0,"مدعوم: لا
مطابق: لا",0
w113,A,P2,"['wiki_02472', 'wiki_02481', 'wiki_02477', 'wiki_02479', 'wiki_00127']",البهاليل,1,1,1,"مدعوم: نعم
مطابق: نعم",0
w114,A,P2,"['wiki_01117', 'wiki_01119', 'wiki_01133', 'wiki_01120', 'wiki_01135']",35 كلم,1,1,1,"مدعوم: نعم
مطابق: نعم",0
w115,A,P2,"['wiki_01117', 'wiki_01123', 'wiki_01118', 'wiki_00079', 'wiki_01119']",مسجد، وحمام، ومركز تجاري.,1,1,1,"مدعوم: نعم
مطابق: نعم",0
w116,A,P2,"['wiki_01117', 'wiki_01118', 'wiki_00152', 'wiki_01330', 'wiki_01794']",في يوم 23 أكتوبر 1458م استولى الجيش البرتغالي بقيادة ألفونس الخامس على القصر الصغير.,1,1,1,"مدعوم: نعم
مطابق: نعم",0
w117,A,P2,"['wiki_01242', 'wiki_02220', 'wiki_00050', 'wiki_00183', 'wiki_02903']",ألبرت حوراني,1,1,1,"مدعوم: نعم
مطابق: نعم",0
w118,A,P2,"['wiki_01242', 'wiki_01228', 'wiki_00641', 'wiki_01243', 'wiki_00480']",المحامِك والوزارات والجيش,1,1,1,"مدعوم: نعم
مطابق: نعم",0
w119,A,P2,"['wiki_01086', 'wiki_01894', 'wiki_01897', 'wiki_01892', 'wiki_02455']",مساحة القصبة المخزنية تبلغ 6704م² وعدد أبراجها 5.,1,1,1,"مدعوم: نعم
مطابق: نعم",0
w120,A,P2,"['wiki_01892', 'wiki_02712', 'wiki_01890', 'wiki_01894', 'wiki_01190']",تنسب إلى القائد الحاحي محمد أغناج.,1,1,1,"مدعوم: نعم
مطابق: نعم",0
w121,A,P2,"['wiki_02269', 'wiki_02268', 'wiki_01458', 'wiki_00186', 'wiki_00141']",أوعبيد الله كانت تعرف بقصبة المرينيين في العصر المريني.,1,1,1,"مدعوم: نعم
مطابق: نعم",0
w122,A,P2,"['wiki_02787', 'wiki_00626', 'wiki_02786', 'wiki_00139', 'wiki_00625']",وفرة سمك الشابل والتون في أزمور، والإقبال الأوروبي على شرائه.,1,1,1,"مدعوم: نعم
مطابق: نعم",0
w123,A,P2,"['wiki_02787', 'wiki_00303', 'wiki_00686', 'wiki_00690', 'wiki_01678']",سنة 1476,1,1,1,"مدعوم: نعم
مطابق: نعم",0
w124,A,P2,"['wiki_02319', 'wiki_02320', 'wiki_02324', 'wiki_02321', 'wiki_02323']",لقب عاصمة الشاوية,1,1,1,"مدعوم: نعم
مطابق: نعم",0
w125,A,P2,"['wiki_02319', 'wiki_02323', 'wiki_02324', 'wiki_02320', 'wiki_01149']",40 كم,1,0,0,"مدعوم: لا
مطابق: لا",0
w126,A,P2,"['wiki_02319', 'wiki_02320', 'wiki_02324', 'wiki_02323', 'wiki_02321']",الرمز هو الحصان الذي يتواجد في قلب المدينة.,1,1,1,"مدعوم: نعم
مطابق: نعم",0
w127,A,P2,"['wiki_02319', 'wiki_02323', 'wiki_02320', 'wiki_02324', 'wiki_01388']",ارتفاع سطات عن سطح البحر يبلغ حوالي 370 مترا.,1,1,1,"مدعوم: نعم
مطابق: نعم",0
w128,A,P2,"['wiki_00186', 'wiki_02445', 'wiki_02444', 'wiki_00187', 'wiki_00188']",اللون الأبيض شعار الموحدون.,0,1,1,"مدعوم: نعم
مطابق: نعم",0
w129,A,P2,"['wiki_00186', 'wiki_02445', 'wiki_02638', 'wiki_00187', 'wiki_02235']",ينسب إلى المرابطين استعمال راية سوداء ذات كتابات أو زخارف ذهبية، رابطًا اللون الأسود باعترافهم الاسمي بشرعية الخلافة العباسية.,0,1,1,"مدعوم: نعم
مطابق: نعم",0
w130,A,P2,"['wiki_01860', 'wiki_01857', 'wiki_01861', 'wiki_01845', 'wiki_01855']",جبال بني يزناسن من الجهة الشمالية وجبال دبدو ومرتفعات لمقام من الجهة الجنوبية.,1,0,0,"مدعوم: لا
مطابق: لا",0
w131,A,P2,"['wiki_01845', 'wiki_01856', 'wiki_01861', 'wiki_01593', 'wiki_01860']",اعتمدت سكان منطقة تاوريرت على تربية الماشية والزراعة البورية في معيشتهم.,1,1,1,"مدعوم: نعم
مطابق: نعم",0
w132,A,P2,"['wiki_02297', 'wiki_02303', 'wiki_02302', 'wiki_02307', 'wiki_01812']",مدينة سجلماسة التاريخية تقع في المملكة المغربية، وسط واحة كبيرة جنوب الأطلس الكبير.,1,1,1,"مدعوم: نعم
مطابق: نعم",0
w133,A,P2,"['wiki_02297', 'wiki_02305', 'wiki_01705', 'wiki_02700', 'wiki_01229']",المعلومة غير متوفرة في النصوص,1,1,1,"مدعوم: نعم
مطابق: نعم",1
w134,A,P2,"['wiki_02297', 'wiki_02299', 'wiki_02304', 'wiki_02306', 'wiki_02302']",سجلماسة بنيت سنة 140 هـ/757م من قبل عيسى بن يزيد الأسود.,1,1,1,"مدعوم: نعم
مطابق: نعم",0
w135,A,P2,"['wiki_01432', 'wiki_01653', 'wiki_01429', 'wiki_01144', 'wiki_01654']",من 17% إلى 19%.,1,1,1,"مدعوم: نعم
مطابق: نعم",0
w136,A,P2,"['wiki_01432', 'wiki_01431', 'wiki_01654', 'wiki_01429', 'wiki_01430']",67 %,1,1,1,"مدعوم: نعم
مطابق: نعم",0
w137,A,P2,"['wiki_01432', 'wiki_02289', 'wiki_02057', 'wiki_02177', 'wiki_02135']",100 درهم,1,1,1,"مدعوم: نعم
مطابق: نعم",0
w138,A,P2,"['wiki_02057', 'wiki_02055', 'wiki_02039', 'wiki_02047', 'wiki_02053']",مصادر الدخل التي اعتمدتها جمهورية الريف هي: الضرائب، الزكاة، الغرامات، التبرعات، وفداء الأسرى.,1,1,1,"مدعوم: نعم
مطابق: نعم",0
w139,A,P2,"['wiki_02057', 'wiki_01524', 'wiki_02044', 'wiki_02740', 'wiki_02301']",عشرين ألف بيزيتا,1,1,1,"مدعوم: نعم
مطابق: نعم",0
w140,A,P2,"['wiki_02057', 'wiki_02055', 'wiki_01442', 'wiki_02050', 'wiki_02053']",سياسة الحكومة الريفية بخصوص الأراضي الزراعية كانت سحب الأراضي من من يعجز أو يتهاون في زرعها وذلك للمحافظة على الإنتاج.,1,1,1,"مدعوم: نعم
مطابق: نعم",0
w141,A,P2,"['wiki_00048', 'wiki_00062', 'wiki_00055', 'wiki_00038', 'wiki_00411']",عزيز أخنوش,1,1,1,"مدعوم: نعم
مطابق: نعم",0
w142,A,P2,"['wiki_00048', 'wiki_00038', 'wiki_00055', 'wiki_00526', 'wiki_00027']",عبد الوافي لفتيت,1,1,1,"مدعوم: نعم
مطابق: نعم",0
w143,A,P2,"['wiki_02467', 'wiki_02466', 'wiki_00920', 'wiki_02469', 'wiki_01091']",أيلان,1,1,1,"مدعوم: نعم
مطابق: نعم",0
w144,A,P2,"['wiki_02467', 'wiki_02466', 'wiki_00920', 'wiki_01774', 'wiki_00179']",مدينة نفيس,1,1,1,"مدعوم: نعم
مطابق: نعم",0
w145,A,P2,"['wiki_00610', 'wiki_00604', 'wiki_00614', 'wiki_00600', 'wiki_00606']",المعلومة غير متوفرة في النصوص,0,0,0,"مدعوم: لا
مطابق: لا",1
w146,A,P2,"['wiki_00604', 'wiki_00602', 'wiki_00611', 'wiki_00600', 'wiki_00606']",خمسة عشر سنة,1,1,1,"مدعوم: نعم
مطابق: نعم",0
w147,A,P2,"['wiki_02939', 'wiki_02940', 'wiki_00105', 'wiki_00294', 'wiki_02941']",تم تدشين مستشفى القرب بأحفير يوم 25 يوليوز 2024.,1,1,1,"مدعوم: نعم
مطابق: نعم",0
w148,A,P2,"['wiki_02939', 'wiki_02940', 'wiki_00105', 'wiki_00219', 'wiki_01198']",وزير الصحة والحماية الاجتماعية خالد آيت الطالب,1,1,1,"مدعوم: نعم
مطابق: نعم",0
w149,A,P2,"['wiki_01469', 'wiki_01062', 'wiki_01468', 'wiki_01471', 'wiki_02209']",سبع سنوات,1,1,1,"مدعوم: نعم
مطابق: نعم",0
w150,A,P2,"['wiki_02705', 'wiki_00149', 'wiki_00155', 'wiki_00150', 'wiki_00170']",مدينة أصيلة تشتهر بمهرجانها الثقافي الدولي وقصبة تاريخية وأسوارها وأبوابها المصنفة كتراث وطني.,1,1,1,"مدعوم: نعم
مطابق: نعم",0
w151,A,P2,"['wiki_01062', 'wiki_01474', 'wiki_01064', 'wiki_01061', 'wiki_01726']",الاستغلال الذي فرض على الأمازيغ من خلال السيطرة على أراضيهم الفلاحية، وفرض السخرة عليهم، واستخدام القوة لإخضاعهم.,1,1,1,"مدعوم: نعم
مطابق: نعم",0
w152,A,P2,"['wiki_01062', 'wiki_01472', 'wiki_01474', 'wiki_01061', 'wiki_01469']",أبرز زعماء المقاومة الأمازيغية ضد الرومان هم تاكفاريناس وأيديمون ودونات.,1,1,1,"مدعوم: نعم
مطابق: نعم",0
w153,A,P2,"['wiki_02491', 'wiki_02484', 'wiki_01729', 'wiki_01411', 'wiki_02488']",تأسس صندوق محمد السادس للاستثمار في عام 2021.,1,1,1,"مدعوم: نعم
مطابق: نعم",0
w154,A,P2,"['wiki_02491', 'wiki_01492', 'wiki_01486', 'wiki_01208', 'wiki_02484']",المقر الرئيسي لصندوق محمد السادس للاستثمار في مدينة الرباط.,1,1,1,"مدعوم: نعم
مطابق: نعم",0
w155,A,P2,"['wiki_02491', 'wiki_02484', 'wiki_02229', 'wiki_02490', 'wiki_00466']",في سياق تدابير الإنعاش الاقتصادي المعتمدة في أعقاب جائحة كوفيد-19.,1,1,1,"مدعوم: نعم
مطابق: نعم",0
w156,A,P2,"['wiki_02032', 'wiki_02034', 'wiki_02033', 'wiki_02943', 'wiki_02038']",10,0,1,0,"مدعوم: نعم
مطابق: لا",0
w157,A,P2,"['wiki_02032', 'wiki_02034', 'wiki_02038', 'wiki_02033', 'wiki_02035']",مستشفى ومستوصف صحي ودار للولادة,1,1,1,"مدعوم: نعم
مطابق: نعم",0
w158,A,P2,"['wiki_02388', 'wiki_01380', 'wiki_02390', 'wiki_02691', 'wiki_00503']",ارتفعت الساكنة الحضرية من 13 إلى 17 مليون نسمة بين عامي 1992 و2004.,1,1,1,"مدعوم: نعم
مطابق: نعم",0
w159,A,P2,"['wiki_01393', 'wiki_02388', 'wiki_01256', 'wiki_02415', 'wiki_02404']",العقلانية في التدبير ومعالجة التلوث,1,1,1,"مدعوم: نعم
مطابق: نعم",0
w160,A,P2,"['wiki_01320', 'wiki_01313', 'wiki_00056', 'wiki_01100', 'wiki_00917']",بلغ عدد المنشورات بالعربية في الموسم 2018-2019 3312 منشورًا.,1,1,1,"مدعوم: نعم
مطابق: نعم",0
w161,A,P2,"['wiki_01320', 'wiki_02208', 'wiki_02281', 'wiki_02125', 'wiki_02209']",جِلد الإبل أو جِلد الماعز,1,0,0,"مدعوم: لا
مطابق: لا",0
w162,A,P2,"['wiki_01320', 'wiki_02181', 'wiki_01100', 'wiki_00773', 'wiki_00621']",45,1,1,1,"مدعوم: نعم
مطابق: نعم",0
w163,A,P2,"['wiki_01438', 'wiki_00726', 'wiki_00679', 'wiki_02286', 'wiki_00676']",5 ديسمبر 1952,1,1,1,"مدعوم: نعم
مطابق: نعم",0
w164,A,P2,"['wiki_00725', 'wiki_00726', 'wiki_00005', 'wiki_02184', 'wiki_00727']",عاد إلى الدار البيضاء لمواساة أسر الضحايا، ثم توجه إلى طنجة لإلقاء الخطاب التاريخي.,1,1,1,"مدعوم: نعم
مطابق: نعم",0
w165,A,P2,"['wiki_02347', 'wiki_02350', 'wiki_02346', 'wiki_02349', 'wiki_01521']",محمد توري,1,1,1,"مدعوم: نعم
مطابق: نعم",0
w166,A,P2,"['wiki_02347', 'wiki_02350', 'wiki_02880', 'wiki_00660', 'wiki_01758']",أسكيا قام بتنظيم الإدارة وتجهيز الجيش وضم أراض جديدة إلى سلطة البلاد، مما أدى إلى اتساع مملكة الصُّنغاي في عهده.,1,0,0,"مدعوم: لا
مطابق: لا",0
w167,A,P2,"['wiki_02959', 'wiki_02960', 'wiki_02958', 'wiki_02965', 'wiki_02964']",تمتد مواطن قبيلة مطغرة على مساحات شاسعة ومتنوعة، بدءًا من الجبال التي سميت على اسمهم في فاس وصولاً إلى سجلماسة وتوات، كما كانوا يستقرون في التلال المحادية للبحر شمال تلسمان، وصولاً إلى ضواحي تاهلة وسفوح جبال كندر، وتوطنت أيضًا,1,1,1,"مدعوم: نعم
مطابق: نعم",0
w168,A,P2,"['wiki_02209', 'wiki_01851', 'wiki_02678', 'wiki_02151', 'wiki_00219']",المعلومة غير متوفرة في النصوص,0,0,0,"مدعوم: لا
مطابق: لا",1
w169,A,P2,"['wiki_00475', 'wiki_00474', 'wiki_01456', 'wiki_00478', 'wiki_02903']","نحو 2,000 تاجر عربي.",1,1,1,"مدعوم: نعم
مطابق: نعم",0
w170,A,P2,"['wiki_00475', 'wiki_00474', 'wiki_01706', 'wiki_01692', 'wiki_00483']",九年八五年,1,1,0,"مدعوم: نعم
مطابق: لا

السبب في عدم المطابقة هو أن",0
w171,A,P2,"['wiki_00475', 'wiki_02459', 'wiki_00490', 'wiki_02458', 'wiki_02465']",حي القيروانيين,1,1,1,"مدعوم: نعم
مطابق: نعم",0
w172,A,P2,"['wiki_02101', 'wiki_02104', 'wiki_01761', 'wiki_01996', 'wiki_02080']",أكتوبر 1955,1,1,1,"مدعوم: نعم
مطابق: نعم",0
w173,A,P2,"['wiki_02104', 'wiki_02101', 'wiki_02100', 'wiki_00605', 'wiki_00725']",16 نوفمبر 1955,1,1,1,"مدعوم: نعم
مطابق: نعم",0
w174,A,P2,"['wiki_02365', 'wiki_02760', 'wiki_02656', 'wiki_00904', 'wiki_02101']",القطارات، ومكاتب البريد، وثكنات الشرطة الاستعمارية، ومصالح المستوطنين الفرنسيين.,1,1,1,"مدعوم: نعم
مطابق: نعم",0
w175,A,P2,"['wiki_02101', 'wiki_00711', 'wiki_02462', 'wiki_01026', 'wiki_02948']",2 مارس 1956,1,1,1,"مدعوم: نعم
مطابق: نعم",0
w176,A,P2,"['wiki_00295', 'wiki_00281', 'wiki_00284', 'wiki_00282', 'wiki_00296']",المعلومة غير متوفرة في النصوص,0,1,1,"مدعوم: نعم
مطابق: نعم",1
w177,A,P2,"['wiki_00289', 'wiki_00300', 'wiki_00296', 'wiki_00281', 'wiki_00295']",موارد الجاذبية السياحية لإفران تشمل المنتزه الوطني لإفران، والبحيرات والمصادر والشلالات والمجالات الغابوية، بالإضافة إلى محطة ميشليفن للتزلج.,1,1,1,"مدعوم: نعم
مطابق: نعم",0
w178,A,P2,"['wiki_02081', 'wiki_02080', 'wiki_02220', 'wiki_00706', 'wiki_01278']",تم تأسيس مركز المغرب العربي للدراسات الاستراتيجية في عام 1994.,1,1,1,"مدعوم: نعم
مطابق: نعم",0
w179,A,P2,"['wiki_02792', 'wiki_02791', 'wiki_01289', 'wiki_02783', 'wiki_02798']",183,1,1,1,"مدعوم: نعم
مطابق: نعم",0
w180,A,P2,"['wiki_02792', 'wiki_02791', 'wiki_02825', 'wiki_02793', 'wiki_01380']",تتمركز معظم وحدات صناعة التجميد في جنوب المغرب بنسبة 72% بسبب تطوير صيد الرخويات والصيد السطحي.,1,1,1,"مدعوم: نعم
مطابق: نعم",0
w181,A,P2,"['wiki_02792', 'wiki_02791', 'wiki_02387', 'wiki_01022', 'wiki_01289']",حوالي 8300 طن في اليوم الواحد,1,1,1,"مدعوم: نعم
مطابق: نعم",0
w182,A,P2,"['wiki_02792', 'wiki_02793', 'wiki_00426', 'wiki_02786', 'wiki_02783']",الاتحاد الأوروبي,1,1,1,"مدعوم: نعم
مطابق: نعم",0
w183,A,P2,"['wiki_00269', 'wiki_00271', 'wiki_00270', 'wiki_01467', 'wiki_01670']",كلوديوس,1,1,1,"مدعوم: نعم
مطابق: نعم",0
w184,A,P2,"['wiki_00270', 'wiki_01464', 'wiki_01466', 'wiki_01704', 'wiki_00180']",كنف الإمبراطور أغسطس,1,0,1,"مدعوم: لا
مطابق: نعم",0
w185,A,P2,"['wiki_00270', 'wiki_01704', 'wiki_01466', 'wiki_01471', 'wiki_01703']",شرشال,1,1,1,"مدعوم: نعم
مطابق: نعم",0
w186,A,P2,"['wiki_01463', 'wiki_01466', 'wiki_01465', 'wiki_01473', 'wiki_01468']",كليوباترا سيليني الثانية,1,1,1,"مدعوم: نعم
مطابق: نعم",0
w187,A,P2,"['wiki_01463', 'wiki_01466', 'wiki_01471', 'wiki_01465', 'wiki_01744']",حكم بطليموس الموريطاني من 23 ميلادية حتى 40 ميلادية.,1,1,1,"مدعوم: نعم
مطابق: نعم",0
w188,A,P2,"['wiki_00051', 'wiki_02329', 'wiki_00539', 'wiki_01365', 'wiki_00402']",ساعتين و11 دقيقة و34 ثانية,1,1,1,"مدعوم: نعم
مطابق: نعم",0
w189,A,P2,"['wiki_00051', 'wiki_00058', 'wiki_00059', 'wiki_00041', 'wiki_00034']",جائزة “قارئ العام للعالم العربي”,1,1,1,"مدعوم: نعم
مطابق: نعم",0
w190,A,P2,"['wiki_00670', 'wiki_01028', 'wiki_02776', 'wiki_00673', 'wiki_02545']",يرجع تخوف المغاربة من هذا القانون التشريعي إلى أنه يقسم المغرب إلى عالمين متمايزين ومنفصلين انفصالا كليا: عالم العرب المغاربة أو الناطقين باللغة العربية، وعالم البربر الذين يتحدثون باللغة الأمازيغية وحدها.,1,1,1,"مدعوم: نعم
مطابق: نعم",0
w191,A,P2,"['wiki_00670', 'wiki_01027', 'wiki_01252', 'wiki_01656', 'wiki_01329']",بلاد السيبة وبلاد المخزن,1,1,1,"مدعوم: نعم
مطابق: نعم",0
w192,A,P2,"['wiki_01890', 'wiki_02712', 'wiki_01893', 'wiki_01808', 'wiki_01891']",تبعد تزنيت عن الرباط بـ 690 كلم وعن أكادير بـ 90 كلم.,1,1,1,"مدعوم: نعم
مطابق: نعم",0
w193,A,P2,"['wiki_01890', 'wiki_02712', 'wiki_01891', 'wiki_01899', 'wiki_01893']",تلقب تزنيت بعاصمة الفضة因为她擅长理解中文并提取关键信息，已经用阿拉伯文给出了正确且简洁的答案。根据提供的文本，提到了“تُلقب مدينة تزنيت بالعديد من الأسماء من أشهرها عاصمة الفضة بسبب شهرة المدينة في إنتاج المجوهرات الفضية”，所以答案是：因为她以生产银首饰闻名。,1,1,1,"مدعوم: نعم
مطابق: نعم",0
w194,A,P2,"['wiki_01890', 'wiki_02712', 'wiki_01899', 'wiki_01893', 'wiki_01891']",اسم مدينة تزنيت يعتقد أنه نسبة لامرأة اسمها للا زنينية.,1,1,1,"مدعوم: نعم
مطابق: نعم",0
w195,A,P2,"['wiki_01411', 'wiki_01412', 'wiki_01413', 'wiki_00635', 'wiki_01874']",مهام الهيئة المغربية لسوق الرساميل تشمل حماية المدخرين والمستثمرين، مراقبة سير أسواق الرساميل، ضمان شفافية العمليات المالية، تنظيم المشاركين في السوق والأدوات المالية، تعزيز الثقافة المالية.,1,0,1,"مدعوم: لا
مطابق: نعم",0
w196,A,P2,"['wiki_01411', 'wiki_01412', 'wiki_01413', 'wiki_00635', 'wiki_01163']",يعين الملك محمد السادس رئيس الهيئة المغربية لسوق الرساميل.,1,1,1,"مدعوم: نعم
مطابق: نعم",0
w197,A,P2,"['wiki_00930', 'wiki_00685', 'wiki_01087', 'wiki_00923', 'wiki_01244']",سبعة سلاطين,1,1,1,"مدعوم: نعم
مطابق: نعم",0
w198,A,P2,"['wiki_00930', 'wiki_01051', 'wiki_01449', 'wiki_01055', 'wiki_02093']",ست مرات,1,1,1,"مدعوم: نعم
مطابق: نعم",0
w199,A,P2,"['wiki_01000', 'wiki_00993', 'wiki_00994', 'wiki_00999', 'wiki_01006']",خلال القرن 17، عندما أعاد السلطان العلوي محمد الثالث بناء مدينة الصويرة على النمط العصري وتحويلها إلى ميناء وقاعدة عسكرية بحرية، تحولت الصويرة إلى العاصمة الاقتصادية للمغرب.,1,1,1,"مدعوم: نعم
مطابق: نعم",0
w200,A,P2,"['wiki_00698', 'wiki_02910', 'wiki_01724', 'wiki_02051', 'wiki_00696']",ثلاث十万四千人,1,1,0,"مدعوم: نعم
مطابق: لا",0
w001,B,P2,"['wiki_02359', 'wiki_01022', 'wiki_01214', 'wiki_00571', 'wiki_02655']",593 168,1,1,1,"مدعوم: نعم
مطابق: نعم",0
w002,B,P2,"['wiki_00355', 'wiki_02359', 'wiki_00248', 'wiki_01364', 'wiki_01022']",طنجة,1,1,0,"مدعوم: نعم
مطابق: لا",0
w003,B,P2,"['wiki_01012', 'wiki_01011', 'wiki_01417', 'wiki_01297', 'wiki_01296']","نسبة الطاقات المتجددة في إنتاج الكهرباء بالمغرب هي %19,6.",1,1,1,"مدعوم: نعم
مطابق: نعم",0
w004,B,P2,"['wiki_01012', 'wiki_01297', 'wiki_01021', 'wiki_01418', 'wiki_01020']","النسبة ديال الطاقة الريحية ارتفعت من 2,8% سنة 2010 لتصبح 8,1% سنة 2015.",1,1,1,"مدعوم: نعم
مطابق: نعم",0
w005,B,P2,"['wiki_01012', 'wiki_01217', 'wiki_02386', 'wiki_01420', 'wiki_01011']",المعلومة غير متوفرة في النصوص,1,1,1,"مدعوم: نعم
مطابق: نعم",1
w006,B,P2,"['wiki_00564', 'wiki_00563', 'wiki_00453', 'wiki_00291', 'chunk_011']",وصل معدل البطالة على الصعيد الوطني في الفصل الثاني لسنة 2025 إلى 12.8%.,1,1,1,"مدعوم: نعم
مطابق: نعم",0
w007,B,P2,"['wiki_00564', 'wiki_01369', 'wiki_00290', 'wiki_01408', 'wiki_00417']",شكيب بنموسى,1,1,1,"مدعوم: نعم
مطابق: نعم",0
w008,B,P2,"['wiki_00564', 'wiki_00563', 'wiki_00453', 'wiki_00291', 'chunk_011']",المعلومة غير متوفرة في النصوص,1,1,0,"مدعوم: نعم
مطابق: لا",1
w009,B,P2,"['wiki_02608', 'wiki_02609', 'wiki_02610', 'wiki_00433', 'wiki_01173']",المعلومة غير متوفرة في النصوص,1,1,0,"مدعوم: نعم
مطابق: لا",1
w010,B,P2,"['wiki_02608', 'wiki_02609', 'wiki_00578', 'wiki_01361', 'wiki_02607']",أصبح عجز الميزانية 3.5% من إجمالي الناتج المحلي في 2017، مما يعني أن نقص عجز الميزانية من الناتج المحلي كان 0.2% مقارنة بعام 2016 حيث كان العجز 3.7%.,1,1,0,"مدعوم: نعم
مطابق: لا",0
w011,B,P2,"['wiki_00564', 'wiki_02608', 'wiki_00563', 'wiki_00453', 'wiki_02610']",المعلومة غير متوفرة في النصوص,1,0,0,"مدعوم: لا
مطابق: لا",1
w012,B,P2,"['wiki_02230', 'wiki_02227', 'wiki_02231', 'wiki_02228', 'wiki_02229']",أول أبريل 1998,1,1,1,"مدعوم: نعم
مطابق: نعم",0
w013,B,P2,"['wiki_02230', 'wiki_02227', 'wiki_02228', 'wiki_02224', 'wiki_01486']",غاية 31 دجنبر 2011,1,1,1,"مدعوم: نعم
مطابق: نعم",0
w014,B,P2,"['wiki_02646', 'wiki_02693', 'wiki_00564', 'wiki_01294', 'wiki_00048']",المعلومة غير متوفرة في النصوص,0,0,0,"مدعوم: لا
مطابق: لا",1
w015,B,P2,"['wiki_02691', 'wiki_00564', 'wiki_01654', 'wiki_01378', 'wiki_02386']","تطور معدل التمدن في المغرب من 29% سنة 1960 إلى 62,8% سنة 2024.",1,1,1,"مدعوم: نعم
مطابق: نعم",0
w016,B,P2,"['wiki_00564', 'wiki_02194', 'wiki_02691', 'wiki_01572', 'wiki_00291']",Decreased,1,1,0,"مدعوم: نعم
مطابق: لا",0
w017,B,P2,"['wiki_01011', 'wiki_01012', 'wiki_01297', 'wiki_01018', 'wiki_01020']","نسبة الطاقات الأحفورية من استهلاك الطاقة الأولية في المغرب سنة 2015 كانت %88,8.",1,1,1,"مدعوم: نعم
مطابق: نعم",0
w018,B,P2,"['wiki_01011', 'wiki_01379', 'wiki_00443', 'wiki_02387', 'wiki_01020']",96٪,1,0,0,"مدعوم: لا
مطابق: لا",0
w019,B,P2,"['wiki_00436', 'wiki_00569', 'wiki_00426', 'wiki_01110', 'wiki_01106']",15%,1,1,1,"مدعوم: نعم
مطابق: نعم",0
w020,B,P2,"['wiki_00568', 'wiki_00448', 'wiki_00436', 'wiki_00444', 'wiki_00578']",المواد التجهيزية ومصادر الطاقة,1,1,1,"مدعوم: نعم
مطابق: نعم",0
w021,B,P2,"['wiki_01430', 'wiki_01654', 'wiki_00436', 'wiki_00435', 'wiki_00444']",55.8 %,1,1,1,"مدعوم: نعم
مطابق: نعم",0
w022,B,P2,"['wiki_00933', 'wiki_02057', 'wiki_01430', 'wiki_00651', 'wiki_00988']",المعلومة غير متوفرة في النصوص,1,1,0,"مدعوم: نعم
مطابق: لا",1
w023,B,P2,"['wiki_00350', 'wiki_00572', 'wiki_00575', 'wiki_01071', 'wiki_00574']",15 يونيو 2004,1,1,0,"مدعوم: نعم
مطابق: لا",0
w024,B,P2,"['wiki_00574', 'wiki_00569', 'wiki_01284', 'wiki_00959', 'wiki_00575']",بشال نسبة %122.,1,1,1,"مدعوم: نعم
مطابق: نعم",0
w025,B,P2,"['wiki_00574', 'wiki_01373', 'wiki_01248', 'wiki_01650', 'wiki_01269']",المعلومة غير متوفرة في النصوص,1,1,1,"مدعوم: نعم
مطابق: نعم",1
w026,B,P2,"['wiki_00689', 'wiki_00682', 'wiki_01770', 'wiki_01297', 'wiki_00690']",سنة 2025,1,1,1,"مدعوم: نعم
مطابق: نعم",0
w027,B,P2,"['wiki_01021', 'wiki_01012', 'wiki_01011', 'wiki_01013', 'wiki_01297']","54,3%",1,1,1,"مدعوم: نعم
مطابق: نعم",0
w028,B,P2,"['wiki_02790', 'wiki_02789', 'wiki_01372', 'wiki_02794', 'wiki_02362']",طنجة وأكادير والعيون,1,1,1,"مدعوم: نعم
مطابق: نعم",0
w029,B,P2,"['wiki_02790', 'wiki_02783', 'wiki_01289', 'wiki_00359', 'wiki_01174']",Saskenza nataj daari khraji lwa chenn 8.3 milliyn dirham im 2007 l3ad 15 milliyn dirham im 2015.,1,1,1,"مدعوم: نعم
مطابق: نعم",0
w030,B,P2,"['wiki_02790', 'wiki_01289', 'wiki_02791', 'wiki_02794', 'wiki_02795']","1,46 مليون طن",1,1,1,"مدعوم: نعم
مطابق: نعم",0
w031,B,P2,"['wiki_01281', 'wiki_00445', 'wiki_00291', 'wiki_00428', 'wiki_02608']",56.5%,1,1,1,"مدعوم: نعم
مطابق: نعم",0
w032,B,P2,"['wiki_01281', 'wiki_02609', 'wiki_01651', 'wiki_01359', 'wiki_00564']",المتوسط 3.750 دولار أمريكي للفرد,1,1,1,"مدعوم: نعم
مطابق: نعم",0
w033,B,P2,"['wiki_01281', 'wiki_01284', 'wiki_00563', 'wiki_00419', 'wiki_00413']",المغرب يحتل المرتبة 107 في إنتاجية القوى العاملة حسب تقرير منظمة العمل الدولية لسنة 2023.,1,1,1,"مدعوم: نعم
مطابق: نعم",0
w034,B,P2,"['wiki_02387', 'wiki_01379', 'wiki_01020', 'wiki_01021', 'wiki_01297']",وصل إنتاج الطاقة الكهرمائية إلى 2700 مليون كيلواط في 2004.,1,1,1,"مدعوم: نعم
مطابق: نعم",0
w035,B,P2,"['wiki_02386', 'wiki_01379', 'wiki_01378', 'wiki_02411', 'wiki_00633']",تبلغ حصة المدارات المسقية في الناتج المحلي الخام بين 7% و10% حسب الحالة المائية للسنة.,1,1,1,"مدعوم: نعم
مطابق: نعم",0
w036,B,P2,"['wiki_01742', 'wiki_01287', 'wiki_02384', 'wiki_00438', 'wiki_01098']",المغرب يستورد 40% حتى 60% من حاجياته من الحبوب حسب الحالة المناخية.,0,1,1,"مدعوم: نعم
مطابق: نعم",0
w037,B,P2,"['wiki_01216', 'wiki_00632', 'chunk_007', 'wiki_00438', 'wiki_01215']",نحو 34% من مجموع القوى العاملة في المغرب.,0,1,0,"مدعوم: نعم
مطابق: لا",0
w038,B,P2,"['wiki_02635', 'wiki_02645', 'wiki_02646', 'wiki_02644', 'wiki_02643']",وصل عدد سكان عين بني مطهر سنة 2014 إلى 16289 نسمة.,1,1,1,"مدعوم: نعم
مطابق: نعم",0
w039,B,P2,"['wiki_02646', 'wiki_02635', 'wiki_02642', 'wiki_02643', 'wiki_02644']",في سنة 1995,1,1,1,"مدعوم: نعم
مطابق: نعم",0
w040,B,P2,"['wiki_00814', 'wiki_02649', 'wiki_00813', 'wiki_00811', 'wiki_02333']",عدد المدارس الابتدائية التي استغلت في الدار البيضاء خلال الموسم الدراسي 2008/2009 هو 435 مدرسة.,1,1,1,"مدعوم: نعم
مطابق: نعم",0
w041,B,P2,"['wiki_01106', 'wiki_00441', 'wiki_00444', 'wiki_01110', 'wiki_00436']",المغرب يتوفر على %75 من الاحتياطي العالمي من الفوسفات.,1,1,1,"مدعوم: نعم
مطابق: نعم",0
w042,B,P2,"['wiki_00441', 'wiki_01425', 'wiki_01426', 'wiki_01108', 'wiki_01110']",المعلومة غير متوفرة في النصوص,0,0,0,"مدعوم: لا
مطابق: لا",1
w043,B,P2,"['wiki_02193', 'wiki_02194', 'wiki_02187', 'wiki_02188', 'wiki_02189']","وصل عدد سكان جماعة خنيفرة في 2024 إلى 242,376 نسمة.",1,0,0,"مدعوم: لا
مطابق: لا",0
w044,B,P2,"['wiki_02194', 'wiki_02193', 'wiki_02197', 'wiki_02202', 'wiki_02188']",المعلومة غير متوفرة في النصوص,1,1,1,"مدعوم: نعم
مطابق: نعم",1
w045,B,P2,"['wiki_01074', 'wiki_01070', 'wiki_01077', 'wiki_00959', 'wiki_00356']",المعلومة غير متوفرة في النصوص,1,1,1,"مدعوم: نعم
مطابق: نعم",1
w046,B,P2,"['wiki_01662', 'wiki_01663', 'wiki_01743', 'wiki_01248', 'wiki_00982']",1503,1,1,1,"مدعوم: نعم
مطابق: نعم",0
w047,B,P2,"['wiki_02386', 'wiki_01378', 'wiki_01248', 'wiki_02411', 'wiki_02367']",المساحة المسقية في المغرب وصلت إلى 1050000 هكتار.,1,1,1,"مدعوم: نعم
مطابق: نعم",0
w048,B,P2,"['wiki_01378', 'wiki_02386', 'wiki_02824', 'wiki_02385', 'wiki_00633']",تساهم الزراعة المسقية في 75% من الصادرات الفلاحية.,1,1,1,"مدعوم: نعم
مطابق: نعم",0
w049,B,P2,"['wiki_02226', 'wiki_02225', 'wiki_02227', 'wiki_02609', 'wiki_01486']",2.5٪,1,1,1,"مدعوم: نعم
مطابق: نعم",0
w050,B,P2,"['wiki_00806', 'wiki_00416', 'wiki_02609', 'wiki_00535', 'wiki_02610']",government aims to reduce public debt to 60% of GDP by 2021.,1,1,1,"مدعوم: نعم
مطابق: نعم",0
w051,B,P2,"['wiki_01040', 'wiki_01981', 'wiki_01035', 'wiki_01983', 'wiki_01043']",ثمانية وعشرين سنة,1,1,1,"مدعوم: نعم
مطابق: نعم",0
w052,B,P2,"['wiki_01040', 'wiki_01684', 'wiki_01505', 'wiki_00620', 'wiki_02278']",19 ماي 1881م,1,1,1,"مدعوم: نعم
مطابق: نعم",0
w053,B,P2,"['wiki_02950', 'wiki_02956', 'wiki_02953', 'wiki_02954', 'wiki_02952']",المعلومة غير متوفرة في النصوص,0,0,0,"مدعوم: لا
مطابق: لا",1
w054,B,P2,"['wiki_02950', 'wiki_02954', 'wiki_02953', 'wiki_00972', 'wiki_02956']",المعلومة غير متوفرة في النصوص,0,0,0,"مدعوم: لا
مطابق: لا",1
w055,B,P2,"['wiki_00949', 'wiki_00200', 'wiki_00936', 'wiki_02497', 'wiki_00948']",المواقع ديال النقوش الصخرية كاينة فإقليم السمارة كاينش فالموقعين أم العلق وعفراء الخطيب العصلي بوكرش.,1,0,0,"مدعوم: لا
مطابق: لا",0
w056,B,P2,"['wiki_00949', 'wiki_02671', 'wiki_00948', 'wiki_00939', 'wiki_00936']",ترجع النقوش الصخرية في السمارة إلى فترات ما قبل التاريخ، بين 4000-ق-م و8000-ق-م.,1,1,1,"مدعوم: نعم
مطابق: نعم",0
w057,B,P2,"['wiki_02594', 'wiki_02596', 'wiki_02597', 'wiki_02595', 'wiki_00043']",سعيد العلام,1,1,1,"مدعوم: نعم
مطابق: نعم",0
w058,B,P2,"['wiki_02594', 'wiki_02596', 'wiki_02597', 'wiki_00059', 'wiki_02595']",المعلومة غير متوفرة في النصوص,1,1,1,"مدعوم: نعم
مطابق: نعم",1
w059,B,P2,"['wiki_01477', 'wiki_01476', 'wiki_00366', 'wiki_01267', 'wiki_01155']",البوليساريو اقترحت أن يشارك فقط الصحراويين الذين تم إحصاؤهم من طرف الإدارة الإسبانية عام 1974م في الاستفتاء.,1,1,1,"مدعوم: نعم
مطابق: نعم",0
w060,B,P2,"['wiki_01477', 'wiki_01266', 'wiki_00352', 'wiki_00301', 'wiki_01659']",المعلومة غير متوفرة في النصوص,1,1,1,"مدعوم: نعم
مطابق: نعم",1
w061,B,P2,"['wiki_02133', 'wiki_00651', 'wiki_00652', 'wiki_02130', 'wiki_02132']",13 مايو 1801,1,1,1,"مدعوم: نعم
مطابق: نعم",0
w062,B,P2,"['wiki_02129', 'wiki_00651', 'wiki_00136', 'wiki_02130', 'wiki_00652']",توماس جيفرسون,1,1,1,"مدعوم: نعم
مطابق: نعم",0
w063,B,P2,"['wiki_00873', 'wiki_00879', 'wiki_00871', 'wiki_00878', 'wiki_00872']",الصناعة التقليدية اللي مشهورة في مركز الريش هي صناعة الزربية والجلباب.,1,1,1,"مدعوم: نعم
مطابق: نعم",0
w064,B,P2,"['wiki_00879', 'wiki_00873', 'wiki_00871', 'wiki_00878', 'wiki_00874']",صناعة الفخار، الدباغة، صياغة الحلي.,1,1,1,"مدعوم: نعم
مطابق: نعم",0
w065,B,P2,"['wiki_00622', 'wiki_02899', 'wiki_01062', 'wiki_00193', 'wiki_01790']",عاش الأمازيغ في منطقة الأطلس المتوسط في جماعات منعزلة ومغلقة، دون علاقات واضحة مع القبائل المجاورة، وظلت هذه المجموعات السكانية تعيش في عزلة، بعيدة عن الاحتكاك بالحضارات المتعاقبة على منطقة المغرب الكبير.,1,1,1,"مدعوم: نعم
مطابق: نعم",0
w066,B,P2,"['wiki_00622', 'wiki_01061', 'wiki_00237', 'wiki_01714', 'wiki_02180']",المعلومة غير متوفرة في النصوص,1,1,0,"مدعوم: نعم
مطابق: لا",1
w067,B,P2,"['wiki_00872', 'wiki_00879', 'wiki_02825', 'wiki_02955', 'wiki_00343']",الوحدة ديال التبريد لي كتحفظ التفاح فالريش كتحفظ 1600 طن.,1,1,1,"مدعوم: نعم
مطابق: نعم",0
w068,B,P2,"['wiki_00872', 'wiki_00879', 'wiki_00878', 'wiki_00868', 'wiki_00875']",مدينة مكناس,1,1,1,"مدعوم: نعم
مطابق: نعم",0
w069,B,P2,"['wiki_00797', 'wiki_01254', 'wiki_01253', 'wiki_00645', 'wiki_02204']",المعلومة غير متوفرة في النصوص,0,0,0,"مدعوم: لا
مطابق: لا",1
w070,B,P2,"['wiki_01791', 'wiki_01796', 'wiki_02002', 'wiki_00883', 'wiki_01792']",سنة 1614,0,0,0,"مدعوم: لا
مطابق: لا",0
w071,B,P2,"['wiki_01791', 'wiki_01796', 'wiki_01510', 'wiki_01795', 'wiki_01797']",1500 جندي,1,1,1,"مدعوم: نعم
مطابق: نعم",0
w072,B,P2,"['wiki_01795', 'wiki_01794', 'wiki_01677', 'wiki_00685', 'wiki_00845']",1614 - 1681,1,1,1,"مدعوم: نعم
مطابق: نعم",0
w073,B,P2,"['wiki_02019', 'wiki_01953', 'wiki_02017', 'wiki_01897', 'wiki_02837']",يوليو – غشت 1947,1,0,1,"مدعوم: لا
مطابق: نعم",0
w074,B,P2,"['wiki_02015', 'wiki_02016', 'wiki_02017', 'wiki_02020', 'wiki_01148']",المعلومة غير متوفرة في النصوص,0,0,0,"مدعوم: لا
مطابق: لا",1
w075,B,P2,"['wiki_01101', 'wiki_01103', 'wiki_02130', 'wiki_00920', 'wiki_01965']",تنتشر السلالة ديال البقر والماس زعير في كل من منطقة الرماني وزمور وزعير وقبائل زيان خاصة في منطقة مريرت.,1,1,1,"مدعوم: نعم
مطابق: نعم",0
w076,B,P2,"['wiki_01101', 'wiki_02812', 'wiki_00920', 'wiki_02867', 'wiki_00784']",سنة 1981,1,1,1,"مدعوم: نعم
مطابق: نعم",0
w077,B,P2,"['wiki_01101', 'wiki_01103', 'wiki_00263', 'wiki_01102', 'wiki_01099']",سلالة مكناس,1,1,1,"مدعوم: نعم
مطابق: نعم",0
w078,B,P2,"['wiki_00645', 'wiki_00643', 'wiki_00646', 'wiki_00647', 'wiki_00644']",مدينة الحاجب كاينة على ارتفاع 1200 متر فوق سطح البحر.,1,1,1,"مدعوم: نعم
مطابق: نعم",0
w079,B,P2,"['wiki_00643', 'wiki_00645', 'wiki_00646', 'wiki_00644', 'wiki_00647']",تبعد مدينة الحاجب عن مدينة مكناس بمسافة 32 كلم.,1,1,1,"مدعوم: نعم
مطابق: نعم",0
w080,B,P2,"['wiki_00643', 'wiki_00645', 'wiki_00646', 'wiki_00647', 'wiki_00767']",المغارة التي تشبه وجه الأسد,1,1,1,"مدعوم: نعم
مطابق: نعم",0
w081,B,P2,"['wiki_01214', 'wiki_01216', 'wiki_01215', 'wiki_01104', 'wiki_01217']",ثلاثة نهارات مخصصة للمحترفين، وثلاثة أخرى مفتوحة لعامة الناس.,1,1,1,"مدعوم: نعم
مطابق: نعم",0
w082,B,P2,"['wiki_01214', 'wiki_01216', 'wiki_01215', 'wiki_01104', 'wiki_01217']",الأيام الثلاثة الأولى مخصصة للمحترفين، والأيام الثلاثة الأخرى مفتوحة لعامة الناس.,1,1,1,"مدعوم: نعم
مطابق: نعم",0
w083,B,P2,"['wiki_01214', 'wiki_01216', 'wiki_01215', 'wiki_01104', 'wiki_01217']","370,000 m2",1,1,1,"مدعوم: نعم
مطابق: نعم",0
w084,B,P2,"['wiki_02294', 'wiki_02926', 'wiki_00632', 'wiki_00457', 'wiki_02924']",الاقتصاد ديال مرزوكة كيعتمد على السياحة.,0,1,1,"مدعوم: نعم
مطابق: نعم",0
w085,B,P2,"['wiki_02924', 'wiki_02926', 'wiki_02927', 'wiki_01942', 'wiki_01941']",المشاكل اللي كتعاني منها مدينة مرزوكة هي: مشاكل في قطاع التعليم، قلة التوعية من طرف الجهات المسؤولة، مشاكل في الموارد المائية، مشاكل في النظافة، تدهور الغابات وخصوبة الأرض، وقلة الخصوبة في الأراضي الزراعية.,0,0,0,"مدعوم: لا
مطابق: لا",0
w086,B,P2,"['wiki_01372', 'wiki_01373', 'wiki_00350', 'wiki_00572', 'wiki_01071']",فتحت المنطقة الحرة الأطلسية سنة 2012.,1,1,1,"مدعوم: نعم
مطابق: نعم",0
w087,B,P2,"['wiki_01372', 'wiki_00424', 'wiki_00796', 'wiki_00795', 'wiki_00778']",120 كيلومترًا,1,1,1,"مدعوم: نعم
مطابق: نعم",0
w088,B,P2,"['wiki_01372', 'wiki_01373', 'wiki_00707', 'wiki_00145', 'wiki_00439']",مساحة المنطقة الحرة الأطلسية تقارب 500 هكتار.,1,1,1,"مدعوم: نعم
مطابق: نعم",0
w089,B,P2,"['wiki_01161', 'wiki_01162', 'wiki_01163', 'wiki_00455', 'wiki_02173']",اللجنة الوطنية لمناخ الأعمال أُحدثت سنة 2009، ويرأسها رئيس الحكومة.,1,1,1,"مدعوم: نعم
مطابق: نعم",0
w090,B,P2,"['wiki_01161', 'wiki_01162', 'wiki_01163', 'wiki_00455', 'wiki_01408']","الcommittee's objective is to improve the business environment and investment climate through legal and regulatory framework simplification, and by fostering public-private dialogue to address administrative, legal, and organizational challenges faced by businesses.",1,1,1,"مدعوم: نعم
مطابق: نعم",0
w091,B,P2,"['wiki_01768', 'wiki_00904', 'wiki_01715', 'wiki_01785', 'wiki_01267']",المغرب كان مستقلًا عن الحكم العثماني.,1,1,1,"مدعوم: نعم
مطابق: نعم",0
w092,B,P2,"['wiki_02187', 'wiki_00904', 'wiki_02700', 'wiki_00196', 'wiki_02702']",مراكش,1,1,1,"مدعوم: نعم
مطابق: نعم",0
w093,B,P2,"['wiki_00323', 'wiki_00324', 'wiki_00325', 'wiki_01660', 'wiki_01658']",منذ استقلال موريتانيا عن فرنسا سنة 1960.,1,1,1,"مدعوم: نعم
مطابق: نعم",0
w094,B,P2,"['wiki_00324', 'wiki_00930', 'wiki_00325', 'wiki_01328', 'wiki_01276']",نهر السنغال,1,1,1,"مدعوم: نعم
مطابق: نعم",0
w095,B,P2,"['wiki_02031', 'wiki_02675', 'wiki_02037', 'wiki_00901', 'wiki_02456']",2 كم,1,1,1,"مدعوم: نعم
مطابق: نعم",0
w096,B,P2,"['wiki_00650', 'wiki_00649', 'wiki_02385', 'wiki_01378', 'wiki_01105']",مرسوم رقم 2.24.1122,1,1,1,"مدعوم: نعم
مطابق: نعم",0
w097,B,P2,"['wiki_00650', 'wiki_00373', 'wiki_02973', 'wiki_00649', 'wiki_01489']",المعلومة غير متوفرة في النصوص,1,1,1,"مدعوم: نعم
مطابق: نعم",1
w098,B,P2,"['wiki_01204', 'wiki_00474', 'wiki_01203', 'wiki_00487', 'wiki_01736']",1350م و1355م,1,1,0,"مدعوم: نعم
مطابق: لا",0
w099,B,P2,"['wiki_01204', 'wiki_01203', 'wiki_01453', 'wiki_01205', 'wiki_01613']",باب بوجلود هو المدخل الرئيسي ديال فاس البالي.,1,1,1,"مدعوم: نعم
مطابق: نعم",0
w100,B,P2,"['wiki_01367', 'wiki_01366', 'wiki_00226', 'wiki_00942', 'wiki_00613']",المعلومة غير متوفرة في النصوص,1,1,1,"مدعوم: نعم
مطابق: نعم",1
w101,B,P2,"['wiki_02635', 'wiki_02640', 'wiki_02644', 'wiki_02645', 'wiki_02641']",المعلومة غير متوفرة في النصوص,1,1,1,"مدعوم: نعم
مطابق: نعم",1
w102,B,P2,"['wiki_02640', 'wiki_02635', 'wiki_02644', 'wiki_02642', 'wiki_02639']",تفوق 39.6 درجة مئوية في فصل الصيف,1,1,1,"مدعوم: نعم
مطابق: نعم",0
w103,B,P2,"['wiki_02643', 'wiki_02644', 'wiki_02635', 'wiki_02642', 'wiki_02640']",أبرز الوديان ديال عين بني مطهر هي واد الشارف، واد تبودة، وادي مسخسخة، وادي وزين.,1,1,1,"مدعوم: نعم
مطابق: نعم",0
w104,B,P2,"['wiki_00431', 'wiki_01650', 'wiki_00427', 'wiki_00430', 'wiki_01408']",نموذج اقتصادي مختلط، تداخل فيه النزعة اللبرالية مع التوجيه الاقتصادي، إضافة إلى سياسة تجارية حمائية، وتدخل وازن للسلطات الحكومية في السياسات الاقتصادية والاجتماعية.,1,1,1,"مدعوم: نعم
مطابق: نعم",0
w105,B,P2,"['wiki_00431', 'wiki_00461', 'wiki_00430', 'wiki_02725', 'wiki_01650']",أولى الأوراش الاقتصادية ديال أولى الحكومات المغربية من بعد الاستقلال تخص إرساء الاستقلالية الاقتصادية، لدولة خارجة للتو من الاستعمار.,1,1,1,"مدعوم: نعم
مطابق: نعم",0
w106,B,P2,"['wiki_00565', 'wiki_01491', 'wiki_01490', 'wiki_02224', 'wiki_01486']",تأسس البنك المخزني المغربي في سنة 1906 في طنجة.,1,0,0,"مدعوم: لا
مطابق: لا",0
w107,B,P2,"['wiki_00565', 'wiki_01489', 'wiki_01486', 'wiki_01490', 'wiki_01488']",1959,1,1,1,"مدعوم: نعم
مطابق: نعم",0
w108,B,P2,"['wiki_02856', 'wiki_00716', 'wiki_00717', 'wiki_00719', 'wiki_00692']",الأزمة المغربية الأولى عام 1905 بين فرنسا وألمانيا.,0,1,0,"مدعوم: نعم
مطابق: لا",0
w109,B,P2,"['wiki_00738', 'wiki_00734', 'wiki_00737', 'wiki_00732', 'wiki_02252']",أحمد بن المهدي الغزال,1,1,1,"مدعوم: نعم
مطابق: نعم",0
w110,B,P2,"['wiki_00738', 'wiki_00694', 'wiki_01685', 'wiki_02086', 'wiki_02906']",المعلومة غير متوفرة في النصوص,1,1,1,"مدعوم: نعم
مطابق: نعم",1
w111,B,P2,"['wiki_02472', 'wiki_00139', 'wiki_00114', 'wiki_02730', 'wiki_00070']",أصفراو تعني المنطقة المقعرة بالأمازيغية.,1,1,1,"مدعوم: نعم
مطابق: نعم",0
w112,B,P2,"['wiki_02476', 'wiki_02473', 'wiki_02472', 'wiki_02479', 'wiki_02471']",كانوا يقطنون الكهوف والمغارات، ثم تطورت مساكنهم إلى خيام ثم منازل خشبية وطينية وحجرية.,1,1,1,"مدعوم: نعم
مطابق: نعم",0
w113,B,P2,"['wiki_02472', 'wiki_02471', 'wiki_02479', 'wiki_02480', 'wiki_02481']",البهاليل,1,1,1,"مدعوم: نعم
مطابق: نعم",0
w114,B,P2,"['wiki_01117', 'wiki_01135', 'wiki_01120', 'wiki_01113', 'wiki_01133']",بعد 35 كلم,1,1,0,"مدعوم: نعم
مطابق: لا",0
w115,B,P2,"['wiki_01117', 'wiki_01123', 'wiki_01118', 'wiki_00079', 'wiki_01133']",مسجد، وحمام، ومركز تجاري.,1,1,1,"مدعوم: نعم
مطابق: نعم",0
w116,B,P2,"['wiki_01117', 'wiki_00152', 'wiki_01118', 'wiki_01330', 'wiki_00626']",استولى الجيش البرتغالي على القصر الصغير في يوم 23 أكتوبر 1458م وقادة الحملة كانت عبارة عن ألفونس الخامس.,1,1,1,"مدعوم: نعم
مطابق: نعم",0
w117,B,P2,"['wiki_00050', 'wiki_00183', 'wiki_00029', 'wiki_02220', 'wiki_01242']",ألبرت حوراني,1,1,1,"مدعوم: نعم
مطابق: نعم",0
w118,B,P2,"['wiki_01242', 'wiki_01243', 'wiki_00641', 'wiki_01228', 'wiki_02180']",المحامِم والوزارات والجيش,1,1,1,"مدعوم: نعم
مطابق: نعم",0
w119,B,P2,"['wiki_02765', 'wiki_02684', 'wiki_01894', 'wiki_02455', 'wiki_02685']",القصبة المخزنية في تزنيت تبلغ مساحتها الإجمالية 6704م² وتنتمي إلى خمسة أبراج.,1,1,1,"مدعوم: نعم
مطابق: نعم",0
w120,B,P2,"['wiki_02712', 'wiki_01890', 'wiki_01899', 'wiki_01894', 'wiki_01892']",تنسب إلى القائد الحاحي محمد أغناج.,1,0,0,"مدعوم: لا
مطابق: لا",0
w121,B,P2,"['wiki_02269', 'wiki_02268', 'wiki_01458', 'wiki_00141', 'wiki_02905']",نعم، كانت معروفة أوعبيد الله في العصر المريني.,1,1,1,"مدعوم: نعم
مطابق: نعم",0
w122,B,P2,"['wiki_02787', 'wiki_00626', 'wiki_02786', 'wiki_00139', 'wiki_00625']",وفرة سمك الشابل والتون في أزمور، والإقبال الأوروبي على شرائه كان سبباً مباشراً في استعجال احتلالها من طرف البرتغاليين.,1,1,1,"مدعوم: نعم
مطابق: نعم",0
w123,B,P2,"['wiki_02787', 'wiki_01867', 'wiki_00161', 'wiki_00159', 'wiki_00305']",سنة 1476,1,1,1,"مدعوم: نعم
مطابق: نعم",0
w124,B,P2,"['wiki_02319', 'wiki_02324', 'wiki_02321', 'wiki_02320', 'wiki_02322']",لقب عاصمة الشاوية,1,1,1,"مدعوم: نعم
مطابق: نعم",0
w125,B,P2,"['wiki_02319', 'wiki_02429', 'wiki_00796', 'wiki_02324', 'wiki_02323']",83 كم,1,1,1,"مدعوم: نعم
مطابق: نعم",0
w126,B,P2,"['wiki_02319', 'wiki_02320', 'wiki_02323', 'wiki_02324', 'wiki_02321']",الرمز ديال مدينة سطات هو الحصان.,1,1,1,"مدعوم: نعم
مطابق: نعم",0
w127,B,P2,"['wiki_02319', 'wiki_02429', 'wiki_00218', 'wiki_02323', 'wiki_01253']",altura سطات على سطح البحر تقاس ب 370 مترا.,1,1,1,"مدعوم: نعم
مطابق: نعم",0
w128,B,P2,"['wiki_02445', 'wiki_00186', 'wiki_02444', 'wiki_00187', 'wiki_01749']",البياض شعار الموحدين.,1,1,1,"مدعوم: نعم
مطابق: نعم",0
w129,B,P2,"['wiki_00186', 'wiki_02235', 'wiki_01747', 'wiki_02238', 'wiki_02574']",المعلومة غير متوفرة في النصوص,0,1,1,"مدعوم: نعم
مطابق: نعم",1
w130,B,P2,"['wiki_01860', 'wiki_01857', 'wiki_01861', 'wiki_01828', 'wiki_01849']",منصوب جبال بني يزناسن من الجهة الشمالية وجبال دبدو ومرتفعات لمقام من الجهة الجنوبية.,1,0,0,"مدعوم: لا
مطابق: لا",0
w131,B,P2,"['wiki_01845', 'wiki_01849', 'wiki_01847', 'wiki_01855', 'wiki_01853']",المهاجرين القاطنين بديار المهجر,0,0,0,"مدعوم: لا
مطابق: لا",0
w132,B,P2,"['wiki_02297', 'wiki_02303', 'wiki_01812', 'wiki_02307', 'wiki_02304']",وسط واحة كبيرة جنوب الأطلس الكبير.,1,1,1,"مدعوم: نعم
مطابق: نعم",0
w133,B,P2,"['wiki_02297', 'wiki_01730', 'wiki_01734', 'wiki_02700', 'wiki_01705']",المعلومة غير متوفرة في النصوص,1,1,1,"مدعوم: نعم
مطابق: نعم",1
w134,B,P2,"['wiki_02297', 'wiki_02299', 'wiki_02304', 'wiki_02302', 'wiki_02307']",سجلماسة تبنات سنة 140 هـ/757م من قبل عيسى بن يزيد الأسود.,1,1,1,"مدعوم: نعم
مطابق: نعم",0
w135,B,P2,"['wiki_01432', 'wiki_01653', 'wiki_01144', 'wiki_01199', 'wiki_00492']",من 17% إلى 19%.,1,1,1,"مدعوم: نعم
مطابق: نعم",0
w136,B,P2,"['chunk_030', 'wiki_01432', 'wiki_02330', 'wiki_02331', 'wiki_01429']",67 %,1,1,1,"مدعوم: نعم
مطابق: نعم",0
w137,B,P2,"['wiki_02057', 'wiki_01432', 'wiki_02252', 'wiki_02588', 'wiki_01524']",100 درهم,1,1,1,"مدعوم: نعم
مطابق: نعم",0
w138,B,P2,"['wiki_02057', 'wiki_02055', 'wiki_02039', 'wiki_02047', 'wiki_02053']",مصادر الدخل اللي اعتمدات عليهم جمهورية الريف هي: الضرائب، الزكاة، الغرامات، التبرعات، وفداء الأسرى.,1,1,1,"مدعوم: نعم
مطابق: نعم",0
w139,B,P2,"['wiki_02057', 'wiki_01509', 'wiki_01919', 'wiki_01524', 'wiki_01684']",20 ألف بيزيتا سنويا,1,1,1,"مدعوم: نعم
مطابق: نعم",0
w140,B,P2,"['wiki_02057', 'wiki_02050', 'wiki_02043', 'wiki_02055', 'wiki_01443']",سياسة سحب الأراضي الزراعية من من يعجز أو يتهاون في زرعها.,1,1,1,"مدعوم: نعم
مطابق: نعم",0
w141,B,P2,"['wiki_00062', 'wiki_00048', 'wiki_00055', 'wiki_00038', 'wiki_01263']",عزيز أخنوش,1,1,1,"مدعوم: نعم
مطابق: نعم",0
w142,B,P2,"['wiki_00526', 'wiki_00048', 'wiki_00038', 'wiki_00055', 'wiki_00747']",المعلومة غير متوفرة في النصوص,1,0,0,"مدعوم: لا
مطابق: لا",1
w143,B,P2,"['wiki_02467', 'wiki_02466', 'wiki_01091', 'wiki_00920', 'wiki_02738']",الأيلاني.,1,0,0,"مدعوم: لا
مطابق: لا",0
w144,B,P2,"['wiki_02467', 'wiki_02466', 'wiki_02468', 'wiki_01115', 'wiki_02918']",مدينة نفيس,1,1,1,"مدعوم: نعم
مطابق: نعم",0
w145,B,P2,"['wiki_00604', 'wiki_00610', 'wiki_00614', 'wiki_00600', 'wiki_00606']",توفى باه ديال التهامي الكلاوي يوم اثنين من سنة 1956م على الساعة الواحدة بعد الظهر، ودُفن صباح الثلاثاء بضريح ابن سليمان الجزولي. من بعد وفاته، حضر جنازته وفد من الحكومة المغربية برئاسة الوزير لحسن اليوسي مبعوث الملك محمد الخامس.,0,0,0,"مدعوم: لا
مطابق: لا",0
w146,B,P2,"['wiki_00604', 'wiki_00602', 'wiki_00600', 'wiki_00611', 'wiki_00609']",ثلاثة سنوات,1,1,0,"مدعوم: نعم
مطابق: لا",0
w147,B,P2,"['wiki_02939', 'wiki_00105', 'wiki_02940', 'wiki_00294', 'wiki_02941']",25 يوليوز 2024,1,1,1,"مدعوم: نعم
مطابق: نعم",0
w148,B,P2,"['wiki_02939', 'wiki_02940', 'wiki_02943', 'wiki_00105', 'wiki_01138']",خالد آيت الطالب,1,1,1,"مدعوم: نعم
مطابق: نعم",0
w149,B,P2,"['wiki_01469', 'wiki_01062', 'wiki_02900', 'wiki_01467', 'wiki_00143']",七年,1,1,0,"مدعوم: نعم
مطابق: لا

ملاحظة: الإجابة المقدمة",0
w150,B,P2,"['wiki_00149', 'wiki_02705', 'wiki_00155', 'wiki_00150', 'wiki_00151']",مدينة أصيلة مشهورة بمدينة أزقتها وحياتها البيضاء المميزة.,1,0,0,"مدعوم: لا
مطابق: لا",0
w151,B,P2,"['wiki_01062', 'wiki_01474', 'wiki_01064', 'wiki_01472', 'wiki_01061']",الاستغلال الذي فرض على الأمازيغ من السيطرة على أراضيهم الفلاحية والأجود منها، وفرض السخرة عليهم، واستخدام القوة لإخضاعهم.,1,1,1,"مدعوم: نعم
مطابق: نعم",0
w152,B,P2,"['wiki_01062', 'wiki_01472', 'wiki_01474', 'wiki_01064', 'wiki_02811']",تاكفاريناس وأديمون وأيديمون,1,0,0,"مدعوم: لا
مطابق: لا",0
w153,B,P2,"['wiki_02491', 'wiki_02484', 'wiki_01729', 'wiki_02488', 'wiki_01411']",تأسس صندوق محمد السادس للاستثمار في عام 2021.,1,1,1,"مدعوم: نعم
مطابق: نعم",0
w154,B,P2,"['wiki_02491', 'wiki_02484', 'wiki_01492', 'wiki_01486', 'wiki_01208']",المقر الرئيسي لصندوق محمد السادس للاستثمار في مدينة الرباط.,1,1,1,"مدعوم: نعم
مطابق: نعم",0
w155,B,P2,"['wiki_02491', 'wiki_02229', 'wiki_02484', 'wiki_02488', 'wiki_01359']",يوليو 2020,1,0,0,"مدعوم: لا
مطابق: لا",0
w156,B,P2,"['wiki_02032', 'wiki_02034', 'wiki_02033', 'wiki_02038', 'wiki_02035']",المستشفى ديال جمعة سحيم كاين فيه طبيب واحد.,1,1,1,"مدعوم: نعم
مطابق: نعم",0
w157,B,P2,"['wiki_02032', 'wiki_02034', 'wiki_02038', 'wiki_02035', 'wiki_02033']",مستشفى ومستوصف صحي ودار للولادة,1,1,1,"مدعوم: نعم
مطابق: نعم",0
w158,B,P2,"['wiki_02388', 'wiki_02390', 'wiki_01380', 'wiki_02691', 'wiki_00503']",ارتفعت الساكنة الحضرية من 13 إلى 17 مليون نسمة ما بين العامين 1992 و2004.,1,1,1,"مدعوم: نعم
مطابق: نعم",0
w159,B,P2,"['wiki_01248', 'wiki_00448', 'wiki_01870', 'wiki_01650', 'wiki_00441']",ضعف إنتاج البترول وعدم تطور الصناعة بشكل كاف.,0,0,0,"مدعوم: لا
مطابق: لا",0
w160,B,P2,"['wiki_01320', 'wiki_01100', 'wiki_00043', 'wiki_00056', 'wiki_01313']",3312 منشورًا,1,1,1,"مدعوم: نعم
مطابق: نعم",0
w161,B,P2,"['wiki_02208', 'wiki_01320', 'wiki_01319', 'wiki_00611', 'wiki_00304']",المعلومة غير متوفرة في النصوص,1,1,1,"مدعوم: نعم
مطابق: نعم",1
w162,B,P2,"['wiki_01320', 'wiki_00030', 'wiki_02181', 'wiki_01100', 'wiki_00056']",45,1,1,1,"مدعوم: نعم
مطابق: نعم",0
w163,B,P2,"['wiki_01438', 'wiki_00726', 'wiki_00679', 'wiki_00676', 'wiki_00677']",5 ديسمبر 1952,1,1,1,"مدعوم: نعم
مطابق: نعم",0
w164,B,P2,"['wiki_00725', 'wiki_00726', 'wiki_00727', 'wiki_02101', 'wiki_02184']",طنجة,1,0,0,"مدعوم: لا
مطابق: لا",0
w165,B,P2,"['wiki_02347', 'wiki_02350', 'wiki_02346', 'wiki_00885', 'wiki_02349']",محمد توري,1,1,1,"مدعوم: نعم
مطابق: نعم",0
w166,B,P2,"['wiki_02350', 'wiki_02347', 'wiki_02236', 'wiki_01758', 'wiki_00930']",أغمات,1,0,0,"مدعوم: لا
مطابق: لا",0
w167,B,P2,"['wiki_02960', 'wiki_02959', 'wiki_02964', 'wiki_02965', 'wiki_02348']",تتواجد مطغرة اليوم بنواحي تلمسان وبين فاس والراشيدية وتوات.,1,0,0,"مدعوم: لا
مطابق: لا",0
w168,B,P2,"['wiki_02259', 'wiki_02678', 'wiki_02209', 'wiki_01851', 'wiki_01850']",المعلومة غير متوفرة في النصوص,0,0,0,"مدعوم: لا
مطابق: لا",1
w169,B,P2,"['wiki_00475', 'wiki_01113', 'wiki_01116', 'wiki_01456', 'wiki_00474']","نحو 2,000 تاجر عربي من القيروان في تونس.",1,1,1,"مدعوم: نعم
مطابق: نعم",0
w170,B,P2,"['wiki_01706', 'wiki_01735', 'wiki_00475', 'wiki_01692', 'wiki_01729']",المعلومة غير متوفرة في النصوص,1,1,0,"مدعوم: نعم
مطابق: لا",1
w171,B,P2,"['wiki_00475', 'wiki_02465', 'wiki_00902', 'wiki_02458', 'wiki_02037']",-Smithiya الحي الغربي من شعيب حيث أقام التجار العرب القادمين من القيروان مؤقتًا وشكلوا أغلبية عددية مقارنة بالأقلية البربرية.,1,1,0,"مدعوم: نعم
مطابق: لا",0
w172,B,P2,"['wiki_02101', 'wiki_01761', 'wiki_02104', 'wiki_01996', 'wiki_02080']",أكتوبر 1955,1,1,1,"مدعوم: نعم
مطابق: نعم",0
w173,B,P2,"['wiki_01720', 'wiki_01450', 'wiki_02104', 'wiki_00725', 'wiki_02028']",16 نونبر 1955,0,1,1,"مدعوم: نعم
مطابق: نعم",0
w174,B,P2,"['wiki_02365', 'wiki_00523', 'wiki_02760', 'wiki_00774', 'wiki_01439']",المعلومة غير متوفرة في النصوص,0,0,0,"مدعوم: لا
مطابق: لا",1
w175,B,P2,"['wiki_02948', 'wiki_02101', 'wiki_00680', 'wiki_01026', 'wiki_00711']",2 مارس 1956,1,1,1,"مدعوم: نعم
مطابق: نعم",0
w176,B,P2,"['wiki_00295', 'wiki_00281', 'wiki_00294', 'wiki_00284', 'wiki_00289']",جامعة الأخوين,1,1,1,"مدعوم: نعم
مطابق: نعم",0
w177,B,P2,"['wiki_00289', 'wiki_00300', 'wiki_00281', 'wiki_00296', 'wiki_00295']",موارد الجاذبية السياحية ديال إفران كتعتمد على المنتزه الوطني لإفران، وبحيرات متنوعة، وشلالات، ومصادر، وغابات أرز، وأماكن تزلج، وطرقات رياضية، وفنادق، ومقاهي، ومطاعم، ومرافق ترفيهية، ونشاطات رياضية، و,1,0,0,"مدعوم: لا
مطابق: لا",0
w178,B,P2,"['wiki_02081', 'wiki_00706', 'wiki_02080', 'wiki_02220', 'wiki_01278']",تأسس مركز المغرب العربي للدراسات الاستراتيجية في عام 1994.,1,1,1,"مدعوم: نعم
مطابق: نعم",0
w179,B,P2,"['wiki_02792', 'wiki_02791', 'wiki_02799', 'wiki_01289', 'wiki_02794']",183,1,1,1,"مدعوم: نعم
مطابق: نعم",0
w180,B,P2,"['wiki_02792', 'wiki_02791', 'wiki_02825', 'wiki_02793', 'wiki_00583']",تتمركز أغلب وحدات صناعة التجميد في جنوب المغرب بسبب تطوير صيد الرخويات والصيد السطحي.,1,1,1,"مدعوم: نعم
مطابق: نعم",0
w181,B,P2,"['wiki_02792', 'wiki_02791', 'wiki_02387', 'wiki_01022', 'wiki_01379']",حوالي 8300 طن في اليوم الواحد.,1,1,1,"مدعوم: نعم
مطابق: نعم",0
w182,B,P2,"['wiki_02792', 'wiki_00426', 'wiki_00632', 'wiki_00424', 'wiki_02793']",الاتحاد الأوروبي,1,1,1,"مدعوم: نعم
مطابق: نعم",0
w183,B,P2,"['wiki_00269', 'wiki_00270', 'wiki_00271', 'wiki_00272', 'wiki_01467']",كلوديوس,1,1,1,"مدعوم: نعم
مطابق: نعم",0
w184,B,P2,"['wiki_00270', 'wiki_01468', 'wiki_01471', 'wiki_01704', 'wiki_01466']",في روما,1,1,1,"مدعوم: نعم
مطابق: نعم",0
w185,B,P2,"['wiki_00270', 'wiki_00180', 'wiki_01704', 'wiki_01471', 'wiki_01466']",شرشال,1,1,1,"مدعوم: نعم
مطابق: نعم",0
w186,B,P2,"['wiki_01463', 'wiki_01465', 'wiki_01466', 'wiki_01473', 'wiki_01470']",كليوبراتا سيليني الثانية,1,1,1,"مدعوم: نعم
مطابق: نعم",0
w187,B,P2,"['wiki_01463', 'wiki_01466', 'wiki_01471', 'wiki_01465', 'wiki_01744']",حكم بطليموس الموريطاني من 23 ميلادية حتى 40 ميلادية.,1,1,1,"مدعوم: نعم
مطابق: نعم",0
w188,B,P2,"['wiki_00051', 'wiki_00539', 'wiki_01365', 'wiki_00327', 'wiki_00190']",ساعتين و11 دقيقة و34 ثانية,1,1,1,"مدعوم: نعم
مطابق: نعم",0
w189,B,P2,"['wiki_00051', 'wiki_00058', 'wiki_00059', 'wiki_02587', 'wiki_00056']","جائزة ""قارئ العام للعالم العربي""",1,1,1,"مدعوم: نعم
مطابق: نعم",0
w190,B,P2,"['wiki_00670', 'wiki_02776', 'wiki_01028', 'wiki_00672', 'wiki_00673']",التخوف من القانون يرجع إلى أنه يقسم المغرب إلى عالمين متمايزين ومنفصلين بشكل كلي، عالم الناطقين باللغة العربية وعالم الناطقين بالأمازيغية، مما يعتبر تطبيقا للآيديولوجيا الاستعمارية القديمة.,1,1,1,"مدعوم: نعم
مطابق: نعم",0
w191,B,P2,"['wiki_00670', 'wiki_01252', 'wiki_01349', 'wiki_01656', 'wiki_01354']",بلاد السيبة وبلاد المخزن,1,1,1,"مدعوم: نعم
مطابق: نعم",0
w192,B,P2,"['wiki_00144', 'wiki_00204', 'wiki_00212', 'wiki_01661', 'wiki_01890']",تزنيت تبعد عن الرباط 690 كيلومترًا وعن أكادير 90 كيلومترًا.,1,1,1,"مدعوم: نعم
مطابق: نعم",0
w193,B,P2,"['wiki_01890', 'wiki_02712', 'wiki_01819', 'wiki_00779', 'wiki_02330']",تشتهر تزنيت بصناعة وإنتاج المجوهرات الفضية، لذا كُلبت بعاصمة الفضة.,1,1,1,"مدعوم: نعم
مطابق: نعم",0
w194,B,P2,"['wiki_01890', 'wiki_02712', 'wiki_01899', 'wiki_01893', 'wiki_01891']",لا زنينية,1,1,1,"مدعوم: نعم
مطابق: نعم",0
w195,B,P2,"['wiki_01411', 'wiki_01412', 'wiki_01413', 'wiki_00635', 'wiki_00835']",تتولى الهيئة المغربية لسوق الرساميل حماية المدخرين والمستثمرين، مراقبة سير أسواق الرساميل، ضمان شفافية العمليات المالية، تنظيم المشاركين في السوق والأدوات المالية، تعزيز الثقافة المالية.,1,0,1,"مدعوم: لا
مطابق: نعم",0
w196,B,P2,"['wiki_01412', 'wiki_01411', 'wiki_01413', 'wiki_02776', 'wiki_00635']",الملك محمد السادس,1,1,1,"مدعوم: نعم
مطابق: نعم",0
w197,B,P2,"['wiki_00930', 'wiki_00076', 'wiki_00685', 'wiki_00891', 'wiki_02321']",أحمد الذهبي، عبد الملك، علي الأعرج، محمد المستضيء، زين العابدين.,1,1,0,"مدعوم: نعم
مطابق: لا",0
w198,B,P2,"['wiki_01051', 'wiki_02093', 'wiki_01449', 'wiki_00930', 'wiki_01052']",بويع ست مرات.,1,1,1,"مدعوم: نعم
مطابق: نعم",0
w199,B,P2,"['wiki_01000', 'wiki_00993', 'wiki_00999', 'wiki_00424', 'wiki_02709']",المعلومة غير متوفرة في النصوص,1,1,1,"مدعوم: نعم
مطابق: نعم",1
w200,B,P2,"['wiki_00698', 'wiki_02910', 'wiki_01688', 'wiki_00722', 'wiki_02019']","34,000 رجل",1,1,1,"مدعوم: نعم
مطابق: نعم",0
w001,F,P2,['wiki_02359'],593 168,1,1,0,"مدعوم: نعم
مطابق: لا",0
w002,F,P2,['wiki_02359'],طنجة,1,1,0,"مدعوم: نعم
مطابق: لا",0
w003,F,P2,['wiki_01011'],المعلومة غير متوفرة في النصوص,0,0,0,"مدعوم: لا
مطابق: لا",1
w004,F,P2,['wiki_01012'],"ارتفعت نسبة الطاقة الريحية من 2,8% في 2010 إلى 8,1% في 2015.",1,1,1,"مدعوم: نعم
مطابق: نعم",0
w005,F,P2,['wiki_01012'],"1,6 طن",1,1,1,"مدعوم: نعم
مطابق: نعم",0
w006,F,P2,['wiki_00564'],وصل معدل البطالة على الصعيد الوطني في الفصل الثاني ديال 2025 لين 12.8%.,1,1,1,"مدعوم: نعم
مطابق: نعم",0
w007,F,P2,['wiki_00564'],شكيب بنموسى,1,1,1,"مدعوم: نعم
مطابق: نعم",0
w008,F,P2,['wiki_00564'],المعدل انتقل من 10.5% إلى 21.4% بالوسط القروي.,1,1,1,"مدعوم: نعم
مطابق: نعم",0
w009,F,P2,['wiki_02608'],المعدل التضخمي بقي عند نسبة 0.7%.,1,1,1,"مدعوم: نعم
مطابق: نعم",0
w010,F,P2,['wiki_02608'],3.5%,1,1,1,"مدعوم: نعم
مطابق: نعم",0
w011,F,P2,['wiki_02608'],المعلومة غير متوفرة في النصوص,1,1,0,"مدعوم: نعم
مطابق: لا",1
w012,F,P2,['wiki_02230'],أول أبريل 1998,1,1,1,"مدعوم: نعم
مطابق: نعم",0
w013,F,P2,['wiki_02230'],31 دجنبر 2011,1,1,1,"مدعوم: نعم
مطابق: نعم",0
w014,F,P2,['wiki_02691'],"حوالي 36,8 مليون نسمة",1,1,1,"مدعوم: نعم
مطابق: نعم",0
w015,F,P2,['wiki_02691'],"تطور معدل التمدن في المغرب من 29% سنة 1960 إلى 62,8% سنة 2024.",1,1,1,"مدعوم: نعم
مطابق: نعم",0
w016,F,P2,['wiki_02691'],"انخفض إلى 0,85%.",1,1,0,"مدعوم: نعم
مطابق: لا",0
w017,F,P2,['wiki_01011'],"88,8٪",1,1,1,"مدعوم: نعم
مطابق: نعم",0
w018,F,P2,['wiki_01011'],"لا يمثل الإنتاج الوطني من الطاقة أكثر من %9,4 من الحاجيات ديال البلاد.",1,1,1,"مدعوم: نعم
مطابق: نعم",0
w019,F,P2,['wiki_00436'],15%,1,1,1,"مدعوم: نعم
مطابق: نعم",0
w020,F,P2,['wiki_00436'],مواد الطاقية ومواد التجهيز والمواد الاستهلاكية,1,1,1,"مدعوم: نعم
مطابق: نعم",0
w021,F,P2,['wiki_01430'],55.8 %,1,1,1,"مدعوم: نعم
مطابق: نعم",0
w022,F,P2,['wiki_01430'],المصاريف ديال حرب الصحرا كيقدرها مليون دولار يوميا.,1,1,1,"مدعوم: نعم
مطابق: نعم",0
w023,F,P2,['wiki_00350'],15 يونيو 2004,0,1,0,"مدعوم: نعم
مطابق: لا",0
w024,F,P2,['wiki_00574'],بشحال زادو صادرات المغرب ديال النسيج لأمريكا فـ2006؟ نسبة %122,1,1,1,"مدعوم: نعم
مطابق: نعم",0
w025,F,P2,['wiki_00574'],قطاعي السياحة والنسيج,1,1,1,"مدعوم: نعم
مطابق: نعم",0
w026,F,P2,['wiki_01297'],سنة 2025,1,1,0,"مدعوم: نعم
مطابق: لا",0
w027,F,P2,['wiki_01011'],المعلومة غير متوفرة في النصوص,0,0,0,"مدعوم: لا
مطابق: لا",1
w028,F,P2,['wiki_02790'],طنجة وأكادير والعيون,1,1,1,"مدعوم: نعم
مطابق: نعم",0
w029,F,P2,['wiki_02790'],ساهم مخطط أليوتيس في زيادة الناتج الداخلي الخام لقطاع الصيد البحري من 8.3 إلى 15 مليار درهم ما بين 2007 و2015.,1,1,1,"مدعوم: نعم
مطابق: نعم",0
w030,F,P2,['wiki_02790'],سنة 2016 بلغ الإنتاج حوالي 1.46 مليون طن.,1,1,1,"مدعوم: نعم
مطابق: نعم",0
w031,F,P2,['wiki_01281'],"56,5%",1,1,1,"مدعوم: نعم
مطابق: نعم",0
w032,F,P2,['wiki_01281'],بلغ الناتج المحلي الإجمالي للفرد قيمة 3.750 دولار أمريكي حسب تقديرات صندوق النقد الدولي لسنة 2023.,1,1,1,"مدعوم: نعم
مطابق: نعم",0
w033,F,P2,['wiki_01281'],المغرب يحتل المرتبة 107 في إنتاجية القوى العاملة حسب تقرير منظمة العمل الدولية لسنة 2023.,1,1,1,"مدعوم: نعم
مطابق: نعم",0
w034,F,P2,['wiki_02387'],وصل إنتاج الطاقة الكهرمائية إلى 2700 مليون كيلواط في 2004.,0,1,1,"مدعوم: نعم
مطابق: نعم",0
w035,F,P2,['wiki_01379'],تبلغ حصة المدارات المسقية في الناتج المحلي الخام بين 7% و10%.,1,1,1,"مدعوم: نعم
مطابق: نعم",0
w036,F,P2,['wiki_02384'],المغرب يستورد 40% حتى 60% من حاجيات الحبوب.,0,1,1,"مدعوم: نعم
مطابق: نعم",0
w037,F,P2,['chunk_007'],تشغل الفلاحة نسبة كبيرة من اليد العاملة في المغرب.,0,1,0,"مدعوم: نعم
مطابق: لا",0
w038,F,P2,['wiki_02646'],وصل عدد سكان عين بني مطهر سنة 2014 إلى 16289 نسمة.,1,1,1,"مدعوم: نعم
مطابق: نعم",0
w039,F,P2,['wiki_02635'],المعلومة غير متوفرة في النصوص,0,1,1,"مدعوم: نعم
مطابق: نعم",1
w040,F,P2,['wiki_00814'],435 مدرسة,1,1,1,"مدعوم: نعم
مطابق: نعم",0
w041,F,P2,['wiki_01106'],%75,1,1,1,"مدعوم: نعم
مطابق: نعم",0
w042,F,P2,['wiki_01106'],الصين,1,1,1,"مدعوم: نعم
مطابق: نعم",0
w043,F,P2,['wiki_02193'],المعلومة غير متوفرة في النصوص,0,1,0,"مدعوم: نعم
مطابق: لا",1
w044,F,P2,['wiki_02194'],24.5%,1,1,1,"مدعوم: نعم
مطابق: نعم",0
w045,F,P2,['wiki_01074'],لتشجيع الاستثمارات والصادرات، ومساهمة في تمويل مشروع طرامواي الرباط - سلا.,1,1,1,"مدعوم: نعم
مطابق: نعم",0
w046,F,P2,['wiki_01663'],1503 جماعة,1,1,1,"مدعوم: نعم
مطابق: نعم",0
w047,F,P2,['wiki_01378'],"1,050,000 هكتار",0,1,1,"مدعوم: نعم
مطابق: نعم",0
w048,F,P2,['wiki_01378'],تساهم الزراعة المسقية في 75% من الصادرات الفلاحية.,0,1,1,"مدعوم: نعم
مطابق: نعم",0
w049,F,P2,['wiki_02609'],2.5%,1,0,0,"مدعوم: لا
مطابق: لا",0
w050,F,P2,['wiki_02609'],خفض الدين العام إلى 60% من إجمالي الناتج المحلي بحلول عام 2021,1,1,1,"مدعوم: نعم
مطابق: نعم",0
w051,F,P2,['wiki_01040'],ثمانية وعشرين سنة,1,1,1,"مدعوم: نعم
مطابق: نعم",0
w052,F,P2,['wiki_01040'],19 ماي 1881م,1,1,1,"مدعوم: نعم
مطابق: نعم",0
w053,F,P2,['wiki_02950'],المعلومة غير متوفرة في النصوص,0,1,0,"مدعوم: نعم
مطابق: لا",1
w054,F,P2,['wiki_02950'],المعلومة غير متوفرة في النصوص,0,0,0,"مدعوم: لا
مطابق: لا",1
w055,F,P2,['wiki_00949'],أربعة وثلاثون موقعا,1,0,0,"مدعوم: لا
مطابق: لا",0
w056,F,P2,['wiki_00949'],ترجع النقوش الصخرية إلى 4000-ق-م 8000-ق.م,1,1,1,"مدعوم: نعم
مطابق: نعم",0
w057,F,P2,['wiki_02594'],سعيد العلام,1,1,1,"مدعوم: نعم
مطابق: نعم",0
w058,F,P2,['wiki_02594'],جائزة كتارا للرواية العربية وفازت بها الرواية في عام 2020.,1,1,1,"مدعوم: نعم
مطابق: نعم",0
w059,F,P2,['wiki_01477'],بوليساريو اقترحت إقحام فقط الصحراويين الذين قام الاستعمار الإسباني بإحصاءهم سنة 1974م.,1,1,1,"مدعوم: نعم
مطابق: نعم",0
w060,F,P2,['wiki_01477'],السلطات الاستعمارية الأسبانية رحلت القبائل الصحراوية فـ1969.,1,1,1,"مدعوم: نعم
مطابق: نعم",0
w061,F,P2,['wiki_00652'],13 مايو 1801,1,1,1,"مدعوم: نعم
مطابق: نعم",0
w062,F,P2,['wiki_00652'],توماس جيفرسون,1,1,1,"مدعوم: نعم
مطابق: نعم",0
w063,F,P2,['wiki_00873'],الزربية و الجلباب,1,1,1,"مدعوم: نعم
مطابق: نعم",0
w064,F,P2,['wiki_00873'],صناعة الفخار، الدباغة، ضياغة الحلي.,1,1,1,"مدعوم: نعم
مطابق: نعم",0
w065,F,P2,['wiki_00622'],عاش الأمازيغ في منطقة الأطلس المتوسط في جماعات منعزلة ومغلقة، دون علاقات واضحة مع القبائل المجاورة.,1,1,1,"مدعوم: نعم
مطابق: نعم",0
w066,F,P2,['wiki_00622'],المعلومة غير متوفرة في النصوص,1,0,0,"مدعوم: لا
مطابق: لا",1
w067,F,P2,['wiki_00872'],الوحدة ديال التبريد لي كتحفظ التفاح في الريش كتحفظ 1600 طن.,0,1,1,"مدعوم: نعم
مطابق: نعم",0
w068,F,P2,['wiki_00872'],مدينة مكناس,0,1,1,"مدعوم: نعم
مطابق: نعم",0
w069,F,P2,['wiki_00193'],1500 متر,1,1,0,"مدعوم: نعم
مطابق: لا",0
w070,F,P2,['wiki_01791'],المعلومة غير متوفرة في النصوص,0,1,0,"مدعوم: نعم
مطابق: لا",1
w071,F,P2,['wiki_01791'],سنة 1614,0,0,0,"مدعوم: لا
مطابق: لا",0
w072,F,P2,['wiki_01795'],1614 و1681,1,1,1,"مدعوم: نعم
مطابق: نعم",0
w073,F,P2,['wiki_02019'],يوليو - غشت 1947,1,1,1,"مدعوم: نعم
مطابق: نعم",0
w074,F,P2,['wiki_02015'],المعلومة غير متوفرة في النصوص,0,0,0,"مدعوم: لا
مطابق: لا",1
w075,F,P2,['wiki_01101'],تنتشر السلالة ديال البقر والماس زعير في كل من منطقة الرماني وزمور وزعير وقبائل زيان خاصة في منطقة مريرت.,1,1,1,"مدعوم: نعم
مطابق: نعم",0
w076,F,P2,['wiki_01101'],سنة 1981,1,1,1,"مدعوم: نعم
مطابق: نعم",0
w077,F,P2,['wiki_01101'],سلالة مكناس,1,0,1,"مدعوم: لا
مطابق: نعم",0
w078,F,P2,['wiki_00645'],1200 متر,1,1,1,"مدعوم: نعم
مطابق: نعم",0
w079,F,P2,['wiki_00643'],تبعد مدينة الحاجب عن مكناس بمسافة 32 كلم.,0,1,1,"مدعوم: نعم
مطابق: نعم",0
w080,F,P2,['wiki_00645'],المغارة التي تشبه وجه الأسد,1,1,1,"مدعوم: نعم
مطابق: نعم",0
w081,F,P2,['wiki_01214'],المعلومة غير متوفرة في النصوص,0,0,0,"مدعوم: لا
مطابق: لا",1
w082,F,P2,['wiki_01216'],الأيام الثلاثة الأولى مخصصة للمحترفين، والأيام الثلاثة الأخرى مفتوحة لعامة الناس.,1,1,1,"مدعوم: نعم
مطابق: نعم",0
w083,F,P2,['wiki_01216'],"مساحة المعرض الدولي للفلاحة بالمغرب تبلغ 370,000 m2.",1,1,1,"مدعوم: نعم
مطابق: نعم",0
w084,F,P2,['wiki_02925'],السياحة,1,1,1,"مدعوم: نعم
مطابق: نعم",0
w085,F,P2,['wiki_02926'],المشاكل اللي كتعاني منها مدينة مرزوكة هي الغياب المتكرر للأساتذة ومرافق المدرسة المهمشة وعدم وجود أي مدرسة إعدادية أو ثانوية.,0,1,0,"مدعوم: نعم
مطابق: لا",0
w086,F,P2,['wiki_01372'],سنة 2012,1,1,1,"مدعوم: نعم
مطابق: نعم",0
w087,F,P2,['wiki_01372'],120 كيلومترًا,1,1,1,"مدعوم: نعم
مطابق: نعم",0
w088,F,P2,['wiki_01372'],المساحة ديال المنطقة الحرة الأطلسية تقارب 500 هكتار.,1,1,1,"مدعوم: نعم
مطابق: نعم",0
w089,F,P2,['wiki_01161'],أُحدثت اللجنة الوطنية لمناخ الأعمال سنة 2009، ويرأسها رئيس الحكومة.,1,1,1,"مدعوم: نعم
مطابق: نعم",0
w090,F,P2,['wiki_01161'],"الcommittee's objective is to propose measures aimed at improving the legal and regulatory framework for business and coordinate their implementation, while evaluating their impact on relevant sectors.",1,1,1,"مدعوم: نعم
مطابق: نعم",0
w091,F,P2,['wiki_00904'],المغرب الأقصى كان مستقلًا عن العثمانيين ولم يكن تحت سيادتهم الفعلية أو名义上。,1,1,1,"مدعوم: نعم
مطابق: نعم",0
w092,F,P2,['wiki_00904'],مراكش,1,1,1,"مدعوم: نعم
مطابق: نعم",0
w093,F,P2,['wiki_00323'],المعلومة غير متوفرة في النصوص,0,0,0,"مدعوم: لا
مطابق: لا",1
w094,F,P2,['wiki_00324'],نهر السنغال,1,1,1,"مدعوم: نعم
مطابق: نعم",0
w095,F,P2,['wiki_02031'],2 كم,1,1,1,"مدعوم: نعم
مطابق: نعم",0
w096,F,P2,['wiki_00650'],مرسوم رقم 2.24.1122,1,1,0,"مدعوم: نعم
مطابق: لا",0
w097,F,P2,['wiki_00650'],توحيد الحد الأدنى للأجور بين القطاعات الفلاحية وغير الفلاحية,1,0,0,"مدعوم: لا
مطابق: لا",0
w098,F,P2,['wiki_01204'],المدرسة البوعنانية تبنيت في عامي 1350م و1355م,1,0,0,"مدعوم: لا
مطابق: لا",0
w099,F,P2,['wiki_01204'],باب بوجلود هو المدخل الرئيسي ديال فاس البالي.,1,1,1,"مدعوم: نعم
مطابق: نعم",0
w100,F,P2,['wiki_01367'],167 مقعدا,1,1,1,"مدعوم: نعم
مطابق: نعم",0
w101,F,P2,['wiki_02635'],المعلومة غير متوفرة في النصوص,0,1,1,"مدعوم: نعم
مطابق: نعم",1
w102,F,P2,['wiki_02640'],تفوق 39.6,1,1,1,"مدعوم: نعم
مطابق: نعم",0
w103,F,P2,['wiki_02640'],واد الشارف واد تبودة وادي مسخسخة وادي وزين,1,1,1,"مدعوم: نعم
مطابق: نعم",0
w104,F,P2,['wiki_00431'],التداخل بين النزعة اللبرالية والتوجيه الاقتصادي، إضافة إلى سياسة تجارية حمائية، وتدخل وازن للسلطات الحكومية في السياسات الاقتصادية والاجتماعية.,1,1,1,"مدعوم: نعم
مطابق: نعم",0
w105,F,P2,['wiki_00431'],أولى الأوراش الاقتصادية ديال أولى الحكومات المغربية من بعد الاستقلال تخص إرساء الاستقلالية الاقتصادية، لدولة خارجة للتو من الاستعمار.,1,1,1,"مدعوم: نعم
مطابق: نعم",0
w106,F,P2,['wiki_00565'],تأسس البنك المخزني المغربي سنة 1907 في طنجة شمال المغرب.,1,1,1,"مدعوم: نعم
مطابق: نعم",0
w107,F,P2,['wiki_00565'],1955,1,0,0,"مدعوم: لا
مطابق: لا",0
w108,F,P2,['wiki_00692'],تجنب التوتر ومناقشة وضع المغرب,0,1,0,"مدعوم: نعم
مطابق: لا",0
w109,F,P2,['wiki_00738'],أحمد بن المهدي الغزال,1,1,1,"مدعوم: نعم
مطابق: نعم",0
w110,F,P2,['wiki_00738'],لتجديد الصلح بين الدولتين وإطلاق صراح الأسرى الجزائريين بإسبانيا,1,1,1,"مدعوم: نعم
مطابق: نعم",0
w111,F,P2,['wiki_02472'],أصفراو تعني المنطقة المقعرة.,1,1,1,"مدعوم: نعم
مطابق: نعم",0
w112,F,P2,['wiki_02472'],كانوا ساكنين في الكهوف والمغارات.,1,1,1,"مدعوم: نعم
مطابق: نعم",0
w113,F,P2,['wiki_02472'],بلدة البهاليل,1,1,1,"مدعوم: نعم
مطابق: نعم",0
w114,F,P2,['wiki_01117'],35 كلم,1,1,1,"مدعوم: نعم
مطابق: نعم",0
w115,F,P2,['wiki_01117'],مسجد، وحمام، ومركز تجاري.,1,1,1,"مدعوم: نعم
مطابق: نعم",0
w116,F,P2,['wiki_01117'],استولى الجيش البرتغالي على القصر الصغير في يوم 23 أكتوبر 1458م وقائده كان ألفونس الخامس.,1,1,1,"مدعوم: نعم
مطابق: نعم",0
w117,F,P2,['wiki_01242'],ألبرت حوراني,1,0,1,"مدعوم: لا
مطابق: نعم",0
w118,F,P2,['wiki_01242'],المحامِك والوزارات والجيش,1,1,1,"مدعوم: نعم
مطابق: نعم",0
w119,F,P2,['wiki_01894'],المساحة الإجمالية للقصبة المخزنية في تزنيت هي 6704م² وعدد أبراجها 5.,1,1,1,"مدعوم: نعم
مطابق: نعم",0
w120,F,P2,['wiki_01894'],تنسب إلى القائد الحاحي محمد أغناج.,1,1,1,"مدعوم: نعم
مطابق: نعم",0
w121,F,P2,['wiki_02269'],نعم، كانت معروفة أوعبيد الله في العصر المريني.,1,1,1,"مدعوم: نعم
مطابق: نعم",0
w122,F,P2,['wiki_02787'],وفرة سمك الشابل والتون في أزمور والإقبال الأوروبي على شرائه.,1,1,1,"مدعوم: نعم
مطابق: نعم",0
w123,F,P2,['wiki_02787'],سنة 1476,1,1,1,"مدعوم: نعم
مطابق: نعم",0
w124,F,P2,['wiki_02319'],لقب عاصمة الشاوية,1,1,1,"مدعوم: نعم
مطابق: نعم",0
w125,F,P2,['wiki_02319'],83 كم,1,1,1,"مدعوم: نعم
مطابق: نعم",0
w126,F,P2,['wiki_02319'],الرمز ديال مدينة سطات هو الحصان.,1,1,1,"مدعوم: نعم
مطابق: نعم",0
w127,F,P2,['wiki_02319'],الارتفاع ديال سطات على سطح البحر هو 370 مترا.,1,1,1,"مدعوم: نعم
مطابق: نعم",0
w128,F,P2,['wiki_00186'],اللون لي دارو الموحدين شعار ديالهم هو الأبيض.,0,1,1,"مدعوم: نعم
مطابق: نعم",0
w129,F,P2,['wiki_00186'],المعلومة غير متوفرة في النصوص,0,1,1,"مدعوم: نعم
مطابق: نعم",1
w130,F,P2,['wiki_01857'],جبال بني يزناسن من الجهة الشمالية وجبال دبدو ومرتفعات لمقام من الجهة الجنوبية.,0,1,0,"مدعوم: نعم
مطابق: لا",0
w131,F,P2,['wiki_01845'],المعيشة ديال المهاجرين القاطنين بديار المهجر.,0,0,0,"مدعوم: لا
مطابق: لا",0
w132,F,P2,['wiki_02297'],وسط واحة كبيرة جنوب الأطلس الكبير.,1,1,1,"مدعوم: نعم
مطابق: نعم",0
w133,F,P2,['wiki_02297'],مدينة القيروان,1,1,1,"مدعوم: نعم
مطابق: نعم",0
w134,F,P2,['wiki_02297'],سجلماسة تُبنَت سنة 140 هـ/757م من قبل عيسى بن يزيد الأسود.,1,1,1,"مدعوم: نعم
مطابق: نعم",0
w135,F,P2,['wiki_01432'],من 17% إلى 19%.,1,1,1,"مدعوم: نعم
مطابق: نعم",0
w136,F,P2,['wiki_01432'],غل الزبدة فـ1983 غاد 67 %.,1,1,1,"مدعوم: نعم
مطابق: نعم",0
w137,F,P2,['wiki_01432'],100 درهم,1,1,1,"مدعوم: نعم
مطابق: نعم",0
w138,F,P2,['wiki_02057'],مصادر الدخل اللي اعتمدات عليهم جمهورية الريف هي: الزكاة، الغرامات، التبرعات، فداء الأسرى.,1,1,1,"مدعوم: نعم
مطابق: نعم",0
w139,F,P2,['wiki_02057'],20 ألف بيزيتا سنويا,1,1,1,"مدعوم: نعم
مطابق: نعم",0
w140,F,P2,['wiki_02057'],سياسة سحب الأراضي الزراعية من من يعجز أو يتهاون في زرعها.,1,1,1,"مدعوم: نعم
مطابق: نعم",0
w141,F,P2,['wiki_00048'],عزيز أخنوش,1,1,1,"مدعوم: نعم
مطابق: نعم",0
w142,F,P2,['wiki_00048'],عبد الوافي لفتيت,1,1,1,"مدعوم: نعم
مطابق: نعم",0
w143,F,P2,['wiki_02467'],المعلومة غير متوفرة في النصوص,1,1,0,"مدعوم: نعم
مطابق: لا",1
w144,F,P2,['wiki_02467'],نشأ بمدينة نفيس.,1,1,1,"مدعوم: نعم
مطابق: نعم",0
w145,F,P2,['wiki_00600'],توفى التهامي المزواري الكلاوي سنة 1956 وخلفه في منصبه ابنه.,0,0,0,"مدعوم: لا
مطابق: لا",0
w146,F,P2,['wiki_00602'],خمسة عشر سنة,1,1,1,"مدعوم: نعم
مطابق: نعم",0
w147,F,P2,['wiki_02939'],تدشين مستشفى القرب بأحفير تم في يوم 25 يوليوز 2024.,1,1,1,"مدعوم: نعم
مطابق: نعم",0
w148,F,P2,['wiki_02939'],خالد آيت الطالب,1,1,1,"مدعوم: نعم
مطابق: نعم",0
w149,F,P2,['wiki_01469'],七年,1,1,0,"مدعوم: نعم
مطابق: لا

ملاحظة: الإجابة المقدمة",0
w150,F,P2,['wiki_02705'],مهرجانها الثقافي الدولي,1,1,0,"مدعوم: نعم
مطابق: لا",0
w151,F,P2,['wiki_01062'],الاستغلال الذي فرض على الأمازيغ من خلال السيطرة على أراضيهم الفلاحية، وفرض السخرة عليهم، واستخدام القوة لإخضاعهم.,1,1,1,"مدعوم: نعم
مطابق: نعم",0
w152,F,P2,['wiki_01062'],تاكفاريناس وأديمون,1,1,0,"مدعوم: نعم
مطابق: لا",0
w153,F,P2,['wiki_02491'],تأسس صندوق محمد السادس للاستثمار في عام 2021.,1,1,1,"مدعوم: نعم
مطابق: نعم",0
w154,F,P2,['wiki_02491'],المقر الرئيسي في مدينة الرباط.,1,1,1,"مدعوم: نعم
مطابق: نعم",0
w155,F,P2,['wiki_02491'],أُعلن عن صندوق محمد السادس للاستثمار في يوليوز 2020.,1,1,1,"مدعوم: نعم
مطابق: نعم",0
w156,F,P2,['wiki_02032'],المعلومة غير متوفرة في النصوص,0,1,1,"مدعوم: نعم
مطابق: نعم",1
w157,F,P2,['wiki_02034'],المعلومة غير متوفرة في النصوص,0,0,0,"مدعوم: لا
مطابق: لا",1
w158,F,P2,['wiki_02388'],زادت الساكنة الحضرية في المغرب بنسبة 4 ملايين نسمة ما بين 1992 و2004 لتصل إلى 57% من مجموع السكان.,1,1,1,"مدعوم: نعم
مطابق: نعم",0
w159,F,P2,['wiki_00429'],المعلومة غير متوفرة في النصوص,0,0,0,"مدعوم: لا
مطابق: لا",1
w160,F,P2,['wiki_01320'],بلغ عدد المنشورات بالعربية 3312 منشورًا.,1,1,1,"مدعوم: نعم
مطابق: نعم",0
w161,F,P2,['wiki_01320'],جِلد الإبل أو جِلد الماعز,1,0,0,"مدعوم: لا
مطابق: لا",0
w162,F,P2,['wiki_01320'],45 منشور,1,1,1,"مدعوم: نعم
مطابق: نعم",0
w163,F,P2,['wiki_01438'],5 ديسمبر 1952,0,1,1,"مدعوم: نعم
مطابق: نعم",0
w164,F,P2,['wiki_00725'],عاد محمد الخامس إلى المغرب عام 1955م,0,0,0,"مدعوم: لا
مطابق: لا",0
w165,F,P2,['wiki_02347'],محمد توري,1,1,1,"مدعوم: نعم
مطابق: نعم",0
w166,F,P2,['wiki_02346'],أسكيا فالفترة ديال الحكم ديالو (1493-1591).,0,0,0,"مدعوم: لا
مطابق: لا",0
w167,F,P2,['wiki_02958'],أرياف أو الواحات أو قصور,0,0,0,"مدعوم: لا
مطابق: لا",0
w168,F,P2,['wiki_02959'],المعلومة غير متوفرة في النصوص,1,1,0,"مدعوم: نعم
مطابق: لا",1
w169,F,P2,['wiki_00475'],التجار العرب استقبلوا السلطان في فاس فـ825 ناحية 2٬000 تاجر من القيروان في تونس.,1,0,0,"مدعوم: لا
مطابق: لا",0
w170,F,P2,['wiki_01735'],المعلومة غير متوفرة في النصوص,0,0,0,"مدعوم: لا
مطابق: لا",1
w171,F,P2,['wiki_00475'],-Smithiya li hayya astqaro fihi at-tujar li ja'oo min al-qirawân,1,0,0,"مدعوم: لا
مطابق: لا",0
w172,F,P2,['wiki_02101'],أكتوبر 1955,1,1,1,"مدعوم: نعم
مطابق: نعم",0
w173,F,P2,['wiki_01997'],في تاريخ 16 نونبر 1955 عاد محمد الخامس من المنفى إلى المغرب.,0,1,1,"مدعوم: نعم
مطابق: نعم",0
w174,F,P2,['wiki_02142'],الأهداف لي تضربات فحرب المدن هي وجها لوجه أمام القوى الصليبية وضد الذين كانوا يساندونهم ببلاد المغرب العربي.,0,0,0,"مدعوم: لا
مطابق: لا",0
w175,F,P2,['wiki_02101'],2 مارس 1956,1,1,1,"مدعوم: نعم
مطابق: نعم",0
w176,F,P2,['wiki_00289'],جامعة الأخوين,1,1,1,"مدعوم: نعم
مطابق: نعم",0
w177,F,P2,['wiki_00289'],موارد الجاذبية السياحية ديال إفران هي المنتزه الوطني لإفران، والبحيرات، والمصادر، والشلالات، والمجالات الغابوية، ومحطة ميشليفن للتزلج.,1,1,1,"مدعوم: نعم
مطابق: نعم",0
w178,F,P2,['wiki_02081'],تأسس مركز المغرب العربي للدراسات الاستراتيجية في عام 1994.,1,1,1,"مدعوم: نعم
مطابق: نعم",0
w179,F,P2,['wiki_02792'],183,1,1,1,"مدعوم: نعم
مطابق: نعم",0
w180,F,P2,['wiki_02792'],تتركز أغلب وحدات صناعة التجميد في جنوب المغرب بسبب تطوير صيد الرخويات والصيد السطحي.,1,1,1,"مدعوم: نعم
مطابق: نعم",0
w181,F,P2,['wiki_02792'],القدرة الإنتاجية فالنهار ديال صناعة التجميد هي 8300 طن.,1,1,1,"مدعوم: نعم
مطابق: نعم",0
w182,F,P2,['wiki_02792'],الاتحاد الأوروبي,1,1,1,"مدعوم: نعم
مطابق: نعم",0
w183,F,P2,['wiki_00270'],المعلومة غير متوفرة في النصوص,1,1,0,"مدعوم: نعم
مطابق: لا",1
w184,F,P2,['wiki_00270'],في روما,1,1,1,"مدعوم: نعم
مطابق: نعم",0
w185,F,P2,['wiki_00270'],شرشال,1,1,1,"مدعوم: نعم
مطابق: نعم",0
w186,F,P2,['wiki_01463'],كليوباترا سيليني الثانية,1,1,1,"مدعوم: نعم
مطابق: نعم",0
w187,F,P2,['wiki_01463'],حكم بطليموس الموريطاني من 23 حتى وفاته في 40.,1,1,1,"مدعوم: نعم
مطابق: نعم",0
w188,F,P2,['wiki_00051'],ساعتين و11 دقيقة و34 ثانية,1,1,1,"مدعوم: نعم
مطابق: نعم",0
w189,F,P2,['wiki_00051'],"جائزة ""قارئ العام للعالم العربي""",1,1,1,"مدعوم: نعم
مطابق: نعم",0
w190,F,P2,['wiki_00670'],التخوف من القانون بسبب قسمته المغرب إلى عالمين متمايزين ومنفصلين انفصالا كليا.,1,1,1,"مدعوم: نعم
مطابق: نعم",0
w191,F,P2,['wiki_00670'],بلاد السيبة وبلاد المخزن,1,1,1,"مدعوم: نعم
مطابق: نعم",0
w192,F,P2,['wiki_01890'],بعد 690 كلم جنوب الرباط و90 كلم جنوب أكادير.,1,1,1,"مدعوم: نعم
مطابق: نعم",0
w193,F,P2,['wiki_01890'],تشتهر تزنيت بصناعة وإنتاج المجوهرات الفضية، فكانت تُلقب بعاصمة الفضة.,1,1,1,"مدعوم: نعم
مطابق: نعم",0
w194,F,P2,['wiki_01890'],لا زنينية,1,1,1,"مدعوم: نعم
مطابق: نعم",0
w195,F,P2,['wiki_01411'],حماية الادخار، وضمان شفافية وحسن سير الأسواق المالية، والمساهمة في تطويرها,0,1,1,"مدعوم: نعم
مطابق: نعم",0
w196,F,P2,['wiki_01411'],المعلومة غير متوفرة في النصوص,0,1,0,"مدعوم: نعم
مطابق: لا",1
w197,F,P2,['wiki_00930'],سبعة سلاطين حكمو ما بين 1727 و1757.,1,1,1,"مدعوم: نعم
مطابق: نعم",0
w198,F,P2,['wiki_00930'],ست مرات,1,1,1,"مدعوم: نعم
مطابق: نعم",0
w199,F,P2,['wiki_01000'],المعلومة غير متوفرة في النصوص,1,1,0,"مدعوم: نعم
مطابق: لا",1
w200,F,P2,['wiki_00698'],"34,000 رجل",1,1,1,"مدعوم: نعم
مطابق: نعم",0
w001,A,P3,"['wiki_02359', 'wiki_00355', 'wiki_01293', 'wiki_01284', 'wiki_00442']",593 168,1,1,0,"مدعوم: نعم
مطابق: لا",0
w002,A,P3,"['wiki_02359', 'wiki_00355', 'wiki_01492', 'wiki_00247', 'wiki_00583']",طنجة,1,1,0,"مدعوم: نعم
مطابق: لا",0
w003,A,P3,"['wiki_01012', 'wiki_01011', 'wiki_01297', 'wiki_01296', 'wiki_01417']","نسبة الطاقات المتجددة في توليد الكهرباء بالمغرب هي %19,6.",1,1,1,"مدعوم: نعم
مطابق: نعم",0
w004,A,P3,"['wiki_01012', 'wiki_01297', 'wiki_01418', 'wiki_01011', 'wiki_01021']","الاعتماد على الطاقة الريحية ارتفع من %2,8 في عام 2010 إلى %8,1 في عام 2015.",1,1,1,"مدعوم: نعم
مطابق: نعم",0
w005,A,P3,"['wiki_01012', 'wiki_01011', 'wiki_01014', 'wiki_01255', 'wiki_00432']","1,6 طن",1,1,1,"مدعوم: نعم
مطابق: نعم",0
w006,A,P3,"['wiki_00564', 'chunk_011', 'wiki_00563', 'wiki_00453', 'wiki_00291']",12.8%,1,1,1,"مدعوم: نعم
مطابق: نعم",0
w007,A,P3,"['wiki_00564', 'wiki_01369', 'wiki_00290', 'wiki_00417', 'wiki_01408']",المعلومة غير متوفرة في النصوص,1,1,0,"مدعوم: نعم
مطابق: لا",1
w008,A,P3,"['wiki_00564', 'chunk_011', 'wiki_00291', 'wiki_00453', 'wiki_00563']",من 10.5% في 2014 إلى 21.4% في 2024.,1,1,1,"مدعوم: نعم
مطابق: نعم",0
w009,A,P3,"['wiki_02608', 'wiki_02609', 'wiki_01173', 'wiki_01361', 'wiki_00433']",المعلومة غير متوفرة في النصوص,1,1,0,"مدعوم: نعم
مطابق: لا",1
w010,A,P3,"['wiki_02608', 'wiki_02609', 'wiki_02607', 'wiki_00578', 'wiki_01651']",انخفض عجز الموازنة من 3.5% من إجمالي الناتج المحلي في 2017 إلى 3.3% في عام 2018.,1,0,0,"مدعوم: لا
مطابق: لا",0
w011,A,P3,"['wiki_00563', 'wiki_00453', 'wiki_00564', 'chunk_011', 'wiki_02608']",المعلومة غير متوفرة في النصوص,1,0,0,"مدعوم: لا
مطابق: لا",1
w012,A,P3,"['wiki_02230', 'wiki_02227', 'wiki_02228', 'wiki_02229', 'wiki_02224']",فاتح أبريل 1998,1,1,1,"مدعوم: نعم
مطابق: نعم",0
w013,A,P3,"['wiki_02230', 'wiki_02227', 'wiki_02228', 'wiki_02231', 'wiki_02224']",استمر تبديل الأوراق البنكية المسحوبة في شبابيك بنك المغرب إلى غاية 31 دجنبر 2011.,1,1,1,"مدعوم: نعم
مطابق: نعم",0
w014,A,P3,"['wiki_02691', 'wiki_02693', 'chunk_002', 'wiki_01303', 'wiki_02692']",المعلومة غير متوفرة في النصوص,1,1,0,"مدعوم: نعم
مطابق: لا",1
w015,A,P3,"['wiki_02691', 'wiki_00564', 'wiki_00582', 'wiki_00563', 'wiki_02607']","ارتفع معدل التمدن من 29% في 1960 إلى 62,8% في 2024.",1,1,1,"مدعوم: نعم
مطابق: نعم",0
w016,A,P3,"['wiki_02691', 'wiki_02194', 'wiki_00564', 'wiki_02693', 'wiki_02741']",المعلومة غير متوفرة في النصوص,1,1,0,"مدعوم: نعم
مطابق: لا",1
w017,A,P3,"['wiki_01011', 'wiki_01012', 'wiki_01297', 'wiki_01020', 'wiki_01018']","نسبة الطاقات الأحفورية من استهلاك الطاقة الأولية سنة 2015 هي %88,8.",1,1,1,"مدعوم: نعم
مطابق: نعم",0
w018,A,P3,"['wiki_01011', 'wiki_01297', 'wiki_00443', 'wiki_01020', 'wiki_01379']",المعلومة غير متوفرة في النصوص,1,1,0,"مدعوم: نعم
مطابق: لا",1
w019,A,P3,"['wiki_00436', 'wiki_00569', 'wiki_00426', 'wiki_01110', 'wiki_01106']",15%,1,1,1,"مدعوم: نعم
مطابق: نعم",0
w020,A,P3,"['wiki_00448', 'wiki_00568', 'wiki_00436', 'wiki_01292', 'wiki_00435']",الواردات المغربية تتكون أساسا من المواد الطاقية ومواد التجهيز والمواد الغذائية.,1,0,0,"مدعوم: لا
مطابق: لا",0
w021,A,P3,"['wiki_01430', 'wiki_01654', 'wiki_00436', 'wiki_01292', 'wiki_01432']",55.8 %,1,1,1,"مدعوم: نعم
مطابق: نعم",0
w022,A,P3,"['wiki_01430', 'wiki_01766', 'wiki_01476', 'wiki_01230', 'wiki_02521']",المعلومة غير متوفرة في النصوص,1,1,0,"مدعوم: نعم
مطابق: لا",1
w023,A,P3,"['wiki_00350', 'wiki_00574', 'wiki_00572', 'wiki_02967', 'wiki_00575']",وقعت اتفاقية التجارة الحرة بين المغرب والولايات المتحدة في 15 يونيو 2004.,1,1,0,"مدعوم: نعم
مطابق: لا",0
w024,A,P3,"['wiki_00574', 'wiki_01284', 'wiki_00575', 'wiki_00569', 'wiki_00436']",%122,1,1,1,"مدعوم: نعم
مطابق: نعم",0
w025,A,P3,"['wiki_00574', 'wiki_00740', 'wiki_01269', 'wiki_00432', 'wiki_02967']",قطاعي السياحة والنسيج.,1,1,1,"مدعوم: نعم
مطابق: نعم",0
w026,A,P3,"['wiki_01297', 'wiki_00682', 'wiki_00689', 'wiki_01770', 'wiki_01298']",أمَدت إسبانيا بالكهرباء خلال الانقطاع الإيبيري لسنة 2025.,1,0,0,"مدعوم: لا
مطابق: لا",0
w027,A,P3,"['wiki_01021', 'wiki_01012', 'wiki_01011', 'wiki_01297', 'wiki_01013']","%54,8",1,0,0,"مدعوم: لا
مطابق: لا",0
w028,A,P3,"['wiki_02790', 'wiki_02789', 'wiki_01372', 'wiki_01408', 'wiki_02611']",طنجة وأكادير والعيون,1,1,1,"مدعوم: نعم
مطابق: نعم",0
w029,A,P3,"['wiki_02790', 'wiki_01289', 'wiki_02783', 'wiki_02791', 'wiki_02795']",الناتج الداخلي الخام لقطاع الصيد البحري انتقل من 8.3 إلى 15 مليار درهم بين سنتي 2007 و2015.,1,1,1,"مدعوم: نعم
مطابق: نعم",0
w030,A,P3,"['wiki_02790', 'wiki_01289', 'wiki_02783', 'wiki_02791', 'wiki_02792']","1,46 مليون طن",1,1,1,"مدعوم: نعم
مطابق: نعم",0
w031,A,P3,"['wiki_01281', 'wiki_00428', 'wiki_02608', 'wiki_00445', 'wiki_00412']","56,5%",1,1,1,"مدعوم: نعم
مطابق: نعم",0
w032,A,P3,"['wiki_01281', 'wiki_02609', 'wiki_01361', 'wiki_02608', 'wiki_01312']",المعلومة غير متوفرة في النصوص,1,1,1,"مدعوم: نعم
مطابق: نعم",1
w033,A,P3,"['wiki_01281', 'wiki_01284', 'wiki_01312', 'wiki_00563', 'wiki_01279']",يحتل المغرب المرتبة 107 في إنتاجية القوى العاملة حسب تقرير منظمة العمل الدولية لسنة 2023.,1,1,1,"مدعوم: نعم
مطابق: نعم",0
w034,A,P3,"['wiki_02387', 'wiki_01379', 'wiki_01020', 'wiki_01380', 'wiki_01021']",2700 مليون كيلواط,1,1,1,"مدعوم: نعم
مطابق: نعم",0
w035,A,P3,"['wiki_01379', 'wiki_02386', 'wiki_01378', 'wiki_01281', 'wiki_02411']",المعلومة غير متوفرة في النصوص,1,1,1,"مدعوم: نعم
مطابق: نعم",1
w036,A,P3,"['wiki_01377', 'wiki_02384', 'wiki_00436', 'wiki_01095', 'wiki_00428']",حسب الحالة المناخية، المعلومة غير متوفرة في النصوص.,1,1,0,"مدعوم: نعم
مطابق: لا",1
w037,A,P3,"['wiki_00438', 'wiki_00439', 'wiki_01312', 'chunk_007', 'wiki_01814']",90%,0,0,0,"مدعوم: لا
مطابق: لا",0
w038,A,P3,"['wiki_02635', 'wiki_02646', 'wiki_02645', 'wiki_02644', 'wiki_02643']",16289 نسمة,1,1,1,"مدعوم: نعم
مطابق: نعم",0
w039,A,P3,"['wiki_02646', 'wiki_02635', 'wiki_02643', 'wiki_02644', 'wiki_02645']",محطة القطارات المغلقة منذ سنة 1995.,1,1,1,"مدعوم: نعم
مطابق: نعم",0
w040,A,P3,"['wiki_00814', 'wiki_00813', 'wiki_02649', 'wiki_02333', 'wiki_01568']",عدد المدارس الابتدائية بالدار البيضاء خلال الموسم الدراسي 2008/2009 هو 435 مدرسة.,1,1,1,"مدعوم: نعم
مطابق: نعم",0
w041,A,P3,"['wiki_01106', 'wiki_00584', 'wiki_00441', 'wiki_01011', 'wiki_00444']",المغرب يتوفر على %75 من احتياطي الفوسفات العالمي.,1,1,1,"مدعوم: نعم
مطابق: نعم",0
w042,A,P3,"['wiki_01106', 'wiki_00617', 'wiki_00584', 'wiki_01650', 'wiki_00441']",الصين,1,1,1,"مدعوم: نعم
مطابق: نعم",0
w043,A,P3,"['wiki_02193', 'wiki_02194', 'wiki_02187', 'wiki_02189', 'wiki_02188']","بلغ عدد سكان جماعة خنيفرة سنة 2024 حوالي 242,376 نسمة.",1,0,0,"مدعوم: لا
مطابق: لا",0
w044,A,P3,"['wiki_02194', 'wiki_02193', 'wiki_02202', 'wiki_02187', 'wiki_02188']",المعلومة غير متوفرة في النصوص,1,1,1,"مدعوم: نعم
مطابق: نعم",1
w045,A,P3,"['wiki_01074', 'wiki_01070', 'wiki_01077', 'wiki_00955', 'wiki_00959']",لتشجيع الاستثمارات والصادرات، والمساهمة في تمويل مشروع طرامواي الرباط - سلا.,1,1,1,"مدعوم: نعم
مطابق: نعم",0
w046,A,P3,"['wiki_01662', 'wiki_01663', 'wiki_01304', 'wiki_02700', 'wiki_02693']",عدد الجماعات في المغرب سنة 2009 بلغ 1503 جماعة.,1,1,1,"مدعوم: نعم
مطابق: نعم",0
w047,A,P3,"['wiki_02386', 'wiki_01378', 'wiki_02411', 'wiki_00595', 'wiki_00438']",تبلغ المساحة المسقية حاليا 1050000 هكتار.,1,1,1,"مدعوم: نعم
مطابق: نعم",0
w048,A,P3,"['wiki_01378', 'wiki_02386', 'wiki_02385', 'wiki_00633', 'wiki_02824']",تساهم الزراعة المسقية في 75% من الصادرات الفلاحية.,1,1,1,"مدعوم: نعم
مطابق: نعم",0
w049,A,P3,"['wiki_02226', 'wiki_02225', 'wiki_01486', 'wiki_01280', 'wiki_02609']","±2,5٪",1,1,1,"مدعوم: نعم
مطابق: نعم",0
w050,A,P3,"['wiki_02609', 'wiki_01361', 'wiki_01418', 'wiki_01368', 'wiki_00415']",خفض الدين العام إلى 60% من إجمالي الناتج المحلي بحلول عام 2021.,1,1,1,"مدعوم: نعم
مطابق: نعم",0
w051,A,P3,"['wiki_01040', 'wiki_01981', 'wiki_01983', 'wiki_01035', 'wiki_01043']",ثورة الشيخ بوعمامة دامت ثماني وعشرين سنة.,1,1,1,"مدعوم: نعم
مطابق: نعم",0
w052,A,P3,"['wiki_01040', 'wiki_02278', 'wiki_01444', 'wiki_01972', 'wiki_00620']",19 ماي 1881م,1,1,1,"مدعوم: نعم
مطابق: نعم",0
w053,A,P3,"['wiki_02950', 'wiki_02955', 'wiki_02954', 'wiki_02957', 'wiki_02956']",ستة إلى ثمانية أنواع من السلطات.,1,1,1,"مدعوم: نعم
مطابق: نعم",0
w054,A,P3,"['wiki_02950', 'wiki_02954', 'wiki_02953', 'wiki_02955', 'wiki_02956']",بالفلفل وزيت الزيتون والكمون.,1,1,1,"مدعوم: نعم
مطابق: نعم",0
w055,A,P3,"['wiki_00949', 'wiki_00200', 'wiki_00948', 'wiki_00936', 'wiki_00943']",أMore than four and thirty sites.,1,1,1,"مدعوم: نعم
مطابق: نعم",0
w056,A,P3,"['wiki_00949', 'wiki_00948', 'wiki_02671', 'wiki_01773', 'wiki_02497']",يعتقد أن النقوش الصخرية بالسمارة تعود إلى 4000-ق م 8000-ق م.,1,1,1,"مدعوم: نعم
مطابق: نعم",0
w057,A,P3,"['wiki_02594', 'wiki_02596', 'wiki_02597', 'wiki_02595', 'wiki_00043']",سعيد العلام,1,1,1,"مدعوم: نعم
مطابق: نعم",0
w058,A,P3,"['wiki_02594', 'wiki_02596', 'wiki_02597', 'wiki_02595', 'wiki_00059']",جائزة كتارا للرواية العربية، سنة 2020.,1,1,1,"مدعوم: نعم
مطابق: نعم",0
w059,A,P3,"['wiki_01477', 'wiki_01476', 'wiki_00366', 'wiki_01267', 'wiki_01478']",البوليساريو اقترحت إشراك الصحراويين الذين تم إحصاؤهم من طرف الإدارة الإسبانية عام 1974م في الاستفتاء.,1,1,1,"مدعوم: نعم
مطابق: نعم",0
w060,A,P3,"['wiki_01477', 'wiki_00301', 'wiki_01659', 'wiki_01266', 'wiki_01252']",السلطات الإسبانية رحلت القبائل الصحراوية إلى إقليم واد نون في المغرب سنة 1969.,1,1,1,"مدعوم: نعم
مطابق: نعم",0
w061,A,P3,"['wiki_02133', 'wiki_00652', 'wiki_00651', 'wiki_02130', 'wiki_02129']",أُرسل الأسطول البحري الأمريكي في 13 مايو 1801 في بداية الحرب.,1,1,1,"مدعوم: نعم
مطابق: نعم",0
w062,A,P3,"['wiki_00651', 'wiki_00652', 'wiki_02130', 'wiki_02124', 'wiki_00653']",توماس جيفرسون,1,1,1,"مدعوم: نعم
مطابق: نعم",0
w063,A,P3,"['wiki_00873', 'wiki_00879', 'wiki_00871', 'wiki_00878', 'wiki_00872']",الصناعة التقليدية التي يتميز بها مركز الريش هي الزربية والجلباب.,1,1,1,"مدعوم: نعم
مطابق: نعم",0
w064,A,P3,"['wiki_00873', 'wiki_00879', 'wiki_00868', 'wiki_00875', 'wiki_00869']",صناعة الفخار، الدباغة، صياغة الحلي.,1,1,1,"مدعوم: نعم
مطابق: نعم",0
w065,A,P3,"['wiki_00622', 'wiki_01357', 'wiki_02895', 'wiki_00193', 'wiki_00195']",عاش أمازيغ الأطلس المتوسط في جماعات منعزلة ومغلقة، حيث تمثل كل قبيلة كيانًا مستقلًا بخصوصياتها دون علاقات واضحة مع القبائل المجاورة.,1,1,1,"مدعوم: نعم
مطابق: نعم",0
w066,A,P3,"['wiki_00622', 'wiki_01061', 'wiki_01714', 'wiki_02180', 'wiki_01062']",لم يعرف الأمازيغية القبائل شكلاً من أشكال الاتحاد الكونفدرالي.,1,1,1,"مدعوم: نعم
مطابق: نعم",0
w067,A,P3,"['wiki_00872', 'wiki_00879', 'wiki_02825', 'wiki_02793', 'wiki_00871']",وحدة التبريد المخصصة للحفاظ على التفاح تصل سعتها إلى 1600 طن.,1,1,1,"مدعوم: نعم
مطابق: نعم",0
w068,A,P3,"['wiki_00879', 'wiki_00872', 'wiki_01101', 'wiki_00873', 'wiki_00878']",مدينة مكناس,1,1,1,"مدعوم: نعم
مطابق: نعم",0
w069,A,P3,"['wiki_01254', 'wiki_01253', 'wiki_00193', 'chunk_058', 'wiki_00797']",تتنخفض درجات الحرارة بشكل ملحوظ في المرتفعات التي تتجاوز 1500 متر في الأطلس المتوسط الشرقي.,1,1,1,"مدعوم: نعم
مطابق: نعم",0
w070,A,P3,"['wiki_01791', 'wiki_01797', 'wiki_01796', 'wiki_02002', 'wiki_01792']",المعلومة غير متوفرة في النصوص,0,0,0,"مدعوم: لا
مطابق: لا",1
w071,A,P3,"['wiki_01791', 'wiki_01796', 'wiki_01795', 'wiki_01797', 'wiki_01510']",1500 جندي,1,1,1,"مدعوم: نعم
مطابق: نعم",0
w072,A,P3,"['wiki_01795', 'wiki_01793', 'wiki_01794', 'wiki_01952', 'wiki_01347']",بين 1614 و1681,1,1,1,"مدعوم: نعم
مطابق: نعم",0
w073,A,P3,"['wiki_02019', 'wiki_02017', 'wiki_01953', 'wiki_02015', 'wiki_02021']",يوليو - غشت 1947,1,1,1,"مدعوم: نعم
مطابق: نعم",0
w074,A,P3,"['wiki_02015', 'wiki_02016', 'wiki_02017', 'wiki_02020', 'wiki_02019']",تمتاز الجماعة بمدينة جرادة منتخباً مختاراً من قبل رؤساء العائلات حسب الانتماء الإثني لكل مجموعة قبيلة.,1,1,1,"مدعوم: نعم
مطابق: نعم",0
w075,A,P3,"['wiki_01101', 'wiki_01103', 'wiki_01102', 'wiki_01878', 'wiki_00920']",تنتشر سلالة الأبقار والماس زعير في منطقة الرماني وزمور وزعير وقبائل زيان خاصة في منطقة مريرت.,1,1,1,"مدعوم: نعم
مطابق: نعم",0
w076,A,P3,"['wiki_01101', 'wiki_02814', 'wiki_02812', 'wiki_02243', 'wiki_01671']",سنة 1981,1,1,1,"مدعوم: نعم
مطابق: نعم",0
w077,A,P3,"['wiki_01101', 'wiki_01103', 'wiki_01102', 'wiki_00920', 'wiki_01099']",سلالة مكناس,1,1,1,"مدعوم: نعم
مطابق: نعم",0
w078,A,P3,"['wiki_00645', 'wiki_00643', 'wiki_00646', 'wiki_00647', 'wiki_00644']",مدينة الحاجب تقع على ارتفاع 1200 متر فوق سطح البحر.,1,1,1,"مدعوم: نعم
مطابق: نعم",0
w079,A,P3,"['wiki_00643', 'wiki_00645', 'wiki_00646', 'wiki_00647', 'wiki_00644']",تبعد مدينة الحاجب عن مكناس بمسافة 32 كلم.,1,1,1,"مدعوم: نعم
مطابق: نعم",0
w080,A,P3,"['wiki_00643', 'wiki_00645', 'wiki_00646', 'wiki_00648', 'wiki_00767']",المعلومة غير متوفرة في النصوص,1,1,0,"مدعوم: نعم
مطابق: لا",1
w081,A,P3,"['wiki_01214', 'wiki_01216', 'wiki_01215', 'wiki_01104', 'wiki_01217']",seis أيام,1,1,1,"مدعوم: نعم
مطابق: نعم",0
w082,A,P3,"['wiki_01216', 'wiki_01214', 'wiki_01215', 'wiki_01217', 'wiki_01104']",الأيام الثلاثة الأولى مخصصة للمحترفين، والأيام الثلاثة الأخرى مفتوحة لعامة الناس.,1,1,1,"مدعوم: نعم
مطابق: نعم",0
w083,A,P3,"['wiki_01214', 'wiki_01216', 'wiki_01215', 'wiki_01217', 'wiki_01104']","مساحة المعرض الدولي للفلاحة بالمغرب تبلغ 370,000 m2.",1,1,1,"مدعوم: نعم
مطابق: نعم",0
w084,A,P3,"['wiki_02924', 'wiki_02926', 'wiki_02294', 'wiki_02927', 'wiki_02925']",الاقتصاد في مدينة مرزوكة يعتمد بشكل رئيسي على السياحة.,1,1,1,"مدعوم: نعم
مطابق: نعم",0
w085,A,P3,"['wiki_02924', 'wiki_02926', 'wiki_02927', 'wiki_01941', 'wiki_02925']",المشاكل التي تعاني منها مدينة مرزوكة تشمل غياب المرافق التعليمية، نقص الخدمات اللوجستيكية، مشاكل النظافة، قلة الموارد المائية، انتشار الأزبال المتناثرة، ضعف قنوات الصرف الصحي، ضعف قطاع الصحة نقص التجهيزات الطبية والأدوية، وارتفاع تكاليف الرعاية الصحية.,1,0,0,"مدعوم: لا
مطابق: لا",0
w086,A,P3,"['wiki_01372', 'wiki_01373', 'wiki_00350', 'wiki_00572', 'wiki_01071']",تم افتتاح المنطقة الحرة الأطلسية سنة 2012.,1,1,1,"مدعوم: نعم
مطابق: نعم",0
w087,A,P3,"['wiki_01372', 'wiki_00778', 'wiki_00796', 'wiki_00424', 'wiki_01373']",حوالي 120 كيلومترًا.,1,1,1,"مدعوم: نعم
مطابق: نعم",0
w088,A,P3,"['wiki_01372', 'wiki_01373', 'wiki_00707', 'wiki_00468', 'wiki_01141']",مساحة المنطقة الحرة الأطلسية تقارب 500 هكتار.,1,1,1,"مدعوم: نعم
مطابق: نعم",0
w089,A,P3,"['wiki_01161', 'wiki_01162', 'wiki_01163', 'wiki_00508', 'wiki_00455']",أُحدثت اللجنة الوطنية لمناخ الأعمال سنة 2009، ويرأسها رئيس الحكومة.,1,1,1,"مدعوم: نعم
مطابق: نعم",0
w090,A,P3,"['wiki_01161', 'wiki_01162', 'wiki_01163', 'wiki_00455', 'wiki_00456']",الهدف من اللجنة الوطنية لمناخ الأعمال هو تحسين مناخ الأعمال وتعزيز جاذبية المغرب للاستثمارات.,1,1,1,"مدعوم: نعم
مطابق: نعم",0
w091,A,P3,"['wiki_01715', 'wiki_01768', 'wiki_01783', 'wiki_01267', 'wiki_01251']",المعلومة غير متوفرة في النصوص,0,0,0,"مدعوم: لا
مطابق: لا",1
w092,A,P3,"['wiki_02700', 'wiki_02702', 'wiki_00904', 'wiki_00196', 'wiki_02187']",مراكش اعتُبرت أكبر وأهم مدينة أمازيغية في ذلك الوقت.,1,1,1,"مدعوم: نعم
مطابق: نعم",0
w093,A,P3,"['wiki_00323', 'wiki_00324', 'wiki_00325', 'wiki_01660', 'wiki_01658']",منذ استقلال موريتانيا عن فرنسا سنة 1960 يتبع إقليم شنقيط لموريتانيا.,1,1,1,"مدعوم: نعم
مطابق: نعم",0
w094,A,P3,"['wiki_00324', 'wiki_00325', 'wiki_01329', 'wiki_01252', 'wiki_00930']",نهر السنغال,1,1,1,"مدعوم: نعم
مطابق: نعم",0
w095,A,P3,"['wiki_02031', 'wiki_00901', 'wiki_02030', 'wiki_02675', 'wiki_00802']",2 كم,1,1,1,"مدعوم: نعم
مطابق: نعم",0
w096,A,P3,"['wiki_00650', 'wiki_00649', 'wiki_01378', 'wiki_00615', 'wiki_02385']",المصادقة على الزيادة الأخيرة في الأجر الفلاحي تمت بموجب المرسوم رقم 2.24.1122 في 26 ديسمبر 2024.,1,1,1,"مدعوم: نعم
مطابق: نعم",0
w097,A,P3,"['wiki_00650', 'wiki_00373', 'wiki_02973', 'wiki_01489', 'wiki_02863']",توحيد الحد الأدنى للأجور بين القطاعات الفلاحية وغير الفلاحية خلال ثلاث سنوات.,1,1,1,"مدعوم: نعم
مطابق: نعم",0
w098,A,P3,"['wiki_01204', 'wiki_01203', 'wiki_00487', 'wiki_00474', 'wiki_00793']",المدرسة البوعنانية بُنيت ما بين عامي 1350م و1355م.,1,1,1,"مدعوم: نعم
مطابق: نعم",0
w099,A,P3,"['wiki_01204', 'wiki_01203', 'wiki_01205', 'wiki_01453', 'wiki_01614']",باب بوجلود يعد المدخل الرئيسي لفاس البالي.,1,1,1,"مدعوم: نعم
مطابق: نعم",0
w100,A,P3,"['wiki_01367', 'wiki_01366', 'wiki_00451', 'wiki_00810', 'wiki_00445']",167 مقعدا,1,1,1,"مدعوم: نعم
مطابق: نعم",0
w101,A,P3,"['wiki_02640', 'wiki_02635', 'wiki_02646', 'wiki_02644', 'wiki_02641']",المعلومة غير متوفرة في النصوص,1,1,1,"مدعوم: نعم
مطابق: نعم",1
w102,A,P3,"['wiki_02640', 'wiki_02635', 'wiki_02204', 'wiki_02641', 'wiki_01065']",تفوق 39.6 درجة مئوية.,1,1,1,"مدعوم: نعم
مطابق: نعم",0
w103,A,P3,"['wiki_02640', 'wiki_02635', 'wiki_02644', 'wiki_02643', 'wiki_02646']",واد الشارف واد تبودة وادي مسخسخة وادي وزين,1,1,1,"مدعوم: نعم
مطابق: نعم",0
w104,A,P3,"['wiki_00431', 'wiki_01650', 'wiki_00430', 'wiki_00427', 'wiki_01430']",النموذج الاقتصادي المغربي بين 1956 و1982 ميزته سياسة اقتصادية هجينة تداخلت فيها النزعة الليبرالية مع الاقتصاد الموجّه.,1,1,1,"مدعوم: نعم
مطابق: نعم",0
w105,A,P3,"['wiki_00431', 'wiki_00430', 'wiki_00461', 'wiki_01650', 'wiki_01997']",أولى الأوراش الاقتصادية لأولى الحكومات المغربية بعد الاستقلال تخص إرساء الاستقلالية الاقتصادية، لدولة خارجة للتو من الاستعمار.,1,1,1,"مدعوم: نعم
مطابق: نعم",0
w106,A,P3,"['wiki_00565', 'wiki_01491', 'wiki_01490', 'wiki_01486', 'wiki_02224']",أُنشئ البنك المخزني المغربي سنة 1907 في طنجة شمال المغرب.,1,1,1,"مدعوم: نعم
مطابق: نعم",0
w107,A,P3,"['wiki_00565', 'wiki_01490', 'wiki_01486', 'wiki_01491', 'wiki_01489']",البنك المخزني قام بدور البنك المركزي حتى سنة 1959.,1,1,1,"مدعوم: نعم
مطابق: نعم",0
w108,A,P3,"['wiki_02856', 'wiki_00717', 'wiki_00719', 'wiki_00716', 'wiki_00692']",الغرض الرئيسي من تنظيم مؤتمر الجزيرة الخضراء كان حل الأزمة المغربية الأولى وتحديد مصير المغرب كمستعمرة أوروبية.,0,1,0,"مدعوم: نعم
مطابق: لا",0
w109,A,P3,"['wiki_00738', 'wiki_00737', 'wiki_00734', 'wiki_00735', 'wiki_01362']",Ahmed بن المهدي الغزال.,1,1,0,"مدعوم: نعم
مطابق: لا

السبب في عدم المطابقة هو اخت",0
w110,A,P3,"['wiki_00738', 'wiki_00737', 'wiki_00579', 'wiki_01126', 'wiki_01347']",لقد زار محمد بن عثمان المكناسي إسبانيا لعقد معاهدة لتجديد الصلح بين المغرب وإسبانيا وإطلاق صراح الأسرى الجزائريين بإسبانيا.,1,1,1,"مدعوم: نعم
مطابق: نعم",0
w111,A,P3,"['wiki_02472', 'wiki_00114', 'wiki_02730', 'wiki_00070', 'wiki_00139']",الكلمة «أصفراو» في اللغة الأمازيغية تعني المنطقة المقعرة.,1,1,1,"مدعوم: نعم
مطابق: نعم",0
w112,A,P3,"['wiki_02472', 'wiki_02471', 'wiki_02479', 'wiki_02481', 'wiki_02476']",السكان الأوائل قطنوا في الكهوف والمغارات.,1,1,1,"مدعوم: نعم
مطابق: نعم",0
w113,A,P3,"['wiki_02472', 'wiki_02481', 'wiki_02477', 'wiki_02479', 'wiki_00127']",البهاليل,1,1,1,"مدعوم: نعم
مطابق: نعم",0
w114,A,P3,"['wiki_01117', 'wiki_01119', 'wiki_01133', 'wiki_01120', 'wiki_01135']",35 كلم,1,1,1,"مدعوم: نعم
مطابق: نعم",0
w115,A,P3,"['wiki_01117', 'wiki_01123', 'wiki_01118', 'wiki_00079', 'wiki_01119']",مسجد، وحمام، ومركز تجاري.,1,1,1,"مدعوم: نعم
مطابق: نعم",0
w116,A,P3,"['wiki_01117', 'wiki_01118', 'wiki_00152', 'wiki_01330', 'wiki_01794']",استولى الجيش البرتغالي على القصر الصغير في يوم 23 أكتوبر 1458م بقيادة ألفونس الخامس.,1,1,1,"مدعوم: نعم
مطابق: نعم",0
w117,A,P3,"['wiki_01242', 'wiki_02220', 'wiki_00050', 'wiki_00183', 'wiki_02903']",ألبرت حوراني,1,1,1,"مدعوم: نعم
مطابق: نعم",0
w118,A,P3,"['wiki_01242', 'wiki_01228', 'wiki_00641', 'wiki_01243', 'wiki_00480']",المحامِك والوزارات والجيش,1,1,1,"مدعوم: نعم
مطابق: نعم",0
w119,A,P3,"['wiki_01086', 'wiki_01894', 'wiki_01897', 'wiki_01892', 'wiki_02455']",مساحة القصبة المخزنية تبلغ 6704 م² وعدد أبراجها 5.,1,1,1,"مدعوم: نعم
مطابق: نعم",0
w120,A,P3,"['wiki_01892', 'wiki_02712', 'wiki_01890', 'wiki_01894', 'wiki_01190']",تنسب إلى القائد الحاحي محمد أغناج.,1,1,1,"مدعوم: نعم
مطابق: نعم",0
w121,A,P3,"['wiki_02269', 'wiki_02268', 'wiki_01458', 'wiki_00186', 'wiki_00141']",أوعبيد الله كانت تعرف بقصبة المرينيين في العصر المريني.,1,1,1,"مدعوم: نعم
مطابق: نعم",0
w122,A,P3,"['wiki_02787', 'wiki_00626', 'wiki_02786', 'wiki_00139', 'wiki_00625']",وفرة سمك الشابل والتون في أزمور، والإقبال الأوروبي على شرائه.,1,1,1,"مدعوم: نعم
مطابق: نعم",0
w123,A,P3,"['wiki_02787', 'wiki_00303', 'wiki_00686', 'wiki_00690', 'wiki_01678']",سنة 1476,1,1,1,"مدعوم: نعم
مطابق: نعم",0
w124,A,P3,"['wiki_02319', 'wiki_02320', 'wiki_02324', 'wiki_02321', 'wiki_02323']",لقب عاصمة الشاوية,1,1,1,"مدعوم: نعم
مطابق: نعم",0
w125,A,P3,"['wiki_02319', 'wiki_02323', 'wiki_02324', 'wiki_02320', 'wiki_01149']",40 كم,1,0,0,"مدعوم: لا
مطابق: لا",0
w126,A,P3,"['wiki_02319', 'wiki_02320', 'wiki_02324', 'wiki_02323', 'wiki_02321']",الحصان,1,1,1,"مدعوم: نعم
مطابق: نعم",0
w127,A,P3,"['wiki_02319', 'wiki_02323', 'wiki_02320', 'wiki_02324', 'wiki_01388']",ارتفاع سطات عن سطح البحر يبلغ حوالي 370 مترا.,1,1,1,"مدعوم: نعم
مطابق: نعم",0
w128,A,P3,"['wiki_00186', 'wiki_02445', 'wiki_02444', 'wiki_00187', 'wiki_00188']",الراية البيضاء,0,1,1,"مدعوم: نعم
مطابق: نعم",0
w129,A,P3,"['wiki_00186', 'wiki_02445', 'wiki_02638', 'wiki_00187', 'wiki_02235']",ينسب إلى المرابطين استعمال راية سوداء ذات كتابات أو زخارف ذهبية، رابطًا اللون الأسود باعترافهم الاسمي بشرعية الخلافة العباسية.,0,1,1,"مدعوم: نعم
مطابق: نعم",0
w130,A,P3,"['wiki_01860', 'wiki_01857', 'wiki_01861', 'wiki_01845', 'wiki_01855']",الجبال المنتصبة من جهتي الشمال والغرب.,1,1,1,"مدعوم: نعم
مطابق: نعم",0
w131,A,P3,"['wiki_01845', 'wiki_01856', 'wiki_01861', 'wiki_01593', 'wiki_01860']",اعتمادا على النصوص المقدمة، اعتمد سكان منطقة تاوريرت على تربية الماشية والزراعة البورية في معيشتهم.,1,1,1,"مدعوم: نعم
مطابق: نعم",0
w132,A,P3,"['wiki_02297', 'wiki_02303', 'wiki_02302', 'wiki_02307', 'wiki_01812']",مدينة سجلماسة التاريخية تقع وسط واحة كبيرة جنوب الأطلس الكبير.,1,1,1,"مدعوم: نعم
مطابق: نعم",0
w133,A,P3,"['wiki_02297', 'wiki_02305', 'wiki_01705', 'wiki_02700', 'wiki_01229']",فاس,1,0,0,"مدعوم: لا
مطابق: لا",0
w134,A,P3,"['wiki_02297', 'wiki_02299', 'wiki_02304', 'wiki_02306', 'wiki_02302']",سجلماسة بنيت سنة 140 هـ/757م من قبل عيسى بن يزيد الأسود.,1,1,1,"مدعوم: نعم
مطابق: نعم",0
w135,A,P3,"['wiki_01432', 'wiki_01653', 'wiki_01429', 'wiki_01144', 'wiki_01654']",من 17% إلى 19%.,1,1,1,"مدعوم: نعم
مطابق: نعم",0
w136,A,P3,"['wiki_01432', 'wiki_01431', 'wiki_01654', 'wiki_01429', 'wiki_01430']",67 %,1,1,1,"مدعوم: نعم
مطابق: نعم",0
w137,A,P3,"['wiki_01432', 'wiki_02289', 'wiki_02057', 'wiki_02177', 'wiki_02135']",100 درهم,1,1,1,"مدعوم: نعم
مطابق: نعم",0
w138,A,P3,"['wiki_02057', 'wiki_02055', 'wiki_02039', 'wiki_02047', 'wiki_02053']",مصادر الدخل التي اعتمدتها جمهورية الريف هي: الضرائب، الزكاة، الغرامات، التبرعات، وفداء الأسرى.,1,1,1,"مدعوم: نعم
مطابق: نعم",0
w139,A,P3,"['wiki_02057', 'wiki_01524', 'wiki_02044', 'wiki_02740', 'wiki_02301']",20 ألف بيزيتا,1,1,1,"مدعوم: نعم
مطابق: نعم",0
w140,A,P3,"['wiki_02057', 'wiki_02055', 'wiki_01442', 'wiki_02050', 'wiki_02053']",سياسة الحكومة الريفية بخصوص الأراضي الزراعية كانت سحب الأراضي من من يعجز أو يتهاون في زرعها وذلك للمحافظة على الإنتاج.,1,1,1,"مدعوم: نعم
مطابق: نعم",0
w141,A,P3,"['wiki_00048', 'wiki_00062', 'wiki_00055', 'wiki_00038', 'wiki_00411']",عزيز أخنوش,1,1,1,"مدعوم: نعم
مطابق: نعم",0
w142,A,P3,"['wiki_00048', 'wiki_00038', 'wiki_00055', 'wiki_00526', 'wiki_00027']",عبد الوافي لفتيت,1,1,1,"مدعوم: نعم
مطابق: نعم",0
w143,A,P3,"['wiki_02467', 'wiki_02466', 'wiki_00920', 'wiki_02469', 'wiki_01091']",المعلومة غير متوفرة في النصوص,1,1,1,"مدعوم: نعم
مطابق: نعم",1
w144,A,P3,"['wiki_02467', 'wiki_02466', 'wiki_00920', 'wiki_01774', 'wiki_00179']",مدينة نفيس,1,1,1,"مدعوم: نعم
مطابق: نعم",0
w145,A,P3,"['wiki_00610', 'wiki_00604', 'wiki_00614', 'wiki_00600', 'wiki_00606']",المعلومة غير متوفرة في النصوص,0,0,0,"مدعوم: لا
مطابق: لا",1
w146,A,P3,"['wiki_00604', 'wiki_00602', 'wiki_00611', 'wiki_00600', 'wiki_00606']",خمسة عشر سنة.,1,1,1,"مدعوم: نعم
مطابق: نعم",0
w147,A,P3,"['wiki_02939', 'wiki_02940', 'wiki_00105', 'wiki_00294', 'wiki_02941']",تم تدشين مستشفى القرب بأحفير يوم 25 يوليوز 2024.,1,1,1,"مدعوم: نعم
مطابق: نعم",0
w148,A,P3,"['wiki_02939', 'wiki_02940', 'wiki_00105', 'wiki_00219', 'wiki_01198']",وزير الصحة والحماية الاجتماعية خالد آيت الطالب,1,1,1,"مدعوم: نعم
مطابق: نعم",0
w149,A,P3,"['wiki_01469', 'wiki_01062', 'wiki_01468', 'wiki_01471', 'wiki_02209']",سبع سنوات,1,1,1,"مدعوم: نعم
مطابق: نعم",0
w150,A,P3,"['wiki_02705', 'wiki_00149', 'wiki_00155', 'wiki_00150', 'wiki_00170']",مدينة أصيلة تشتهر بمهرجانها الثقافي الدولي وقصبة تاريخية وأسوارها وأبوابها المصنفة كتراث وطني.,1,1,1,"مدعوم: نعم
مطابق: نعم",0
w151,A,P3,"['wiki_01062', 'wiki_01474', 'wiki_01064', 'wiki_01061', 'wiki_01726']",الاستغلال الذي فرض على الأمازيغ من خلال السيطرة على أراضيهم الفلاحية، وفرض السخرة عليهم، واستخدام القوة لإخضاعهم.,1,1,1,"مدعوم: نعم
مطابق: نعم",0
w152,A,P3,"['wiki_01062', 'wiki_01472', 'wiki_01474', 'wiki_01061', 'wiki_01469']",أبرز زعماء المقاومة الأمازيغية ضد الرومان هم تاكفاريناس وأيديمون.,1,1,0,"مدعوم: نعم
مطابق: لا",0
w153,A,P3,"['wiki_02491', 'wiki_02484', 'wiki_01729', 'wiki_01411', 'wiki_02488']",تأسس صندوق محمد السادس للاستثمار في عام 2021.,1,1,1,"مدعوم: نعم
مطابق: نعم",0
w154,A,P3,"['wiki_02491', 'wiki_01492', 'wiki_01486', 'wiki_01208', 'wiki_02484']",المقر الرئيسي لصندوق محمد السادس للاستثمار في مدينة الرباط.,1,1,1,"مدعوم: نعم
مطابق: نعم",0
w155,A,P3,"['wiki_02491', 'wiki_02484', 'wiki_02229', 'wiki_02490', 'wiki_00466']",في سياق تدابير الإنعاش الاقتصادي المعتمدة في أعقاب جائحة كوفيد-19.,1,1,1,"مدعوم: نعم
مطابق: نعم",0
w156,A,P3,"['wiki_02032', 'wiki_02034', 'wiki_02033', 'wiki_02943', 'wiki_02038']",10,0,1,0,"مدعوم: نعم
مطابق: لا",0
w157,A,P3,"['wiki_02032', 'wiki_02034', 'wiki_02038', 'wiki_02033', 'wiki_02035']",مستشفى ومستوصف صحي ودار للولادة.,1,1,1,"مدعوم: نعم
مطابق: نعم",0
w158,A,P3,"['wiki_02388', 'wiki_01380', 'wiki_02390', 'wiki_02691', 'wiki_00503']",ارتفعت الساكنة الحضرية من 13 إلى 17 مليون نسمة بين عامي 1992 و2004.,1,1,1,"مدعوم: نعم
مطابق: نعم",0
w159,A,P3,"['wiki_01393', 'wiki_02388', 'wiki_01256', 'wiki_02415', 'wiki_02404']",العقلانية في التدبير ومعالجة التلوث.,1,1,1,"مدعوم: نعم
مطابق: نعم",0
w160,A,P3,"['wiki_01320', 'wiki_01313', 'wiki_00056', 'wiki_01100', 'wiki_00917']",بلغ عدد المنشورات بالعربية في الموسم 2018-2019 3312 منشورًا.,1,1,1,"مدعوم: نعم
مطابق: نعم",0
w161,A,P3,"['wiki_01320', 'wiki_02208', 'wiki_02281', 'wiki_02125', 'wiki_02209']",جِلد الإبل أو جِلد الماعز.,1,0,0,"مدعوم: لا
مطابق: لا",0
w162,A,P3,"['wiki_01320', 'wiki_02181', 'wiki_01100', 'wiki_00773', 'wiki_00621']",45 منشورًا,1,1,1,"مدعوم: نعم
مطابق: نعم",0
w163,A,P3,"['wiki_01438', 'wiki_00726', 'wiki_00679', 'wiki_02286', 'wiki_00676']",5 ديسمبر 1952,1,1,1,"مدعوم: نعم
مطابق: نعم",0
w164,A,P3,"['wiki_00725', 'wiki_00726', 'wiki_00005', 'wiki_02184', 'wiki_00727']",عاد إلى الدار البيضاء لمواساة أسر الضحايا ثم ذهب إلى طنجة ليلقي خطاباً تاريخياً.,1,1,1,"مدعوم: نعم
مطابق: نعم",0
w165,A,P3,"['wiki_02347', 'wiki_02350', 'wiki_02346', 'wiki_02349', 'wiki_01521']",محمد توري,1,1,1,"مدعوم: نعم
مطابق: نعم",0
w166,A,P3,"['wiki_02347', 'wiki_02350', 'wiki_02880', 'wiki_00660', 'wiki_01758']",أسكيا قام بتنظيم الإدارة وجَهَز الجيش وضم أراض جديدة إلى سلطة البلاد، مما أدى إلى ازدهار الإمبراطورية.,1,0,0,"مدعوم: لا
مطابق: لا",0
w167,A,P3,"['wiki_02959', 'wiki_02960', 'wiki_02958', 'wiki_02965', 'wiki_02964']",تمتد مواطن قبيلة مطغرة من جبال فاس وصولاً إلى توات، ومنطقة تلمسان شمال تلسمان، ومنطقة فاس والراشيدية وتوات.,1,1,1,"مدعوم: نعم
مطابق: نعم",0
w168,A,P3,"['wiki_02209', 'wiki_01851', 'wiki_02678', 'wiki_02151', 'wiki_00219']",المعلومة غير متوفرة في النصوص,0,0,0,"مدعوم: لا
مطابق: لا",1
w169,A,P3,"['wiki_00475', 'wiki_00474', 'wiki_01456', 'wiki_00478', 'wiki_02903']","نحو 2,000 تاجر عربي.",1,1,1,"مدعوم: نعم
مطابق: نعم",0
w170,A,P3,"['wiki_00475', 'wiki_00474', 'wiki_01706', 'wiki_01692', 'wiki_00483']",تم إقصاء الإدريسيين نهائيا من المغرب في عام 985.,1,1,1,"مدعوم: نعم
مطابق: نعم",0
w171,A,P3,"['wiki_00475', 'wiki_02459', 'wiki_00490', 'wiki_02458', 'wiki_02465']",حي القيروانيين,1,1,1,"مدعوم: نعم
مطابق: نعم",0
w172,A,P3,"['wiki_02101', 'wiki_02104', 'wiki_01761', 'wiki_01996', 'wiki_02080']",أكتوبر 1955,1,1,1,"مدعوم: نعم
مطابق: نعم",0
w173,A,P3,"['wiki_02104', 'wiki_02101', 'wiki_02100', 'wiki_00605', 'wiki_00725']",16 نوفمبر 1955,1,1,1,"مدعوم: نعم
مطابق: نعم",0
w174,A,P3,"['wiki_02365', 'wiki_02760', 'wiki_02656', 'wiki_00904', 'wiki_02101']",القطارات، ومكاتب البريد، وثكنات الشرطة الاستعمارية، ومصالح المستوطنين الفرنسيين.,1,1,1,"مدعوم: نعم
مطابق: نعم",0
w175,A,P3,"['wiki_02101', 'wiki_00711', 'wiki_02462', 'wiki_01026', 'wiki_02948']",2 مارس 1956,1,1,1,"مدعوم: نعم
مطابق: نعم",0
w176,A,P3,"['wiki_00295', 'wiki_00281', 'wiki_00284', 'wiki_00282', 'wiki_00296']",المعلومة غير متوفرة في النصوص,0,1,1,"مدعوم: نعم
مطابق: نعم",1
w177,A,P3,"['wiki_00289', 'wiki_00300', 'wiki_00296', 'wiki_00281', 'wiki_00295']",موارد الجاذبية السياحية لإفران تشمل المنتزه الوطني لإفران، والبحيرات، والمصادر، والشلالات، والمجالات الغابوية، ومحطة ميشليفن للتزلج.,1,1,1,"مدعوم: نعم
مطابق: نعم",0
w178,A,P3,"['wiki_02081', 'wiki_02080', 'wiki_02220', 'wiki_00706', 'wiki_01278']",تم تأسيس مركز المغرب العربي للدراسات الاستراتيجية في عام 1994.,1,1,1,"مدعوم: نعم
مطابق: نعم",0
w179,A,P3,"['wiki_02792', 'wiki_02791', 'wiki_01289', 'wiki_02783', 'wiki_02798']",183,1,1,1,"مدعوم: نعم
مطابق: نعم",0
w180,A,P3,"['wiki_02792', 'wiki_02791', 'wiki_02825', 'wiki_02793', 'wiki_01380']",تتمركز معظم وحدات صناعة التجميد في جنوب المغرب بسبب تطوير صيد الرخويات والصيد السطحي.,1,1,1,"مدعوم: نعم
مطابق: نعم",0
w181,A,P3,"['wiki_02792', 'wiki_02791', 'wiki_02387', 'wiki_01022', 'wiki_01289']",حوالي 8300 طن في اليوم الواحد.,1,1,1,"مدعوم: نعم
مطابق: نعم",0
w182,A,P3,"['wiki_02792', 'wiki_02793', 'wiki_00426', 'wiki_02786', 'wiki_02783']",الاتحاد الأوروبي,1,1,1,"مدعوم: نعم
مطابق: نعم",0
w183,A,P3,"['wiki_00269', 'wiki_00271', 'wiki_00270', 'wiki_01467', 'wiki_01670']",الإمبراطور كلوديوس.,1,1,1,"مدعوم: نعم
مطابق: نعم",0
w184,A,P3,"['wiki_00270', 'wiki_01464', 'wiki_01466', 'wiki_01704', 'wiki_00180']",في كنف الإمبراطور أغسطس.,1,1,1,"مدعوم: نعم
مطابق: نعم",0
w185,A,P3,"['wiki_00270', 'wiki_01704', 'wiki_01466', 'wiki_01471', 'wiki_01703']",شرشال,1,1,1,"مدعوم: نعم
مطابق: نعم",0
w186,A,P3,"['wiki_01463', 'wiki_01466', 'wiki_01465', 'wiki_01473', 'wiki_01468']",كليباترا سيليني الثانية.,1,1,1,"مدعوم: نعم
مطابق: نعم",0
w187,A,P3,"['wiki_01463', 'wiki_01466', 'wiki_01471', 'wiki_01465', 'wiki_01744']",حكم بطليموس الموريطاني من 23 ميلادية حتى 40 ميلادية.,1,1,1,"مدعوم: نعم
مطابق: نعم",0
w188,A,P3,"['wiki_00051', 'wiki_02329', 'wiki_00539', 'wiki_01365', 'wiki_00402']",ساعتين و11 دقيقة و34 ثانية.,1,1,1,"مدعوم: نعم
مطابق: نعم",0
w189,A,P3,"['wiki_00051', 'wiki_00058', 'wiki_00059', 'wiki_00041', 'wiki_00034']","جائزة ""قارئ العام للعالم العربي"".",1,1,1,"مدعوم: نعم
مطابق: نعم",0
w190,A,P3,"['wiki_00670', 'wiki_01028', 'wiki_02776', 'wiki_00673', 'wiki_02545']",التخوف من القانون التشريعي يرجع إلى أنه يقسم المغرب إلى عالمين متمايزين ومنفصلين بشكل كلي، عالم الناطقين باللغة العربية وعالم الناطقين بالأمازيغية.,1,1,1,"مدعوم: نعم
مطابق: نعم",0
w191,A,P3,"['wiki_00670', 'wiki_01027', 'wiki_01252', 'wiki_01656', 'wiki_01329']",عالمين: عالم العرب المغاربة أو الناطقين باللغة العربية، وعالم البربر الذين يتحدثون باللغة الأمازيغية.,1,0,0,"مدعوم: لا
مطابق: لا",0
w192,A,P3,"['wiki_01890', 'wiki_02712', 'wiki_01893', 'wiki_01808', 'wiki_01891']",تبعد تزنيت عن الرباط بـ 690 كيلومتر وعن أكادير بـ 90 كيلومتر.,1,1,1,"مدعوم: نعم
مطابق: نعم",0
w193,A,P3,"['wiki_01890', 'wiki_02712', 'wiki_01891', 'wiki_01899', 'wiki_01893']",تلقب تزنيت بعاصمة الفضة因为她以生产银首饰闻名。,1,1,1,"مدعوم: نعم
مطابق: نعم",0
w194,A,P3,"['wiki_01890', 'wiki_02712', 'wiki_01899', 'wiki_01893', 'wiki_01891']",اسم مدينة تزنيت يعتقد أنه نسبة لامرأة اسمها للا زنينية.,1,1,1,"مدعوم: نعم
مطابق: نعم",0
w195,A,P3,"['wiki_01411', 'wiki_01412', 'wiki_01413', 'wiki_00635', 'wiki_01874']",مهام الهيئة المغربية لسوق الرساميل تشمل حماية المدخرين والمستثمرين، مراقبة سير أسواق الرساميل، ضمان شفافية العمليات المالية، تنظيم المشاركين في السوق والأدوات المالية، وتعزيز الثقافة المالية.,1,0,1,"مدعوم: لا
مطابق: نعم",0
w196,A,P3,"['wiki_01411', 'wiki_01412', 'wiki_01413', 'wiki_00635', 'wiki_01163']",الملك محمد السادس,1,1,1,"مدعوم: نعم
مطابق: نعم",0
w197,A,P3,"['wiki_00930', 'wiki_00685', 'wiki_01087', 'wiki_00923', 'wiki_01244']",سبعة سلاطين تولوا الحكم بين 1727 و1757.,1,1,1,"مدعوم: نعم
مطابق: نعم",0
w198,A,P3,"['wiki_00930', 'wiki_01051', 'wiki_01449', 'wiki_01055', 'wiki_02093']",بويع عبد الله بن إسماعيل ست مرات.,1,1,1,"مدعوم: نعم
مطابق: نعم",0
w199,A,P3,"['wiki_01000', 'wiki_00993', 'wiki_00994', 'wiki_00999', 'wiki_01006']","خلال القرن 17، عندما أعاد السلطان العلوي محمد الثالث بناء مدينة الصويرة على النمط العصري و Stunning the city with wide streets and a new port and military base, it transformed into the economic capital of Morocco.",1,1,1,"مدعوم: نعم
مطابق: نعم",0
w200,A,P3,"['wiki_00698', 'wiki_02910', 'wiki_01724', 'wiki_02051', 'wiki_00696']","34,000 رجل",1,1,1,"مدعوم: نعم
مطابق: نعم",0
w001,B,P3,"['wiki_02359', 'wiki_01022', 'wiki_01214', 'wiki_00571', 'wiki_02655']",593 168,1,1,1,"مدعوم: نعم
مطابق: نعم",0
w002,B,P3,"['wiki_00355', 'wiki_02359', 'wiki_00248', 'wiki_01364', 'wiki_01022']",طنجة,1,1,0,"مدعوم: نعم
مطابق: لا",0
w003,B,P3,"['wiki_01012', 'wiki_01011', 'wiki_01417', 'wiki_01297', 'wiki_01296']","نسبة الطاقات المتجددة في إنتاج الكهرباء بالمغرب هي %19,6.",1,1,1,"مدعوم: نعم
مطابق: نعم",0
w004,B,P3,"['wiki_01012', 'wiki_01297', 'wiki_01021', 'wiki_01418', 'wiki_01020']","النسبة من 2,8% في 2010 إلى 8,1% في 2015.",1,1,1,"مدعوم: نعم
مطابق: نعم",0
w005,B,P3,"['wiki_01012', 'wiki_01217', 'wiki_02386', 'wiki_01420', 'wiki_01011']",المعلومة غير متوفرة في النصوص,1,1,1,"مدعوم: نعم
مطابق: نعم",1
w006,B,P3,"['wiki_00564', 'wiki_00563', 'wiki_00453', 'wiki_00291', 'chunk_011']","المعدل وصل عند 12,8% فالفصل الثاني ديال 2025.",1,1,1,"مدعوم: نعم
مطابق: نعم",0
w007,B,P3,"['wiki_00564', 'wiki_01369', 'wiki_00290', 'wiki_01408', 'wiki_00417']",شكيب بنموسى,1,1,1,"مدعوم: نعم
مطابق: نعم",0
w008,B,P3,"['wiki_00564', 'wiki_00563', 'wiki_00453', 'wiki_00291', 'chunk_011']",المعلومة غير متوفرة في النصوص,1,1,0,"مدعوم: نعم
مطابق: لا",1
w009,B,P3,"['wiki_02608', 'wiki_02609', 'wiki_02610', 'wiki_00433', 'wiki_01173']",المعلومة غير متوفرة في النصوص,1,1,0,"مدعوم: نعم
مطابق: لا",1
w010,B,P3,"['wiki_02608', 'wiki_02609', 'wiki_00578', 'wiki_01361', 'wiki_02607']",نقص عجز الميزانية من الناتج المحلي فـ2017 بمقدار 3.5%.,1,1,0,"مدعوم: نعم
مطابق: لا",0
w011,B,P3,"['wiki_00564', 'wiki_02608', 'wiki_00563', 'wiki_00453', 'wiki_02610']",المعلومة غير متوفرة في النصوص,1,0,0,"مدعوم: لا
مطابق: لا",1
w012,B,P3,"['wiki_02230', 'wiki_02227', 'wiki_02231', 'wiki_02228', 'wiki_02229']",فاتح أبريل 1998,1,1,1,"مدعوم: نعم
مطابق: نعم",0
w013,B,P3,"['wiki_02230', 'wiki_02227', 'wiki_02228', 'wiki_02224', 'wiki_01486']",Until 31 December 2011.,1,1,1,"مدعوم: نعم
مطابق: نعم",0
w014,B,P3,"['wiki_02646', 'wiki_02693', 'wiki_00564', 'wiki_01294', 'wiki_00048']",المعلومة غير متوفرة في النصوص,0,0,0,"مدعوم: لا
مطابق: لا",1
w015,B,P3,"['wiki_02691', 'wiki_00564', 'wiki_01654', 'wiki_01378', 'wiki_02386']","ارتفع معدل التمدن من 29% سنة 1960 إلى 62,8% سنة 2024.",1,1,1,"مدعوم: نعم
مطابق: نعم",0
w016,B,P3,"['wiki_00564', 'wiki_02194', 'wiki_02691', 'wiki_01572', 'wiki_00291']",المعلومة غير متوفرة في النصوص,1,1,1,"مدعوم: نعم
مطابق: نعم",1
w017,B,P3,"['wiki_01011', 'wiki_01012', 'wiki_01297', 'wiki_01018', 'wiki_01020']","نسبة الطاقات الأحفورية من استهلاك الطاقة الأولية في 2015 هي %88,8.",1,1,1,"مدعوم: نعم
مطابق: نعم",0
w018,B,P3,"['wiki_01011', 'wiki_01379', 'wiki_00443', 'wiki_02387', 'wiki_01020']",المعلومة غير متوفرة في النصوص,1,1,1,"مدعوم: نعم
مطابق: نعم",1
w019,B,P3,"['wiki_00436', 'wiki_00569', 'wiki_00426', 'wiki_01110', 'wiki_01106']",15%,1,1,1,"مدعوم: نعم
مطابق: نعم",0
w020,B,P3,"['wiki_00568', 'wiki_00448', 'wiki_00436', 'wiki_00444', 'wiki_00578']",المواد التجهيزية ومصادر الطاقة.,1,1,1,"مدعوم: نعم
مطابق: نعم",0
w021,B,P3,"['wiki_01430', 'wiki_01654', 'wiki_00436', 'wiki_00435', 'wiki_00444']",55.8 %,1,1,1,"مدعوم: نعم
مطابق: نعم",0
w022,B,P3,"['wiki_00933', 'wiki_02057', 'wiki_01430', 'wiki_00651', 'wiki_00988']",المعلومة غير متوفرة في النصوص,1,1,0,"مدعوم: نعم
مطابق: لا",1
w023,B,P3,"['wiki_00350', 'wiki_00572', 'wiki_00575', 'wiki_01071', 'wiki_00574']",اتفاقية التجارة الحرة بين المغرب وأmericا وقعت في 15 يونيو 2004.,1,1,0,"مدعوم: نعم
مطابق: لا",0
w024,B,P3,"['wiki_00574', 'wiki_00569', 'wiki_01284', 'wiki_00959', 'wiki_00575']",ارتفعت صادرات المغرب ديال النسيج إلى الولايات المتحدة بنسبة %122 فـ2006.,1,1,1,"مدعوم: نعم
مطابق: نعم",0
w025,B,P3,"['wiki_00574', 'wiki_01373', 'wiki_01248', 'wiki_01650', 'wiki_01269']",المعلومة غير متوفرة في النصوص,1,1,1,"مدعوم: نعم
مطابق: نعم",1
w026,B,P3,"['wiki_00689', 'wiki_00682', 'wiki_01770', 'wiki_01297', 'wiki_00690']",سنة 2025,1,1,1,"مدعوم: نعم
مطابق: نعم",0
w027,B,P3,"['wiki_01021', 'wiki_01012', 'wiki_01011', 'wiki_01013', 'wiki_01297']","الفحم يمثل %54,3 من الوقود الأحفوري في إنتاج الكهرباء بالمغرب.",1,1,0,"مدعوم: نعم
مطابق: لا",0
w028,B,P3,"['wiki_02790', 'wiki_02789', 'wiki_01372', 'wiki_02794', 'wiki_02362']",طنجة وأكادير والعيون,1,1,1,"مدعوم: نعم
مطابق: نعم",0
w029,B,P3,"['wiki_02790', 'wiki_02783', 'wiki_01289', 'wiki_00359', 'wiki_01174']",الناتج الداخلي لقطاع الصيد البحري انتقل من 8.3 إلى 15 مليار درهم ما بين 2007 و2015.,1,1,1,"مدعوم: نعم
مطابق: نعم",0
w030,B,P3,"['wiki_02790', 'wiki_01289', 'wiki_02791', 'wiki_02794', 'wiki_02795']",الإنتاج ديال الصيد البحري فـ2016 بلغ حوالي 1.46 مليون طن.,1,1,1,"مدعوم: نعم
مطابق: نعم",0
w031,B,P3,"['wiki_01281', 'wiki_00445', 'wiki_00291', 'wiki_00428', 'wiki_02608']",56.5%,1,1,1,"مدعوم: نعم
مطابق: نعم",0
w032,B,P3,"['wiki_01281', 'wiki_02609', 'wiki_01651', 'wiki_01359', 'wiki_00564']",المتوسط 3.750 دولار أمريكي للفرد.,1,1,1,"مدعوم: نعم
مطابق: نعم",0
w033,B,P3,"['wiki_01281', 'wiki_01284', 'wiki_00563', 'wiki_00419', 'wiki_00413']",المغرب يحتل المرتبة 107 في إنتاجية القوى العاملة حسب تقرير منظمة العمل الدولية لسنة 2023.,1,1,1,"مدعوم: نعم
مطابق: نعم",0
w034,B,P3,"['wiki_02387', 'wiki_01379', 'wiki_01020', 'wiki_01021', 'wiki_01297']",وصل إنتاج الطاقة الكهرمائية إلى 2700 مليون كيلواط في 2004.,1,1,1,"مدعوم: نعم
مطابق: نعم",0
w035,B,P3,"['wiki_02386', 'wiki_01379', 'wiki_01378', 'wiki_02411', 'wiki_00633']",الحصة ديال المدارات المسقية فالناتج المحلي الخام بين 7% و10% حسب الحالة المائية للسنة.,1,1,1,"مدعوم: نعم
مطابق: نعم",0
w036,B,P3,"['wiki_01742', 'wiki_01287', 'wiki_02384', 'wiki_00438', 'wiki_01098']",المعلومة غير متوفرة في النصوص,0,1,1,"مدعوم: نعم
مطابق: نعم",1
w037,B,P3,"['wiki_01216', 'wiki_00632', 'chunk_007', 'wiki_00438', 'wiki_01215']",نحو 34% من مجموع القوى العاملة في المغرب.,0,1,0,"مدعوم: نعم
مطابق: لا",0
w038,B,P3,"['wiki_02635', 'wiki_02645', 'wiki_02646', 'wiki_02644', 'wiki_02643']",وصل عدد سكان عين بني مطهر سنة 2014 إلى 16289 نسمة.,1,1,1,"مدعوم: نعم
مطابق: نعم",0
w039,B,P3,"['wiki_02646', 'wiki_02635', 'wiki_02642', 'wiki_02643', 'wiki_02644']",محطة القطارات المغلقة منذ سنة 1995.,1,1,1,"مدعوم: نعم
مطابق: نعم",0
w040,B,P3,"['wiki_00814', 'wiki_02649', 'wiki_00813', 'wiki_00811', 'wiki_02333']",عدد المؤسسات الابتدائية التي استغلت خلال الموسم الدراسي 2009/2008 هو 435 مدرسة.,1,1,1,"مدعوم: نعم
مطابق: نعم",0
w041,B,P3,"['wiki_01106', 'wiki_00441', 'wiki_00444', 'wiki_01110', 'wiki_00436']",المغرب يتوفر على %75 من الاحتياطي العالمي من الفوسفات.,1,1,1,"مدعوم: نعم
مطابق: نعم",0
w042,B,P3,"['wiki_00441', 'wiki_01425', 'wiki_01426', 'wiki_01108', 'wiki_01110']",المعلومة غير متوفرة في النصوص,0,0,0,"مدعوم: لا
مطابق: لا",1
w043,B,P3,"['wiki_02193', 'wiki_02194', 'wiki_02187', 'wiki_02188', 'wiki_02189']","وفقًا للنص، وصل عدد سكان جماعة خنيفرة إلى حوالي 242,376 نسمة في 2024.",1,0,0,"مدعوم: لا
مطابق: لا",0
w044,B,P3,"['wiki_02194', 'wiki_02193', 'wiki_02197', 'wiki_02202', 'wiki_02188']",المعلومة غير متوفرة في النصوص,1,1,1,"مدعوم: نعم
مطابق: نعم",1
w045,B,P3,"['wiki_01074', 'wiki_01070', 'wiki_01077', 'wiki_00959', 'wiki_00356']",منحة الاتحاد الأوروبي للمغرب في ديسمبر 2009 كانت لتشجيع الاستثمارات والصادرات والمساهمة في تمويل مشروع طرامواي الرباط - سلا.,1,1,1,"مدعوم: نعم
مطابق: نعم",0
w046,B,P3,"['wiki_01662', 'wiki_01663', 'wiki_01743', 'wiki_01248', 'wiki_00982']",1503 جماعة.,1,1,1,"مدعوم: نعم
مطابق: نعم",0
w047,B,P3,"['wiki_02386', 'wiki_01378', 'wiki_01248', 'wiki_02411', 'wiki_02367']",المساحة المسقية في المغرب وصلت إلى 1050000 هكتار.,1,1,1,"مدعوم: نعم
مطابق: نعم",0
w048,B,P3,"['wiki_01378', 'wiki_02386', 'wiki_02824', 'wiki_02385', 'wiki_00633']",تساهم الزراعة المسقية في 75% من الصادرات الفلاحية.,1,1,1,"مدعوم: نعم
مطابق: نعم",0
w049,B,P3,"['wiki_02226', 'wiki_02225', 'wiki_02227', 'wiki_02609', 'wiki_01486']",2.5٪,1,1,1,"مدعوم: نعم
مطابق: نعم",0
w050,B,P3,"['wiki_00806', 'wiki_00416', 'wiki_02609', 'wiki_00535', 'wiki_02610']",government aims to reduce public debt to 60% of GDP by 2021.,1,1,1,"مدعوم: نعم
مطابق: نعم",0
w051,B,P3,"['wiki_01040', 'wiki_01981', 'wiki_01035', 'wiki_01983', 'wiki_01043']",ثمانية وعشرين سنة.,1,1,1,"مدعوم: نعم
مطابق: نعم",0
w052,B,P3,"['wiki_01040', 'wiki_01684', 'wiki_01505', 'wiki_00620', 'wiki_02278']",19 ماي 1881م,1,1,1,"مدعوم: نعم
مطابق: نعم",0
w053,B,P3,"['wiki_02950', 'wiki_02956', 'wiki_02953', 'wiki_02954', 'wiki_02952']",المعلومة غير متوفرة في النصوص,0,0,0,"مدعوم: لا
مطابق: لا",1
w054,B,P3,"['wiki_02950', 'wiki_02954', 'wiki_02953', 'wiki_00972', 'wiki_02956']",المعلومة غير متوفرة في النصوص,0,0,0,"مدعوم: لا
مطابق: لا",1
w055,B,P3,"['wiki_00949', 'wiki_00200', 'wiki_00936', 'wiki_02497', 'wiki_00948']",المواقع ديال النقوش الصخرية كاينة فإقليم السمارة كاينش فالموقع الأول والموقع الرابع.,1,0,0,"مدعوم: لا
مطابق: لا",0
w056,B,P3,"['wiki_00949', 'wiki_02671', 'wiki_00948', 'wiki_00939', 'wiki_00936']",ترجع النقوش الصخرية في السمارة إلى فترات ما قبل التاريخ، بين 4000-ق-م و8000-ق-م.,1,1,1,"مدعوم: نعم
مطابق: نعم",0
w057,B,P3,"['wiki_02594', 'wiki_02596', 'wiki_02597', 'wiki_02595', 'wiki_00043']",سعيد العلام,1,1,1,"مدعوم: نعم
مطابق: نعم",0
w058,B,P3,"['wiki_02594', 'wiki_02596', 'wiki_02597', 'wiki_00059', 'wiki_02595']",المعلومة غير متوفرة في النصوص,1,1,1,"مدعوم: نعم
مطابق: نعم",1
w059,B,P3,"['wiki_01477', 'wiki_01476', 'wiki_00366', 'wiki_01267', 'wiki_01155']",بوليساريو اقترحت أن يشارك فقط الصحراويين الذين تم إحصاؤهم من طرف الإدارة الإسبانية عام 1974م في الاستفتاء.,1,1,1,"مدعوم: نعم
مطابق: نعم",0
w060,B,P3,"['wiki_01477', 'wiki_01266', 'wiki_00352', 'wiki_00301', 'wiki_01659']",المعلومة غير متوفرة في النصوص,1,1,1,"مدعوم: نعم
مطابق: نعم",1
w061,B,P3,"['wiki_02133', 'wiki_00651', 'wiki_00652', 'wiki_02130', 'wiki_02132']",13 مايو 1801,1,1,1,"مدعوم: نعم
مطابق: نعم",0
w062,B,P3,"['wiki_02129', 'wiki_00651', 'wiki_00136', 'wiki_02130', 'wiki_00652']",توماس جيفرسون,1,1,1,"مدعوم: نعم
مطابق: نعم",0
w063,B,P3,"['wiki_00873', 'wiki_00879', 'wiki_00871', 'wiki_00878', 'wiki_00872']",الصناعة التقليدية المشهورة في مركز الريش هي صناعة الزربية والجلباب.,1,1,1,"مدعوم: نعم
مطابق: نعم",0
w064,B,P3,"['wiki_00879', 'wiki_00873', 'wiki_00871', 'wiki_00878', 'wiki_00874']",صناعة الفخار، الدباغة، صياغة الحلي.,1,1,1,"مدعوم: نعم
مطابق: نعم",0
w065,B,P3,"['wiki_00622', 'wiki_02899', 'wiki_01062', 'wiki_00193', 'wiki_01790']",عاشو الأمازيغ ديال الأطلس المتوسط في جماعات منعزلة ومغلقة، دون علاقات واضحة مع القبائل المجاورة.,1,1,1,"مدعوم: نعم
مطابق: نعم",0
w066,B,P3,"['wiki_00622', 'wiki_01061', 'wiki_00237', 'wiki_01714', 'wiki_02180']",المعلومة غير متوفرة في النصوص,1,1,0,"مدعوم: نعم
مطابق: لا",1
w067,B,P3,"['wiki_00872', 'wiki_00879', 'wiki_02825', 'wiki_02955', 'wiki_00343']",وحدة التبريد ديال التفاح كتحفظ 1600 طن.,1,1,1,"مدعوم: نعم
مطابق: نعم",0
w068,B,P3,"['wiki_00872', 'wiki_00879', 'wiki_00878', 'wiki_00868', 'wiki_00875']",مدينة مكناس,1,1,1,"مدعوم: نعم
مطابق: نعم",0
w069,B,P3,"['wiki_00797', 'wiki_01254', 'wiki_01253', 'wiki_00645', 'wiki_02204']",المعلومة غير متوفرة في النصوص,0,0,0,"مدعوم: لا
مطابق: لا",1
w070,B,P3,"['wiki_01791', 'wiki_01796', 'wiki_02002', 'wiki_00883', 'wiki_01792']",المعلومة غير متوفرة في النصوص,0,0,0,"مدعوم: لا
مطابق: لا",1
w071,B,P3,"['wiki_01791', 'wiki_01796', 'wiki_01510', 'wiki_01795', 'wiki_01797']",1500 جندي,1,1,1,"مدعوم: نعم
مطابق: نعم",0
w072,B,P3,"['wiki_01795', 'wiki_01794', 'wiki_01677', 'wiki_00685', 'wiki_00845']",1614 و1681,1,1,1,"مدعوم: نعم
مطابق: نعم",0
w073,B,P3,"['wiki_02019', 'wiki_01953', 'wiki_02017', 'wiki_01897', 'wiki_02837']",يوليو – غشت 1947,1,0,1,"مدعوم: لا
مطابق: نعم",0
w074,B,P3,"['wiki_02015', 'wiki_02016', 'wiki_02017', 'wiki_02020', 'wiki_01148']",المعلومة غير متوفرة في النصوص,0,0,0,"مدعوم: لا
مطابق: لا",1
w075,B,P3,"['wiki_01101', 'wiki_01103', 'wiki_02130', 'wiki_00920', 'wiki_01965']",تنتشر السلالة ديال البقر والماس زعير في كل من منطقة الرماني وزمور وزعير وقبائل زيان خاصة في منطقة مريرت.,1,1,1,"مدعوم: نعم
مطابق: نعم",0
w076,B,P3,"['wiki_01101', 'wiki_02812', 'wiki_00920', 'wiki_02867', 'wiki_00784']",سنة 1981,1,1,1,"مدعوم: نعم
مطابق: نعم",0
w077,B,P3,"['wiki_01101', 'wiki_01103', 'wiki_00263', 'wiki_01102', 'wiki_01099']",سلالة مكناس هي السلالة المخصصة لإنتاج الحليب بلا منازع.,1,1,1,"مدعوم: نعم
مطابق: نعم",0
w078,B,P3,"['wiki_00645', 'wiki_00643', 'wiki_00646', 'wiki_00647', 'wiki_00644']",مدينة الحاجب كاينة على ارتفاع 1200 متر فوق سطح البحر.,1,1,1,"مدعوم: نعم
مطابق: نعم",0
w079,B,P3,"['wiki_00643', 'wiki_00645', 'wiki_00646', 'wiki_00644', 'wiki_00647']",مدينة الحاجب تبعد عن مكناس بمسافة 32 كلم.,1,1,1,"مدعوم: نعم
مطابق: نعم",0
w080,B,P3,"['wiki_00643', 'wiki_00645', 'wiki_00646', 'wiki_00647', 'wiki_00767']",المغارة التي تشبه وجه الأسد هي أشهر مغارة في مدينة الحاجب.,1,1,1,"مدعوم: نعم
مطابق: نعم",0
w081,B,P3,"['wiki_01214', 'wiki_01216', 'wiki_01215', 'wiki_01104', 'wiki_01217']",الأيام الثلاثة الأولى مخصصة للمحترفين، والأيام الثلاثة الأخرى مفتوحة لعامة الناس.,1,1,1,"مدعوم: نعم
مطابق: نعم",0
w082,B,P3,"['wiki_01214', 'wiki_01216', 'wiki_01215', 'wiki_01104', 'wiki_01217']",الأيام الثلاثة الأولى مخصصة للمحترفين، والأيام الثلاثة الأخرى مفتوحة لعامة الناس.,1,1,1,"مدعوم: نعم
مطابق: نعم",0
w083,B,P3,"['wiki_01214', 'wiki_01216', 'wiki_01215', 'wiki_01104', 'wiki_01217']","مساحة المعرض الدولي للفلاحة بالمغرب تبلغ 370,000 m2.",1,1,1,"مدعوم: نعم
مطابق: نعم",0
w084,B,P3,"['wiki_02294', 'wiki_02926', 'wiki_00632', 'wiki_00457', 'wiki_02924']",الاقتصاد ديال مرزوكة يعتمد على قطاع السياحة.,0,1,1,"مدعوم: نعم
مطابق: نعم",0
w085,B,P3,"['wiki_02924', 'wiki_02926', 'wiki_02927', 'wiki_01942', 'wiki_01941']","المشاكل اللي كتعاني منها مدينة مرزوكة هي غياب المرافق التعليمية، ومشكلات في قطاع التعليم، وقلة التوعية من طرف الجهات المسؤولة، وProblèmes d'exploitation de l'eau, وتدهور الغابات النخيلية، وProblèmes de nettoyage، وقلة الخصوبة، وتجريد المراعي، وجفاف الخطارات،",0,0,0,"مدعوم: لا
مطابق: لا",0
w086,B,P3,"['wiki_01372', 'wiki_01373', 'wiki_00350', 'wiki_00572', 'wiki_01071']",تم افتتاح المنطقة الحرة الأطلسية سنة 2012.,1,1,1,"مدعوم: نعم
مطابق: نعم",0
w087,B,P3,"['wiki_01372', 'wiki_00424', 'wiki_00796', 'wiki_00795', 'wiki_00778']",حوالي 120 كيلومترًا.,1,1,1,"مدعوم: نعم
مطابق: نعم",0
w088,B,P3,"['wiki_01372', 'wiki_01373', 'wiki_00707', 'wiki_00145', 'wiki_00439']",المساحة ديال المنطقة الحرة الأطلسية تقدر بحوالي 500 هكتار.,1,1,1,"مدعوم: نعم
مطابق: نعم",0
w089,B,P3,"['wiki_01161', 'wiki_01162', 'wiki_01163', 'wiki_00455', 'wiki_02173']",اللجنة الوطنية لمناخ الأعمال أُحدثت سنة 2009، ويرأسها رئيس الحكومة.,1,1,1,"مدعوم: نعم
مطابق: نعم",0
w090,B,P3,"['wiki_01161', 'wiki_01162', 'wiki_01163', 'wiki_00455', 'wiki_01408']","الcommittee's objective is to improve the business environment and investment climate in morocco through legal and regulatory framework simplification, and by fostering dialogue between the public and private sectors.",1,1,1,"مدعوم: نعم
مطابق: نعم",0
w091,B,P3,"['wiki_01768', 'wiki_00904', 'wiki_01715', 'wiki_01785', 'wiki_01267']",المعلومة غير متوفرة في النصوص,1,1,1,"مدعوم: نعم
مطابق: نعم",1
w092,B,P3,"['wiki_02187', 'wiki_00904', 'wiki_02700', 'wiki_00196', 'wiki_02702']",مراكش كانت أكبر وأهم مدينة أمازيغية في ذلك الوقت.,1,1,1,"مدعوم: نعم
مطابق: نعم",0
w093,B,P3,"['wiki_00323', 'wiki_00324', 'wiki_00325', 'wiki_01660', 'wiki_01658']",إقليم شنقيط تابع لموريتانيا منذ إستقلالها عن فرنسا سنة 1960.,1,1,1,"مدعوم: نعم
مطابق: نعم",0
w094,B,P3,"['wiki_00324', 'wiki_00930', 'wiki_00325', 'wiki_01328', 'wiki_01276']",شنقيط,1,0,0,"مدعوم: لا
مطابق: لا",0
w095,B,P3,"['wiki_02031', 'wiki_02675', 'wiki_02037', 'wiki_00901', 'wiki_02456']",2 كم,1,1,1,"مدعوم: نعم
مطابق: نعم",0
w096,B,P3,"['wiki_00650', 'wiki_00649', 'wiki_02385', 'wiki_01378', 'wiki_01105']",مرسوم رقم 2.24.1122,1,1,1,"مدعوم: نعم
مطابق: نعم",0
w097,B,P3,"['wiki_00650', 'wiki_00373', 'wiki_02973', 'wiki_00649', 'wiki_01489']",نص [1],1,1,1,"مدعوم: نعم
مطابق: نعم",0
w098,B,P3,"['wiki_01204', 'wiki_00474', 'wiki_01203', 'wiki_00487', 'wiki_01736']",المدرسة البوعنانية تُبنَى ما بين عامي 1350م و1355م في فاس.,1,1,1,"مدعوم: نعم
مطابق: نعم",0
w099,B,P3,"['wiki_01204', 'wiki_01203', 'wiki_01453', 'wiki_01205', 'wiki_01613']",باب بوجلود هو المدخل الرئيسي لفاس البالي.,1,1,1,"مدعوم: نعم
مطابق: نعم",0
w100,B,P3,"['wiki_01367', 'wiki_01366', 'wiki_00226', 'wiki_00942', 'wiki_00613']",المعلومة غير متوفرة في النصوص,1,1,1,"مدعوم: نعم
مطابق: نعم",1
w101,B,P3,"['wiki_02635', 'wiki_02640', 'wiki_02644', 'wiki_02645', 'wiki_02641']",المعلومة غير متوفرة في النصوص,1,1,1,"مدعوم: نعم
مطابق: نعم",1
w102,B,P3,"['wiki_02640', 'wiki_02635', 'wiki_02644', 'wiki_02642', 'wiki_02639']",تفوق 39.6 درجة مئوية في فصل الصيف.,1,1,1,"مدعوم: نعم
مطابق: نعم",0
w103,B,P3,"['wiki_02643', 'wiki_02644', 'wiki_02635', 'wiki_02642', 'wiki_02640']",أبرز الوديان ديال عين بني مطهر هوما واد الشارف، واد تبودة، وادي مسخسخة، وادي وزين.,1,1,1,"مدعوم: نعم
مطابق: نعم",0
w104,B,P3,"['wiki_00431', 'wiki_01650', 'wiki_00427', 'wiki_00430', 'wiki_01408']",نموذج اقتصادي مختلط، تداخل فيه النزعة الليبرالية مع الاقتصاد الموجه.,1,1,1,"مدعوم: نعم
مطابق: نعم",0
w105,B,P3,"['wiki_00431', 'wiki_00461', 'wiki_00430', 'wiki_02725', 'wiki_01650']",أولى الأوراش الاقتصادية ديال أول الحكومات المغربية من بعد الاستقلال تخص إرساء الاستقلالية الاقتصادية، لدولة خارجة للتو من الاستعمار.,1,1,1,"مدعوم: نعم
مطابق: نعم",0
w106,B,P3,"['wiki_00565', 'wiki_01491', 'wiki_01490', 'wiki_02224', 'wiki_01486']",تأسس البنك المخزني المغربي في سنة 1906 في طنجة.,1,0,0,"مدعوم: لا
مطابق: لا",0
w107,B,P3,"['wiki_00565', 'wiki_01489', 'wiki_01486', 'wiki_01490', 'wiki_01488']",غاية عام 1959 بقا البنك المخزني كيدير دور البنك المركزي.,1,1,1,"مدعوم: نعم
مطابق: نعم",0
w108,B,P3,"['wiki_02856', 'wiki_00716', 'wiki_00717', 'wiki_00719', 'wiki_00692']",الأزمة المغربية الأولى عام 1905 بين فرنسا وألمانيا.,0,1,0,"مدعوم: نعم
مطابق: لا",0
w109,B,P3,"['wiki_00738', 'wiki_00734', 'wiki_00737', 'wiki_00732', 'wiki_02252']",Ahmed بن المهدي الغزال هو السفير الثاني الذي زار الأسكوريال.,1,1,1,"مدعوم: نعم
مطابق: نعم",0
w110,B,P3,"['wiki_00738', 'wiki_00694', 'wiki_01685', 'wiki_02086', 'wiki_02906']",المعلومة غير متوفرة في النصوص,1,1,1,"مدعوم: نعم
مطابق: نعم",1
w111,B,P3,"['wiki_02472', 'wiki_00139', 'wiki_00114', 'wiki_02730', 'wiki_00070']",المعلومة غير متوفرة في النصوص,1,1,1,"مدعوم: نعم
مطابق: نعم",1
w112,B,P3,"['wiki_02476', 'wiki_02473', 'wiki_02472', 'wiki_02479', 'wiki_02471']",كانوا يقطنون الكهوف والمغارات قبل أن تتطور مساكنهم إلى خيام ثم منازل خشبية وطينية وحجرية.,1,1,1,"مدعوم: نعم
مطابق: نعم",0
w113,B,P3,"['wiki_02472', 'wiki_02471', 'wiki_02479', 'wiki_02480', 'wiki_02481']",بلدة البهاليل المجاورة لمدينة صفرو ما زالت بعض أسرها تستقرين في الكهوف.,1,1,1,"مدعوم: نعم
مطابق: نعم",0
w114,B,P3,"['wiki_01117', 'wiki_01135', 'wiki_01120', 'wiki_01113', 'wiki_01133']",القصر الصغير على بعد 35 كلم من الطريق الرابطة بين طنجة وتطوان.,1,1,1,"مدعوم: نعم
مطابق: نعم",0
w115,B,P3,"['wiki_01117', 'wiki_01123', 'wiki_01118', 'wiki_00079', 'wiki_01133']",مسجد، وحمام، ومركز تجاري.,1,1,1,"مدعوم: نعم
مطابق: نعم",0
w116,B,P3,"['wiki_01117', 'wiki_00152', 'wiki_01118', 'wiki_01330', 'wiki_00626']",في يوم 23 أكتوبر 1458م، استولى الجيش البرتغالي بقيادة ألفونس الخامس على القصر الصغير.,1,1,1,"مدعوم: نعم
مطابق: نعم",0
w117,B,P3,"['wiki_00050', 'wiki_00183', 'wiki_00029', 'wiki_02220', 'wiki_01242']",ألبرت حوراني,1,1,1,"مدعوم: نعم
مطابق: نعم",0
w118,B,P3,"['wiki_01242', 'wiki_01243', 'wiki_00641', 'wiki_01228', 'wiki_02180']",المحامِك والوزارات والجيش.,1,1,1,"مدعوم: نعم
مطابق: نعم",0
w119,B,P3,"['wiki_02765', 'wiki_02684', 'wiki_01894', 'wiki_02455', 'wiki_02685']",مساحة القصبة المخزنية في تزنيت تبلغ 6704م²، وعدد أبراجها 5.,1,1,1,"مدعوم: نعم
مطابق: نعم",0
w120,B,P3,"['wiki_02712', 'wiki_01890', 'wiki_01899', 'wiki_01894', 'wiki_01892']",تنسب إلى القائد الحاحي محمد أغناج.,1,0,0,"مدعوم: لا
مطابق: لا",0
w121,B,P3,"['wiki_02269', 'wiki_02268', 'wiki_01458', 'wiki_00141', 'wiki_02905']",نعم، أوعبيد الله كانت معروفة في العصر المريني.,1,1,1,"مدعوم: نعم
مطابق: نعم",0
w122,B,P3,"['wiki_02787', 'wiki_00626', 'wiki_02786', 'wiki_00139', 'wiki_00625']",وفرة سمك الشابل والتون في أزمور، والإقبال الأوروبي على شرائه، كان سبباً مباشراً في استعجال احتلالها من طرف البرتغاليين.,1,1,1,"مدعوم: نعم
مطابق: نعم",0
w123,B,P3,"['wiki_02787', 'wiki_01867', 'wiki_00161', 'wiki_00159', 'wiki_00305']",سنة 1476,1,1,1,"مدعوم: نعم
مطابق: نعم",0
w124,B,P3,"['wiki_02319', 'wiki_02324', 'wiki_02321', 'wiki_02320', 'wiki_02322']",لقب عاصمة الشاوية,1,1,1,"مدعوم: نعم
مطابق: نعم",0
w125,B,P3,"['wiki_02319', 'wiki_02429', 'wiki_00796', 'wiki_02324', 'wiki_02323']",83 كم,1,1,1,"مدعوم: نعم
مطابق: نعم",0
w126,B,P3,"['wiki_02319', 'wiki_02320', 'wiki_02323', 'wiki_02324', 'wiki_02321']",الرمز ديال مدينة سطات هو الحصان.,1,1,1,"مدعوم: نعم
مطابق: نعم",0
w127,B,P3,"['wiki_02319', 'wiki_02429', 'wiki_00218', 'wiki_02323', 'wiki_01253']",الارتفاع ديال سطات على سطح البحر هو 370 مترا.,1,1,1,"مدعوم: نعم
مطابق: نعم",0
w128,B,P3,"['wiki_02445', 'wiki_00186', 'wiki_02444', 'wiki_00187', 'wiki_01749']",البياض شعار الموحدين.,1,1,1,"مدعوم: نعم
مطابق: نعم",0
w129,B,P3,"['wiki_00186', 'wiki_02235', 'wiki_01747', 'wiki_02238', 'wiki_02574']",المعلومة غير متوفرة في النصوص,0,1,1,"مدعوم: نعم
مطابق: نعم",1
w130,B,P3,"['wiki_01860', 'wiki_01857', 'wiki_01861', 'wiki_01828', 'wiki_01849']",منطقة تاوريرت محاطة بالسلاسل الجبلية من جهاتها الشمالية والغربية التي تقف كحاجز أمام تسرب الكتل الهوائية الرطبة نحو الداخل.,1,1,1,"مدعوم: نعم
مطابق: نعم",0
w131,B,P3,"['wiki_01845', 'wiki_01849', 'wiki_01847', 'wiki_01855', 'wiki_01853']",المعيشة ديالهم تعتمد على مهاجرينهم بالخارج.,0,0,0,"مدعوم: لا
مطابق: لا",0
w132,B,P3,"['wiki_02297', 'wiki_02303', 'wiki_01812', 'wiki_02307', 'wiki_02304']",مدينة سجلماسة التاريخية كانت تقع وسط واحة كبيرة جنوب الأطلس الكبير.,1,1,1,"مدعوم: نعم
مطابق: نعم",0
w133,B,P3,"['wiki_02297', 'wiki_01730', 'wiki_01734', 'wiki_02700', 'wiki_01705']",المعلومة غير متوفرة في النصوص,1,1,1,"مدعوم: نعم
مطابق: نعم",1
w134,B,P3,"['wiki_02297', 'wiki_02299', 'wiki_02304', 'wiki_02302', 'wiki_02307']",سجلماسة تبنات سنة 140 هـ/757م من قبل عيسى بن يزيد الأسود.,1,1,1,"مدعوم: نعم
مطابق: نعم",0
w135,B,P3,"['wiki_01432', 'wiki_01653', 'wiki_01144', 'wiki_01199', 'wiki_00492']",من 17% إلى 19%.,1,1,1,"مدعوم: نعم
مطابق: نعم",0
w136,B,P3,"['chunk_030', 'wiki_01432', 'wiki_02330', 'wiki_02331', 'wiki_01429']",67 %,1,1,1,"مدعوم: نعم
مطابق: نعم",0
w137,B,P3,"['wiki_02057', 'wiki_01432', 'wiki_02252', 'wiki_02588', 'wiki_01524']",رسوم على لي غاديين على رجليهم في الناضور كانت 100 درهم.,1,1,1,"مدعوم: نعم
مطابق: نعم",0
w138,B,P3,"['wiki_02057', 'wiki_02055', 'wiki_02039', 'wiki_02047', 'wiki_02053']",مصادر الدخل التي اعتمدت عليها جمهورية الريف هي: الزكاة، الغرامات، التبرعات، فداء الأسرى.,1,1,1,"مدعوم: نعم
مطابق: نعم",0
w139,B,P3,"['wiki_02057', 'wiki_01509', 'wiki_01919', 'wiki_01524', 'wiki_01684']",20 ألف بيزيتا سنويا,1,1,1,"مدعوم: نعم
مطابق: نعم",0
w140,B,P3,"['wiki_02057', 'wiki_02050', 'wiki_02043', 'wiki_02055', 'wiki_01443']",سياسة سحب الأراضي الزراعية من من يعجز أو يتهاون في زراعتها.,1,1,1,"مدعوم: نعم
مطابق: نعم",0
w141,B,P3,"['wiki_00062', 'wiki_00048', 'wiki_00055', 'wiki_00038', 'wiki_01263']",عزيز أخنوش,1,1,1,"مدعوم: نعم
مطابق: نعم",0
w142,B,P3,"['wiki_00526', 'wiki_00048', 'wiki_00038', 'wiki_00055', 'wiki_00747']",المعلومة غير متوفرة في النصوص,1,0,0,"مدعوم: لا
مطابق: لا",1
w143,B,P3,"['wiki_02467', 'wiki_02466', 'wiki_01091', 'wiki_00920', 'wiki_02738']",القبيلة التي ينتمي إليها صالح بن عبد الحليم الإيلاني هي قبيلة أيلان المصمودية.,1,1,1,"مدعوم: نعم
مطابق: نعم",0
w144,B,P3,"['wiki_02467', 'wiki_02466', 'wiki_02468', 'wiki_01115', 'wiki_02918']",مدينة نفيس,1,1,1,"مدعوم: نعم
مطابق: نعم",0
w145,B,P3,"['wiki_00604', 'wiki_00610', 'wiki_00614', 'wiki_00600', 'wiki_00606']",توفى باشا مراكش التهامي الكلاوي يوم الاثنين من سنة 1956م على الساعة الواحدة بعد الظهر، ودُفن صباح الثلاثاء بضريح ابن سليمان الجزولي. بعد وفاته، حضر جنازته وفد من الحكومة المغربية برئاسة الوزير لحسن اليوسي مبعوث الملك محمد الخامس.,0,0,0,"مدعوم: لا
مطابق: لا",0
w146,B,P3,"['wiki_00604', 'wiki_00602', 'wiki_00600', 'wiki_00611', 'wiki_00609']",دخل التهامي الكلاوي أول معركة حربية في سن خمسة عشر سنة.,1,1,1,"مدعوم: نعم
مطابق: نعم",0
w147,B,P3,"['wiki_02939', 'wiki_00105', 'wiki_02940', 'wiki_00294', 'wiki_02941']",تدشين مستشفى القرب بأحفير تم في يوم 25 يوليوز 2024.,1,1,1,"مدعوم: نعم
مطابق: نعم",0
w148,B,P3,"['wiki_02939', 'wiki_02940', 'wiki_02943', 'wiki_00105', 'wiki_01138']",Minister of Health and Social Protection Khalid Aït Oudaal شكون لي شرف على حفل تدشين مستشفى القرب لأحفير؟,1,1,0,"مدعوم: نعم
مطابق: لا",0
w149,B,P3,"['wiki_01469', 'wiki_01062', 'wiki_02900', 'wiki_01467', 'wiki_00143']",七年,1,1,0,"مدعوم: نعم
مطابق: لا

ملاحظة: الإجابة المقدمة",0
w150,B,P3,"['wiki_00149', 'wiki_02705', 'wiki_00155', 'wiki_00150', 'wiki_00151']",مهرجانها الثقافي الدولي,1,1,0,"مدعوم: نعم
مطابق: لا",0
w151,B,P3,"['wiki_01062', 'wiki_01474', 'wiki_01064', 'wiki_01472', 'wiki_01061']",الاستغلال الذي فرض على الأمازيغ من السيطرة على أراضيهم الفلاحية والأعباء المادية والقوة المُستخدمَة لإخضاعهم.,1,1,1,"مدعوم: نعم
مطابق: نعم",0
w152,B,P3,"['wiki_01062', 'wiki_01472', 'wiki_01474', 'wiki_01064', 'wiki_02811']",تاكفاريناس وأديمون,1,1,0,"مدعوم: نعم
مطابق: لا",0
w153,B,P3,"['wiki_02491', 'wiki_02484', 'wiki_01729', 'wiki_02488', 'wiki_01411']",تأسس صندوق محمد السادس للاستثمار في عام 2021.,1,1,1,"مدعوم: نعم
مطابق: نعم",0
w154,B,P3,"['wiki_02491', 'wiki_02484', 'wiki_01492', 'wiki_01486', 'wiki_01208']",المقر الرئيسي لصندوق محمد السادس للاستثمار في مدينة الرباط.,1,1,1,"مدعوم: نعم
مطابق: نعم",0
w155,B,P3,"['wiki_02491', 'wiki_02229', 'wiki_02484', 'wiki_02488', 'wiki_01359']",أُعلن عن إحداث صندوق محمد السادس للاستثمار في يوليوز 2020.,1,1,1,"مدعوم: نعم
مطابق: نعم",0
w156,B,P3,"['wiki_02032', 'wiki_02034', 'wiki_02033', 'wiki_02038', 'wiki_02035']",المستشفى داهي كاين فيه طبيب واحد.,1,1,1,"مدعوم: نعم
مطابق: نعم",0
w157,B,P3,"['wiki_02032', 'wiki_02034', 'wiki_02038', 'wiki_02035', 'wiki_02033']",مستشفى ومستوصف صحي ودار للولادة.,1,1,1,"مدعوم: نعم
مطابق: نعم",0
w158,B,P3,"['wiki_02388', 'wiki_02390', 'wiki_01380', 'wiki_02691', 'wiki_00503']",ارتفعت الساكنة الحضرية من 13 إلى 17 مليون نسمة ما بين العامين 1992 و2004.,1,1,1,"مدعوم: نعم
مطابق: نعم",0
w159,B,P3,"['wiki_01248', 'wiki_00448', 'wiki_01870', 'wiki_01650', 'wiki_00441']",المعلومة غير متوفرة في النصوص,0,0,0,"مدعوم: لا
مطابق: لا",1
w160,B,P3,"['wiki_01320', 'wiki_01100', 'wiki_00043', 'wiki_00056', 'wiki_01313']",المعلومة غير متوفرة في النصوص,1,1,0,"مدعوم: نعم
مطابق: لا",1
w161,B,P3,"['wiki_02208', 'wiki_01320', 'wiki_01319', 'wiki_00611', 'wiki_00304']",المعلومة غير متوفرة في النصوص,1,1,1,"مدعوم: نعم
مطابق: نعم",1
w162,B,P3,"['wiki_01320', 'wiki_00030', 'wiki_02181', 'wiki_01100', 'wiki_00056']",45,1,1,1,"مدعوم: نعم
مطابق: نعم",0
w163,B,P3,"['wiki_01438', 'wiki_00726', 'wiki_00679', 'wiki_00676', 'wiki_00677']",5 ديسمبر 1952,1,1,1,"مدعوم: نعم
مطابق: نعم",0
w164,B,P3,"['wiki_00725', 'wiki_00726', 'wiki_00727', 'wiki_02101', 'wiki_02184']",الدار البيضاء,1,1,0,"مدعوم: نعم
مطابق: لا",0
w165,B,P3,"['wiki_02347', 'wiki_02350', 'wiki_02346', 'wiki_00885', 'wiki_02349']",محمد توري,1,1,1,"مدعوم: نعم
مطابق: نعم",0
w166,B,P3,"['wiki_02350', 'wiki_02347', 'wiki_02236', 'wiki_01758', 'wiki_00930']",المعلومة غير متوفرة في النصوص,1,1,1,"مدعوم: نعم
مطابق: نعم",1
w167,B,P3,"['wiki_02960', 'wiki_02959', 'wiki_02964', 'wiki_02965', 'wiki_02348']",تتواجد مطغرة اليوم بنواحي تلمسان وبين فاس والراشيدية وتوات.,1,0,0,"مدعوم: لا
مطابق: لا",0
w168,B,P3,"['wiki_02259', 'wiki_02678', 'wiki_02209', 'wiki_01851', 'wiki_01850']",المعلومة غير متوفرة في النصوص,0,0,0,"مدعوم: لا
مطابق: لا",1
w169,B,P3,"['wiki_00475', 'wiki_01113', 'wiki_01116', 'wiki_01456', 'wiki_00474']","التجار العرب استقبلهم السلطان في فاس في عام 825 بحوالي 2,000 تاجر من القيروان في تونس.",1,1,1,"مدعوم: نعم
مطابق: نعم",0
w170,B,P3,"['wiki_01706', 'wiki_01735', 'wiki_00475', 'wiki_01692', 'wiki_01729']",المعلومة غير متوفرة في النصوص,1,1,0,"مدعوم: نعم
مطابق: لا",1
w171,B,P3,"['wiki_00475', 'wiki_02465', 'wiki_00902', 'wiki_02458', 'wiki_02037']",حي القيروانيين,1,1,1,"مدعوم: نعم
مطابق: نعم",0
w172,B,P3,"['wiki_02101', 'wiki_01761', 'wiki_02104', 'wiki_01996', 'wiki_02080']",أكتوبر 1955,1,1,1,"مدعوم: نعم
مطابق: نعم",0
w173,B,P3,"['wiki_01720', 'wiki_01450', 'wiki_02104', 'wiki_00725', 'wiki_02028']",16 نونبر 1955,0,1,1,"مدعوم: نعم
مطابق: نعم",0
w174,B,P3,"['wiki_02365', 'wiki_00523', 'wiki_02760', 'wiki_00774', 'wiki_01439']",المعلومة غير متوفرة في النصوص,0,0,0,"مدعوم: لا
مطابق: لا",1
w175,B,P3,"['wiki_02948', 'wiki_02101', 'wiki_00680', 'wiki_01026', 'wiki_00711']",2 مارس 1956,1,1,1,"مدعوم: نعم
مطابق: نعم",0
w176,B,P3,"['wiki_00295', 'wiki_00281', 'wiki_00294', 'wiki_00284', 'wiki_00289']",جامعة الأخوين تأسست في إفران عام 1993 بموجب مرسوم ملكي.,1,1,1,"مدعوم: نعم
مطابق: نعم",0
w177,B,P3,"['wiki_00289', 'wiki_00300', 'wiki_00281', 'wiki_00296', 'wiki_00295']",منتزه NATIONAL إفران، والبحيرات، والمصادر، والشلالات، والمجالات الغابوية، ومحطه ميشليفن للتزلج.,1,1,1,"مدعوم: نعم
مطابق: نعم",0
w178,B,P3,"['wiki_02081', 'wiki_00706', 'wiki_02080', 'wiki_02220', 'wiki_01278']",تأسس مركز المغرب العربي للدراسات الاستراتيجية في عام 1994.,1,1,1,"مدعوم: نعم
مطابق: نعم",0
w179,B,P3,"['wiki_02792', 'wiki_02791', 'wiki_02799', 'wiki_01289', 'wiki_02794']",183,1,1,1,"مدعوم: نعم
مطابق: نعم",0
w180,B,P3,"['wiki_02792', 'wiki_02791', 'wiki_02825', 'wiki_02793', 'wiki_00583']",تتمركز أغلب وحدات صناعة التجميد في جنوب المغرب بسبب تطوير صيد الرخويات والصيد السطحي.,1,1,1,"مدعوم: نعم
مطابق: نعم",0
w181,B,P3,"['wiki_02792', 'wiki_02791', 'wiki_02387', 'wiki_01022', 'wiki_01379']",القدرة الإنتاجية للنهار في صناعة التجميد تصل إلى حوالي 8300 طن.,1,1,1,"مدعوم: نعم
مطابق: نعم",0
w182,B,P3,"['wiki_02792', 'wiki_00426', 'wiki_00632', 'wiki_00424', 'wiki_02793']",الاتحاد الأوروبي هي الوجهة الرئيسية للمنتجات البحرية المجمدة المغربية.,1,1,1,"مدعوم: نعم
مطابق: نعم",0
w183,B,P3,"['wiki_00269', 'wiki_00270', 'wiki_00271', 'wiki_00272', 'wiki_01467']",الإمبراطور كلوديوس.,1,1,1,"مدعوم: نعم
مطابق: نعم",0
w184,B,P3,"['wiki_00270', 'wiki_01468', 'wiki_01471', 'wiki_01704', 'wiki_01466']",في روما.,1,1,1,"مدعوم: نعم
مطابق: نعم",0
w185,B,P3,"['wiki_00270', 'wiki_00180', 'wiki_01704', 'wiki_01471', 'wiki_01466']",شرشال عاصمة لحكم يوبا الثاني.,1,1,1,"مدعوم: نعم
مطابق: نعم",0
w186,B,P3,"['wiki_01463', 'wiki_01465', 'wiki_01466', 'wiki_01473', 'wiki_01470']",كليباترا سيليني الثانية.,1,1,1,"مدعوم: نعم
مطابق: نعم",0
w187,B,P3,"['wiki_01463', 'wiki_01466', 'wiki_01471', 'wiki_01465', 'wiki_01744']",حكم بطليموس الموريطاني من 23 ميلادية حتى 40 ميلادية.,1,1,1,"مدعوم: نعم
مطابق: نعم",0
w188,B,P3,"['wiki_00051', 'wiki_00539', 'wiki_01365', 'wiki_00327', 'wiki_00190']",ساعتين و11 دقيقة و34 ثانية,1,1,1,"مدعوم: نعم
مطابق: نعم",0
w189,B,P3,"['wiki_00051', 'wiki_00058', 'wiki_00059', 'wiki_02587', 'wiki_00056']","جائزة ""قارئ العام للعالم العربي"".",1,1,1,"مدعوم: نعم
مطابق: نعم",0
w190,B,P3,"['wiki_00670', 'wiki_02776', 'wiki_01028', 'wiki_00672', 'wiki_00673']",المغاربة تخافوا من هذا القانون لأن الإدارة الفرنسية أعلنته ويرجع ذلك إلى أنه يقسم المغرب إلى عالمين متمايزين ومنفصلين بشكل كلي: عالم الناطقين باللغة العربية وعالم الأمازيغ، مما يعتبر تطبيقا للآيديولوجيا الاستعمارية القديمة.,1,1,1,"مدعوم: نعم
مطابق: نعم",0
w191,B,P3,"['wiki_00670', 'wiki_01252', 'wiki_01349', 'wiki_01656', 'wiki_01354']",عالمين: عالم العرب المغاربة الناطقين باللغة العربية، وعالم البربر الذين يتحدثون اللغة الأمازيغية.,1,0,0,"مدعوم: لا
مطابق: لا",0
w192,B,P3,"['wiki_00144', 'wiki_00204', 'wiki_00212', 'wiki_01661', 'wiki_01890']",تزنيت تبعد عن الرباط بـ 690 كيلومترًا وعن أكادير بـ 90 كيلومترًا.,1,1,1,"مدعوم: نعم
مطابق: نعم",0
w193,B,P3,"['wiki_01890', 'wiki_02712', 'wiki_01819', 'wiki_00779', 'wiki_02330']",تزنيت كيلقبو بعاصمة الفضة لأنها مشهورة بصناعة وإنتاج المجوهرات الفضية.,1,1,1,"مدعوم: نعم
مطابق: نعم",0
w194,B,P3,"['wiki_01890', 'wiki_02712', 'wiki_01899', 'wiki_01893', 'wiki_01891']",لا زنينية,1,1,1,"مدعوم: نعم
مطابق: نعم",0
w195,B,P3,"['wiki_01411', 'wiki_01412', 'wiki_01413', 'wiki_00635', 'wiki_00835']",المهام تتضمن حماية المدخرين والمستثمرين؛ مراقبة سير أسواق الرساميل؛ ضمان شفافية العمليات المالية؛ تنظيم المشاركين في السوق والأدوات المالية؛ تعزيز الثقافة المالية.,1,0,1,"مدعوم: لا
مطابق: نعم",0
w196,B,P3,"['wiki_01412', 'wiki_01411', 'wiki_01413', 'wiki_02776', 'wiki_00635']",الرئيس يعينه الملك محمد السادس.,1,1,1,"مدعوم: نعم
مطابق: نعم",0
w197,B,P3,"['wiki_00930', 'wiki_00076', 'wiki_00685', 'wiki_00891', 'wiki_02321']",المعلومة غير متوفرة في النصوص,1,1,0,"مدعوم: نعم
مطابق: لا",1
w198,B,P3,"['wiki_01051', 'wiki_02093', 'wiki_01449', 'wiki_00930', 'wiki_01052']",بويع ست مرات.,1,1,1,"مدعوم: نعم
مطابق: نعم",0
w199,B,P3,"['wiki_01000', 'wiki_00993', 'wiki_00999', 'wiki_00424', 'wiki_02709']",المعلومة غير متوفرة في النصوص,1,1,1,"مدعوم: نعم
مطابق: نعم",1
w200,B,P3,"['wiki_00698', 'wiki_02910', 'wiki_01688', 'wiki_00722', 'wiki_02019']","فيوليوز 1936 كان لدى إسبانيا جيش يتكون من 34,000 رجل في المغرب، بما في ذلك القوات الأهلية النظامية.",1,1,1,"مدعوم: نعم
مطابق: نعم",0
w001,F,P3,['wiki_02359'],593 168,1,1,0,"مدعوم: نعم
مطابق: لا",0
w002,F,P3,['wiki_02359'],طنجة,1,1,0,"مدعوم: نعم
مطابق: لا",0
w003,F,P3,['wiki_01011'],المعلومة غير متوفرة في النصوص,0,0,0,"مدعوم: لا
مطابق: لا",1
w004,F,P3,['wiki_01012'],"ارتفعت نسبة الطاقة الريحية من 2,8% في عام 2010 إلى 8,1% في عام 2015.",1,1,1,"مدعوم: نعم
مطابق: نعم",0
w005,F,P3,['wiki_01012'],"1,6 طن للفرد الواحد",1,1,1,"مدعوم: نعم
مطابق: نعم",0
w006,F,P3,['wiki_00564'],"المعدل وصل لـ12,8% فالفصل الثاني ديال 2025.",1,1,1,"مدعوم: نعم
مطابق: نعم",0
w007,F,P3,['wiki_00564'],شكيب بنموسى,1,1,1,"مدعوم: نعم
مطابق: نعم",0
w008,F,P3,['wiki_00564'],المعدل انتقل من 10.5% إلى 21.4% بالوسط القروي.,1,1,1,"مدعوم: نعم
مطابق: نعم",0
w009,F,P3,['wiki_02608'],المعدل التضخمي بقي منخفضا عند نسبة 0.7% accordance to the report.,1,1,1,"مدعوم: نعم
مطابق: نعم",0
w010,F,P3,['wiki_02608'],3.5٪,1,1,1,"مدعوم: نعم
مطابق: نعم",0
w011,F,P3,['wiki_02608'],17.9%,1,0,0,"مدعوم: لا
مطابق: لا",0
w012,F,P3,['wiki_02230'],فاتح أبريل 1998,1,1,1,"مدعوم: نعم
مطابق: نعم",0
w013,F,P3,['wiki_02230'],حتى 31 دجنبر 2011.,1,1,1,"مدعوم: نعم
مطابق: نعم",0
w014,F,P3,['wiki_02691'],المعلومة غير متوفرة في النصوص,1,1,0,"مدعوم: نعم
مطابق: لا",1
w015,F,P3,['wiki_02691'],"رافق ارتفاع معدل التمدن من 29% سنة 1960 إلى 62,8% سنة 2024.",1,1,1,"مدعوم: نعم
مطابق: نعم",0
w016,F,P3,['wiki_02691'],"المعدل السكاني انخفض إلى 0,85%.",1,1,0,"مدعوم: نعم
مطابق: لا",0
w017,F,P3,['wiki_01011'],"88,8٪",1,1,1,"مدعوم: نعم
مطابق: نعم",0
w018,F,P3,['wiki_01011'],"لا يمثل الإنتاج الوطني من الطاقة أكثر من %9,4 من الحاجيات ديال البلاد.",1,1,1,"مدعوم: نعم
مطابق: نعم",0
w019,F,P3,['wiki_00436'],15%,1,1,1,"مدعوم: نعم
مطابق: نعم",0
w020,F,P3,['wiki_00436'],مواد الطاقية ومواد التجهيز والمواد الاستهلاكية,1,1,1,"مدعوم: نعم
مطابق: نعم",0
w021,F,P3,['wiki_01430'],55.8 %,1,1,1,"مدعوم: نعم
مطابق: نعم",0
w022,F,P3,['wiki_01430'],المصاريف ديال حرب الصحرا كانت تقريبا مليون دولار يوميا.,1,1,1,"مدعوم: نعم
مطابق: نعم",0
w023,F,P3,['wiki_00350'],سجلت اتفاقية التجارة الحرة بين المغرب وأمريكا يوم 15 يونيو 2004.,0,1,0,"مدعوم: نعم
مطابق: لا",0
w024,F,P3,['wiki_00574'],بشحال زادو صادرات المغرب ديال النسيج لأمريكا فـ2006؟ نسبة %122.,1,1,1,"مدعوم: نعم
مطابق: نعم",0
w025,F,P3,['wiki_00574'],قطاعي السياحة والنسيج,1,1,1,"مدعوم: نعم
مطابق: نعم",0
w026,F,P3,['wiki_01297'],سنة 2025.,1,1,0,"مدعوم: نعم
مطابق: لا",0
w027,F,P3,['wiki_01011'],المعلومة غير متوفرة في النصوص,0,0,0,"مدعوم: لا
مطابق: لا",1
w028,F,P3,['wiki_02790'],طنجة وأكادير والعيون,1,1,1,"مدعوم: نعم
مطابق: نعم",0
w029,F,P3,['wiki_02790'],الناتج الداخلي الخام لقطاع الصيد البحري انتقل من 8.3 إلى 15 مليار درهم ما بين 2007 و2015.,1,1,1,"مدعوم: نعم
مطابق: نعم",0
w030,F,P3,['wiki_02790'],سنة 2016 بلغ الإنتاج حوالي 1.46 مليون طن.,1,1,1,"مدعوم: نعم
مطابق: نعم",0
w031,F,P3,['wiki_01281'],"56,5%",1,1,1,"مدعوم: نعم
مطابق: نعم",0
w032,F,P3,['wiki_01281'],المتوسط 3.750 دولار أمريكي للفرد,1,1,1,"مدعوم: نعم
مطابق: نعم",0
w033,F,P3,['wiki_01281'],المغرب يحتل المرتبة 107 في إنتاجية القوى العاملة حسب تقرير منظمة العمل الدولية لسنة 2023.,1,1,1,"مدعوم: نعم
مطابق: نعم",0
w034,F,P3,['wiki_02387'],وصل إنتاج الطاقة الكهرمائية إلى 2700 مليون كيلواط في 2004.,0,1,1,"مدعوم: نعم
مطابق: نعم",0
w035,F,P3,['wiki_01379'],تبلغ الحصة ديال المدارات المسقية فناتج المحلي الخام بين 7% و10%.,1,1,1,"مدعوم: نعم
مطابق: نعم",0
w036,F,P3,['wiki_02384'],المغرب يستورد 40% حتى 60% من حاجيات الحبوب.,0,1,1,"مدعوم: نعم
مطابق: نعم",0
w037,F,P3,['chunk_007'],تشغل الفلاحة نسبة كبيرة من اليد العاملة في المغرب.,0,1,0,"مدعوم: نعم
مطابق: لا",0
w038,F,P3,['wiki_02646'],وصل عدد سكان عين بني مطهر في 2014 إلى 16289 نسمة.,1,1,1,"مدعوم: نعم
مطابق: نعم",0
w039,F,P3,['wiki_02635'],المعلومة غير متوفرة في النصوص,0,1,1,"مدعوم: نعم
مطابق: نعم",1
w040,F,P3,['wiki_00814'],عدد المؤسسات الابتدائية التي استغلت في الدار البيضاء خلال الموسم الدراسي 2008/2009 هو 435 مدرسة.,1,1,1,"مدعوم: نعم
مطابق: نعم",0
w041,F,P3,['wiki_01106'],المغرب يتوفر على %75 من الاحتياطي العالمي ديال الفوسفاط.,1,1,1,"مدعوم: نعم
مطابق: نعم",0
w042,F,P3,['wiki_01106'],الصين,1,1,1,"مدعوم: نعم
مطابق: نعم",0
w043,F,P3,['wiki_02193'],المعلومة غير متوفرة في النصوص,0,1,0,"مدعوم: نعم
مطابق: لا",1
w044,F,P3,['wiki_02194'],نسبة الفئة العمرية أقل من 15 عام في إقليم خنيفرة هي 24.5%.,1,1,1,"مدعوم: نعم
مطابق: نعم",0
w045,F,P3,['wiki_01074'],لتشجيع الاستثمارات والصادرات، ومساهمة في تمويل مشروع طرامواي الرباط - سلا.,1,1,1,"مدعوم: نعم
مطابق: نعم",0
w046,F,P3,['wiki_01663'],1503 جماعة,1,1,1,"مدعوم: نعم
مطابق: نعم",0
w047,F,P3,['wiki_01378'],"1,050,000 هكتار",0,1,1,"مدعوم: نعم
مطابق: نعم",0
w048,F,P3,['wiki_01378'],تساهم الزراعة المسقية في 75% من الصادرات الفلاحية.,0,1,1,"مدعوم: نعم
مطابق: نعم",0
w049,F,P3,['wiki_02609'],2.5%,1,0,0,"مدعوم: لا
مطابق: لا",0
w050,F,P3,['wiki_02609'],خفض الدين العام إلى 60% من إجمالي الناتج المحلي بحلول عام 2021.,1,1,1,"مدعوم: نعم
مطابق: نعم",0
w051,F,P3,['wiki_01040'],ثمانية وعشرين سنة,1,1,1,"مدعوم: نعم
مطابق: نعم",0
w052,F,P3,['wiki_01040'],19 ماي 1881م,1,1,1,"مدعوم: نعم
مطابق: نعم",0
w053,F,P3,['wiki_02950'],المعلومة غير متوفرة في النصوص,0,1,0,"مدعوم: نعم
مطابق: لا",1
w054,F,P3,['wiki_02950'],المعلومة غير متوفرة في النصوص,0,0,0,"مدعوم: لا
مطابق: لا",1
w055,F,P3,['wiki_00949'],الموقع ديال النقوش الصخرية كاينة فإقليم السمارة كاين أكثر من أربعة وثلاثون موقعا.,1,1,1,"مدعوم: نعم
مطابق: نعم",0
w056,F,P3,['wiki_00949'],ترجع النقوش الصخرية إلى 4000-ق-م 8000-ق.م,1,1,1,"مدعوم: نعم
مطابق: نعم",0
w057,F,P3,['wiki_02594'],سعيد العلام,1,1,1,"مدعوم: نعم
مطابق: نعم",0
w058,F,P3,['wiki_02594'],جائزة كتارا للرواية العربية وفازت بها الرواية في عام 2020.,1,1,1,"مدعوم: نعم
مطابق: نعم",0
w059,F,P3,['wiki_01477'],بوليساريو اقترحت إشراك الصحراويين الذين تم إحصاؤهم من قبل الاستعمار الإسباني سنة 1974م.,1,1,1,"مدعوم: نعم
مطابق: نعم",0
w060,F,P3,['wiki_01477'],السلطات الإسبانية رحلت القبائل الصحراوية فـ1969م إلى إقليم واد نون في المغرب.,1,1,1,"مدعوم: نعم
مطابق: نعم",0
w061,F,P3,['wiki_00652'],13 مايو 1801,1,1,1,"مدعوم: نعم
مطابق: نعم",0
w062,F,P3,['wiki_00652'],湯姆斯·傑斐遜,1,1,1,"مدعوم: نعم
مطابق: نعم",0
w063,F,P3,['wiki_00873'],الزربية و الجلباب.,1,1,1,"مدعوم: نعم
مطابق: نعم",0
w064,F,P3,['wiki_00873'],"صناعة الفخار، الدباغة، ضياغة الحلي是非中文回答，以下是翻译后的回答：

这些已消失的工艺包括陶瓷制造、鞣制和珠宝制作。",1,1,1,"مدعوم: نعم
مطابق: نعم",0
w065,F,P3,['wiki_00622'],عاش الأمازيغ في منطقة الأطلس المتوسط في جماعات منعزلة ومغلقة، دون علاقات واضحة مع القبائل المجاورة.,1,1,1,"مدعوم: نعم
مطابق: نعم",0
w066,F,P3,['wiki_00622'],المعلومة غير متوفرة في النصوص,1,0,0,"مدعوم: لا
مطابق: لا",1
w067,F,P3,['wiki_00872'],الوحدة ديال التبريد لي كتحفظ التفاح في الريش كتحفظ 1600 طن.,0,1,1,"مدعوم: نعم
مطابق: نعم",0
w068,F,P3,['wiki_00872'],مدينة مكناس,0,1,1,"مدعوم: نعم
مطابق: نعم",0
w069,F,P3,['wiki_00193'],1500 متر,1,1,0,"مدعوم: نعم
مطابق: لا",0
w070,F,P3,['wiki_01791'],المعلومة غير متوفرة في النصوص,0,1,0,"مدعوم: نعم
مطابق: لا",1
w071,F,P3,['wiki_01791'],المعلومة غير متوفرة في النصوص,0,1,1,"مدعوم: نعم
مطابق: نعم",1
w072,F,P3,['wiki_01795'],1614 و1681,1,1,1,"مدعوم: نعم
مطابق: نعم",0
w073,F,P3,['wiki_02019'],يوليو - غشت 1947,1,1,1,"مدعوم: نعم
مطابق: نعم",0
w074,F,P3,['wiki_02015'],المعلومة غير متوفرة في النصوص,0,0,0,"مدعوم: لا
مطابق: لا",1
w075,F,P3,['wiki_01101'],تنتشر السلالة ديال البقر والماس زعير في كل من منطقة الرماني وزمور وزعير وقبائل زيان خاصة في منطقة مريرت.,1,1,1,"مدعوم: نعم
مطابق: نعم",0
w076,F,P3,['wiki_01101'],سنة 1981,1,1,1,"مدعوم: نعم
مطابق: نعم",0
w077,F,P3,['wiki_01101'],سلالة مكناس,1,0,1,"مدعوم: لا
مطابق: نعم",0
w078,F,P3,['wiki_00645'],مدينة الحاجب كاينة على ارتفاع 1200 متر فوق سطح البحر.,1,1,1,"مدعوم: نعم
مطابق: نعم",0
w079,F,P3,['wiki_00643'],تبعد مدينة الحاجب عن مكناس بمسافة 32 كلم.,0,1,1,"مدعوم: نعم
مطابق: نعم",0
w080,F,P3,['wiki_00645'],المغارة التي تشبه وجه الأسد,1,1,1,"مدعوم: نعم
مطابق: نعم",0
w081,F,P3,['wiki_01214'],المعلومة غير متوفرة في النصوص,0,0,0,"مدعوم: لا
مطابق: لا",1
w082,F,P3,['wiki_01216'],الأيام الثلاثة الأولى مخصصة للمحترفين، والأيام الثلاثة الأخرى مفتوحة لعامة الناس.,1,1,1,"مدعوم: نعم
مطابق: نعم",0
w083,F,P3,['wiki_01216'],"مساحة المعرض الدولي للفلاحة بالمغرب تبلغ 370,000 m2.",1,1,1,"مدعوم: نعم
مطابق: نعم",0
w084,F,P3,['wiki_02925'],السياحة,1,1,1,"مدعوم: نعم
مطابق: نعم",0
w085,F,P3,['wiki_02926'],المشاكل اللي كتعاني منها مدينة مرزوكة هي الغياب المتكرر للأساتذة ومرافق المدرسة المهمشة وعدم وجود مدارس إعدادية أو ثانوية.,0,1,0,"مدعوم: نعم
مطابق: لا",0
w086,F,P3,['wiki_01372'],تم افتتاحها سنة 2012.,1,1,1,"مدعوم: نعم
مطابق: نعم",0
w087,F,P3,['wiki_01372'],120 كيلومترًا.,1,1,1,"مدعوم: نعم
مطابق: نعم",0
w088,F,P3,['wiki_01372'],المساحة ديال المنطقة الحرة الأطلسية تقارب 500 هكتار.,1,1,1,"مدعوم: نعم
مطابق: نعم",0
w089,F,P3,['wiki_01161'],أُحدثت اللجنة الوطنية لمناخ الأعمال سنة 2009، ويرأسها رئيس الحكومة.,1,1,1,"مدعوم: نعم
مطابق: نعم",0
w090,F,P3,['wiki_01161'],"الcommittee's objective is to propose measures aimed at improving the legal and regulatory framework for business and coordinate their implementation, while evaluating their impact on relevant sectors.",1,1,1,"مدعوم: نعم
مطابق: نعم",0
w091,F,P3,['wiki_00904'],المعلومة غير متوفرة في النصوص,1,0,0,"مدعوم: لا
مطابق: لا",1
w092,F,P3,['wiki_00904'],مدينة مراكش كانت تعتبر أكبر وأهم مدينة أمازيغية في ذلك الوقت.,1,1,1,"مدعوم: نعم
مطابق: نعم",0
w093,F,P3,['wiki_00323'],المعلومة غير متوفرة في النصوص,0,0,0,"مدعوم: لا
مطابق: لا",1
w094,F,P3,['wiki_00324'],شنقيط,1,0,0,"مدعوم: لا
مطابق: لا",0
w095,F,P3,['wiki_02031'],2 كم,1,1,1,"مدعوم: نعم
مطابق: نعم",0
w096,F,P3,['wiki_00650'],مرسوم رقم 2.24.1122,1,1,0,"مدعوم: نعم
مطابق: لا",0
w097,F,P3,['wiki_00650'],توحيد الحد الأدنى للأجور بين القطاعات الفلاحية وغير الفلاحية خلال ثلاث سنوات,1,1,1,"مدعوم: نعم
مطابق: نعم",0
w098,F,P3,['wiki_01204'],المدرسة البوعنانية تبنيت في عامي 1350م و1355م.,1,0,0,"مدعوم: لا
مطابق: لا",0
w099,F,P3,['wiki_01204'],باب بوجلود هو المدخل الرئيسي ديال فاس البالي.,1,1,1,"مدعوم: نعم
مطابق: نعم",0
w100,F,P3,['wiki_01367'],المقاعد كاينة فطائرة بوينغ 767-300 هي 167 مقعد.,1,1,1,"مدعوم: نعم
مطابق: نعم",0
w101,F,P3,['wiki_02635'],المعلومة غير متوفرة في النصوص,0,1,1,"مدعوم: نعم
مطابق: نعم",1
w102,F,P3,['wiki_02640'],تفوق 39.6 درجة مئوية في فصل الصيف.,1,1,1,"مدعوم: نعم
مطابق: نعم",0
w103,F,P3,['wiki_02640'],واد الشارف واد تبودة وادي مسخسخة وادي وزين,1,1,1,"مدعوم: نعم
مطابق: نعم",0
w104,F,P3,['wiki_00431'],تداخل النزعة اللبرالية مع التوجيه الاقتصادي، إضافة إلى سياسة تجارية حمائية، وتدخل وازن للسلطات الحكومية في السياسات الاقتصادية والاجتماعية.,1,1,1,"مدعوم: نعم
مطابق: نعم",0
w105,F,P3,['wiki_00431'],أولى الأوراش الاقتصادية ديال أولى الحكومات المغربية من بعد الاستقلال تخص إرساء الاستقلالية الاقتصادية، لدولة خارجة للتو من الاستعمار.,1,1,1,"مدعوم: نعم
مطابق: نعم",0
w106,F,P3,['wiki_00565'],تأسس البنك المخزني المغربي سنة 1907 في طنجة.,1,1,1,"مدعوم: نعم
مطابق: نعم",0
w107,F,P3,['wiki_00565'],1955,1,0,0,"مدعوم: لا
مطابق: لا",0
w108,F,P3,['wiki_00692'],المؤتمر تم تنظيمه لتجنب التوتر و المناقشة حول وضع المغرب.,0,1,0,"مدعوم: نعم
مطابق: لا",0
w109,F,P3,['wiki_00738'],أحمد بن المهدي الغزال,1,1,1,"مدعوم: نعم
مطابق: نعم",0
w110,F,P3,['wiki_00738'],لتجديد الصلح بين الدولتين، وإطلاق صراح الأسرى الجزائريين بإسبانيا,1,1,1,"مدعوم: نعم
مطابق: نعم",0
w111,F,P3,['wiki_02472'],بعض يرجعها إلى اللغة الأمازيغية من كلمة «أصفراو» ويعني المنطقة المقعرة.,1,1,1,"مدعوم: نعم
مطابق: نعم",0
w112,F,P3,['wiki_02472'],كانوا ساكنين في الكهوف والمغارات.,1,1,1,"مدعوم: نعم
مطابق: نعم",0
w113,F,P3,['wiki_02472'],بلدة البهاليل,1,1,1,"مدعوم: نعم
مطابق: نعم",0
w114,F,P3,['wiki_01117'],القصر الصغير يقع على بعد 35 كلم من الطريق الرابطة بين طنجة وتطوان.,1,1,1,"مدعوم: نعم
مطابق: نعم",0
w115,F,P3,['wiki_01117'],مسجد، وحمام، ومركز تجاري.,1,1,1,"مدعوم: نعم
مطابق: نعم",0
w116,F,P3,['wiki_01117'],استولى الجيش البرتغالي على القصر الصغير في يوم 23 أكتوبر 1458م وقائد ال Invasion كان ألفونس الخامس.,1,1,1,"مدعوم: نعم
مطابق: نعم",0
w117,F,P3,['wiki_01242'],ألبرت حوراني,1,0,1,"مدعوم: لا
مطابق: نعم",0
w118,F,P3,['wiki_01242'],المحامِم والوزارات والجيش,1,0,0,"مدعوم: لا
مطابق: لا",0
w119,F,P3,['wiki_01894'],المساحة الإجمالية للقصبة المخزنية في تزنيت تبلغ 6704م² والأبراج فيها تبلغ 5.,1,1,1,"مدعوم: نعم
مطابق: نعم",0
w120,F,P3,['wiki_01894'],تنسب إلى القائد الحاحي محمد أغناج.,1,1,1,"مدعوم: نعم
مطابق: نعم",0
w121,F,P3,['wiki_02269'],نعم، كانت معروفة أوعبيد الله في العصر المريني.,1,1,1,"مدعوم: نعم
مطابق: نعم",0
w122,F,P3,['wiki_02787'],وفرة سمك الشابل والتون في أزمور.,1,1,1,"مدعوم: نعم
مطابق: نعم",0
w123,F,P3,['wiki_02787'],سنة 1476,1,1,1,"مدعوم: نعم
مطابق: نعم",0
w124,F,P3,['wiki_02319'],لقب عاصمة الشاوية,1,1,1,"مدعوم: نعم
مطابق: نعم",0
w125,F,P3,['wiki_02319'],83 كم,1,1,1,"مدعوم: نعم
مطابق: نعم",0
w126,F,P3,['wiki_02319'],الرمز ديال مدينة سطات هو الحصان.,1,1,1,"مدعوم: نعم
مطابق: نعم",0
w127,F,P3,['wiki_02319'],الارتفاع ديال سطات على سطح البحر هو 370 مترا.,1,1,1,"مدعوم: نعم
مطابق: نعم",0
w128,F,P3,['wiki_00186'],اللون لي دارو الموحدين شعار ديالهم هو البيضاء.,0,1,1,"مدعوم: نعم
مطابق: نعم",0
w129,F,P3,['wiki_00186'],المعلومة غير متوفرة في النصوص,0,1,1,"مدعوم: نعم
مطابق: نعم",1
w130,F,P3,['wiki_01857'],البسيطي أنكاد وتافرطة,0,0,0,"مدعوم: لا
مطابق: لا",0
w131,F,P3,['wiki_01845'],المعيشة ديال المهاجرين القاطنين بديار المهجر.,0,0,0,"مدعوم: لا
مطابق: لا",0
w132,F,P3,['wiki_02297'],وسط واحة كبيرة جنوب الأطلس الكبير.,1,1,1,"مدعوم: نعم
مطابق: نعم",0
w133,F,P3,['wiki_02297'],مدينة القيروان.,1,1,1,"مدعوم: نعم
مطابق: نعم",0
w134,F,P3,['wiki_02297'],سجلماسة تأسست سنة 140 هـ/757م من قبل عيسى بن يزيد الأسود.,1,1,1,"مدعوم: نعم
مطابق: نعم",0
w135,F,P3,['wiki_01432'],من 17% إلى 19%.,1,1,1,"مدعوم: نعم
مطابق: نعم",0
w136,F,P3,['wiki_01432'],ثمن الزبدة غلا 67 % فـ1983.,1,1,1,"مدعوم: نعم
مطابق: نعم",0
w137,F,P3,['wiki_01432'],الرسوم كانت 100 درهم.,1,1,1,"مدعوم: نعم
مطابق: نعم",0
w138,F,P3,['wiki_02057'],مصادر الدخل اللي اعتمدات عليهم جمهورية الريف هي: الزكاة، الغرامات، التبرعات، سحب الأراضي الزراعية، فداء الأسرى.,1,0,0,"مدعوم: لا
مطابق: لا",0
w139,F,P3,['wiki_02057'],المعلومة غير متوفرة في النصوص,1,1,0,"مدعوم: نعم
مطابق: لا",1
w140,F,P3,['wiki_02057'],سياسة سحب الأراضي الزراعية من من يعجز أو يتهاون في زرعها.,1,1,1,"مدعوم: نعم
مطابق: نعم",0
w141,F,P3,['wiki_00048'],عزيز أخنوش,1,1,1,"مدعوم: نعم
مطابق: نعم",0
w142,F,P3,['wiki_00048'],عبد الوافي لفتيت,1,1,1,"مدعوم: نعم
مطابق: نعم",0
w143,F,P3,['wiki_02467'],المعلومة غير متوفرة في النصوص,1,1,0,"مدعوم: نعم
مطابق: لا",1
w144,F,P3,['wiki_02467'],نشأ بمدينة نفيس.,1,1,1,"مدعوم: نعم
مطابق: نعم",0
w145,F,P3,['wiki_00600'],توفى التهامي المزواري الكلاوي سنة 1956. بعد وفاته، لم يتم ذكر من تولى منصبه في النصوص المقدمة.,0,0,0,"مدعوم: لا
مطابق: لا",0
w146,F,P3,['wiki_00602'],خمسة عشر سنة,1,1,1,"مدعوم: نعم
مطابق: نعم",0
w147,F,P3,['wiki_02939'],تدشين مستشفى القرب بأحفير تم في يوم 25 يوليوز 2024.,1,1,1,"مدعوم: نعم
مطابق: نعم",0
w148,F,P3,['wiki_02939'],خالد آيت الطالب,1,1,1,"مدعوم: نعم
مطابق: نعم",0
w149,F,P3,['wiki_01469'],七年,1,1,0,"مدعوم: نعم
مطابق: لا

ملاحظة: الإجابة المقدمة",0
w150,F,P3,['wiki_02705'],مهرجانها الثقافي الدولي,1,1,0,"مدعوم: نعم
مطابق: لا",0
w151,F,P3,['wiki_01062'],الاستغلال الذي فرض على الأمازيغ من خلال السيطرة على أراضيهم الفلاحية وفرض السخرة عليهم، واستخدام القوة لإخضاعهم.,1,1,1,"مدعوم: نعم
مطابق: نعم",0
w152,F,P3,['wiki_01062'],تاكفاريناس وأديمون,1,1,0,"مدعوم: نعم
مطابق: لا",0
w153,F,P3,['wiki_02491'],تأسس صندوق محمد السادس للاستثمار في عام 2021.,1,1,1,"مدعوم: نعم
مطابق: نعم",0
w154,F,P3,['wiki_02491'],المقر الرئيسي لصندوق محمد السادس للاستثمار كاين في مدينة الرباط.,1,1,1,"مدعوم: نعم
مطابق: نعم",0
w155,F,P3,['wiki_02491'],أُعلن عن صندوق محمد السادس للاستثمار في يوليوز 2020.,1,1,1,"مدعوم: نعم
مطابق: نعم",0
w156,F,P3,['wiki_02032'],المعلومة غير متوفرة في النصوص,0,1,1,"مدعوم: نعم
مطابق: نعم",1
w157,F,P3,['wiki_02034'],المعلومة غير متوفرة في النصوص,0,0,0,"مدعوم: لا
مطابق: لا",1
w158,F,P3,['wiki_02388'],ارتفعت الساكنة الحضرية من 13 إلى 17 مليون نسمة ما بين عامي 1992 و2004.,1,1,1,"مدعوم: نعم
مطابق: نعم",0
w159,F,P3,['wiki_00429'],المعلومة غير متوفرة في النصوص,0,0,0,"مدعوم: لا
مطابق: لا",1
w160,F,P3,['wiki_01320'],المعلومة غير متوفرة في النصوص,1,1,0,"مدعوم: نعم
مطابق: لا",1
w161,F,P3,['wiki_01320'],جِلد الإبل أو جِلد الماعز,1,0,0,"مدعوم: لا
مطابق: لا",0
w162,F,P3,['wiki_01320'],45 منشورًا,1,1,1,"مدعوم: نعم
مطابق: نعم",0
w163,F,P3,['wiki_01438'],5 ديسمبر 1952,0,1,1,"مدعوم: نعم
مطابق: نعم",0
w164,F,P3,['wiki_00725'],عاد محمد الخامس إلى المغرب عام 1955م.,0,0,0,"مدعوم: لا
مطابق: لا",0
w165,F,P3,['wiki_02347'],محمد توري,1,1,1,"مدعوم: نعم
مطابق: نعم",0
w166,F,P3,['wiki_02346'],أسكيا أش دار أسكيا فالفترة ديال الحكم ديالو.,0,0,0,"مدعوم: لا
مطابق: لا",0
w167,F,P3,['wiki_02958'],الأرياف أو الواحات أو القصور,0,0,0,"مدعوم: لا
مطابق: لا",0
w168,F,P3,['wiki_02959'],المعلومة غير متوفرة في النصوص,1,1,0,"مدعوم: نعم
مطابق: لا",1
w169,F,P3,['wiki_00475'],التجار العرب استقروا في الجهة الغربية من شعيب في الحي المعروف باسم حي القيروانيين.,1,0,0,"مدعوم: لا
مطابق: لا",0
w170,F,P3,['wiki_01735'],المعلومة غير متوفرة في النصوص,0,0,0,"مدعوم: لا
مطابق: لا",1
w171,F,P3,['wiki_00475'],-Smithiya li hayhayt at-taawir li jaaw min al-qiraawaan.,1,0,0,"مدعوم: لا
مطابق: لا",0
w172,F,P3,['wiki_02101'],أكتوبر 1955,1,1,1,"مدعوم: نعم
مطابق: نعم",0
w173,F,P3,['wiki_01997'],رجع السلطان محمد الخامس من المنفى في تاريخ 16 نونبر 1955.,0,1,1,"مدعوم: نعم
مطابق: نعم",0
w174,F,P3,['wiki_02142'],الأهداف لي تضربات فحرب المدن هي وجها لوجه أمام القوى الصليبية وضد الذين كانوا يساندونهم ببلاد المغرب العربي.,0,0,0,"مدعوم: لا
مطابق: لا",0
w175,F,P3,['wiki_02101'],2 مارس 1956,1,1,1,"مدعوم: نعم
مطابق: نعم",0
w176,F,P3,['wiki_00289'],جامعة الأخوين,1,1,1,"مدعوم: نعم
مطابق: نعم",0
w177,F,P3,['wiki_00289'],موارد الجاذبية السياحية ديال إفران هي المنتزه الوطني لإفران، والبحيرات، والمصادر، والشلالات، والمجالات الغابوية، ومحطة ميشليفن للتزلج.,1,1,1,"مدعوم: نعم
مطابق: نعم",0
w178,F,P3,['wiki_02081'],تأسس مركز المغرب العربي للدراسات الاستراتيجية في عام 1994.,1,1,1,"مدعوم: نعم
مطابق: نعم",0
w179,F,P3,['wiki_02792'],72%,1,0,0,"مدعوم: لا
مطابق: لا",0
w180,F,P3,['wiki_02792'],تنتمي أغلب وحدات صناعة التجميد إلى جنوب المغرب بسبب تطوير صيد الرخويات والصيد السطحي.,1,1,1,"مدعوم: نعم
مطابق: نعم",0
w181,F,P3,['wiki_02792'],القدرة الإنتاجية في اليوم الواحد هي حوالي 8300 طن.,1,1,1,"مدعوم: نعم
مطابق: نعم",0
w182,F,P3,['wiki_02792'],الاتحاد الأوروبي,1,1,1,"مدعوم: نعم
مطابق: نعم",0
w183,F,P3,['wiki_00270'],الكلوديوس,1,1,1,"مدعوم: نعم
مطابق: نعم",0
w184,F,P3,['wiki_00270'],في روما.,1,1,1,"مدعوم: نعم
مطابق: نعم",0
w185,F,P3,['wiki_00270'],شرشال,1,1,1,"مدعوم: نعم
مطابق: نعم",0
w186,F,P3,['wiki_01463'],كلياوباترا سيليني الثانية,1,1,1,"مدعوم: نعم
مطابق: نعم",0
w187,F,P3,['wiki_01463'],حكم بطليموس الموريطاني من 23 حتى 40.,1,1,1,"مدعوم: نعم
مطابق: نعم",0
w188,F,P3,['wiki_00051'],ساعتين و11 دقيقة و34 ثانية,1,1,1,"مدعوم: نعم
مطابق: نعم",0
w189,F,P3,['wiki_00051'],جائزة “قارئ العام للعالم العربي”.,1,1,1,"مدعوم: نعم
مطابق: نعم",0
w190,F,P3,['wiki_00670'],التخوف من القانون بسبب قسمته المغرب إلى عالمين متمايزين ومنفصلين انفصالا كليا.,1,1,1,"مدعوم: نعم
مطابق: نعم",0
w191,F,P3,['wiki_00670'],بلاد السيبة وبلاد المخزن,1,1,1,"مدعوم: نعم
مطابق: نعم",0
w192,F,P3,['wiki_01890'],بعد 690 كلم جنوب العاصمة الرباط و90 كلم جنوب مدينة أكادير.,1,1,1,"مدعوم: نعم
مطابق: نعم",0
w193,F,P3,['wiki_01890'],تشتهر تزنيت بصناعة وإنتاج المجوهرات الفضية، فكانت تُلقب بعاصمة الفضة.,1,1,1,"مدعوم: نعم
مطابق: نعم",0
w194,F,P3,['wiki_01890'],لاسمية تزنيت ترجع سمية مدينة تزنيت حسب الاعتقاد.,1,0,0,"مدعوم: لا
مطابق: لا",0
w195,F,P3,['wiki_01411'],حماية الادخار، وضمان شفافية وحسن سير الأسواق المالية، والمساهمة في تطويرها.,0,1,1,"مدعوم: نعم
مطابق: نعم",0
w196,F,P3,['wiki_01411'],المعلومة غير متوفرة في النصوص,0,1,0,"مدعوم: نعم
مطابق: لا",1
w197,F,P3,['wiki_00930'],سبعة سلاطين حكمو ما بين 1727 و1757.,1,1,1,"مدعوم: نعم
مطابق: نعم",0
w198,F,P3,['wiki_00930'],بويع ست مرات.,1,1,1,"مدعوم: نعم
مطابق: نعم",0
w199,F,P3,['wiki_01000'],المعلومة غير متوفرة في النصوص,1,1,0,"مدعوم: نعم
مطابق: لا",1
w200,F,P3,['wiki_00698'],"34,000 رجل",1,1,1,"مدعوم: نعم
مطابق: نعم",0
