qid,cond,context,answer,gold_in_context,generator,faithful,correct,judge_parsed,judge_raw,correct_oldjudge,faithful_oldjudge,judge_version,refused
w001,A,"['wiki_02359', 'wiki_00355', 'wiki_01293', 'wiki_01284', 'wiki_00442']",593 168 وحدة,1,MBZUAI-Paris/Atlas-Chat-9B,1,1,1,"مدعوم: نعم
مطابق: نعم",1,0,Atlas-Chat-9B/v2,0
w002,A,"['wiki_02359', 'wiki_00355', 'wiki_01492', 'wiki_00247', 'wiki_00583']",مصنع رينو-نيسان في طنجة.,1,MBZUAI-Paris/Atlas-Chat-9B,1,1,1,"مدعوم: نعم
مطابق: نعم",1,0,Atlas-Chat-9B/v2,0
w003,A,"['wiki_01012', 'wiki_01011', 'wiki_01297', 'wiki_01296', 'wiki_01417']","نسبة الطاقات المتجددة في توليد الكهرباء بالمغرب هي %13,6.",1,MBZUAI-Paris/Atlas-Chat-9B,0,0,1,"مدعوم: لا
مطابق: لا",0,0,Atlas-Chat-9B/v2,0
w004,A,"['wiki_01012', 'wiki_01297', 'wiki_01418', 'wiki_01011', 'wiki_01021']","نسبة الاعتماد على الطاقة الريحية تطورت من %2,8 سنة 2010 إلى %8,1 سنة 2015.",1,MBZUAI-Paris/Atlas-Chat-9B,1,1,1,"مدعوم: نعم
مطابق: نعم",1,0,Atlas-Chat-9B/v2,0
w005,A,"['wiki_01012', 'wiki_01011', 'wiki_01014', 'wiki_01255', 'wiki_00432']","بلغت انبعاثات ثاني أكسيد الكربون 1,6 طن للفرد الواحد في عام 2015.",1,MBZUAI-Paris/Atlas-Chat-9B,1,1,1,"مدعوم: نعم
مطابق: نعم",1,0,Atlas-Chat-9B/v2,0
w006,A,"['wiki_00564', 'chunk_011', 'wiki_00563', 'wiki_00453', 'wiki_00291']","معدل البطالة على المستوى الوطني خلال الفصل الثاني من سنة 2025 بلغ 12,8%.",1,MBZUAI-Paris/Atlas-Chat-9B,1,1,1,"مدعوم: نعم
مطابق: نعم",1,0,Atlas-Chat-9B/v2,0
w007,A,"['wiki_00564', 'wiki_01369', 'wiki_00290', 'wiki_00417', 'wiki_01408']",رئيس المندوبية السامية للتخطيط هو شكيب بنموسى.,1,MBZUAI-Paris/Atlas-Chat-9B,1,1,1,"مدعوم: نعم
مطابق: نعم",1,0,Atlas-Chat-9B/v2,0
w008,A,"['wiki_00564', 'chunk_011', 'wiki_00291', 'wiki_00453', 'wiki_00563']",معدل البطالة بالوسط القروي تطور من 10.5% في 2014 إلى 21.4% في 2024.,1,MBZUAI-Paris/Atlas-Chat-9B,1,1,1,"مدعوم: نعم
مطابق: نعم",1,0,Atlas-Chat-9B/v2,0
w009,A,"['wiki_02608', 'wiki_02609', 'wiki_01173', 'wiki_01361', 'wiki_00433']",المعلومة غير متوفرة في النصوص.,1,MBZUAI-Paris/Atlas-Chat-9B,0,0,1,"مدعوم: لا
مطابق: لا",1,0,Atlas-Chat-9B/v2,1
w010,A,"['wiki_02608', 'wiki_02609', 'wiki_02607', 'wiki_00578', 'wiki_01651']",عجز الموازنة العامة تراجع في 2017، فيما لم يكفِ التحسُّن الطفيف في الصادرات لتقليص عجز الميزان التجاري نظراً لزيادة الواردات.,1,MBZUAI-Paris/Atlas-Chat-9B,1,1,1,"مدعوم: نعم
مطابق: نعم",0,0,Atlas-Chat-9B/v2,0
w011,A,"['wiki_00563', 'wiki_00453', 'wiki_00564', 'chunk_011', 'wiki_02608']",نسبة البطالة لدى النساء بلغت 14.7% حسب تقرير البنك الدولي.,1,MBZUAI-Paris/Atlas-Chat-9B,1,1,1,"مدعوم: نعم
مطابق: نعم",1,0,Atlas-Chat-9B/v2,0
w012,A,"['wiki_02230', 'wiki_02227', 'wiki_02228', 'wiki_02229', 'wiki_02224']",قد فقدات الأوراق البنكية القديمة قدرتها الإبرائية منذ فاتح أبريل 1998.,1,MBZUAI-Paris/Atlas-Chat-9B,1,1,1,"مدعوم: نعم
مطابق: نعم",1,0,Atlas-Chat-9B/v2,0
w013,A,"['wiki_02230', 'wiki_02227', 'wiki_02228', 'wiki_02231', 'wiki_02224']",استمر تبديل هاد الأوراق البنكية، اللي انتهى تداولها القانوني وفقدت قدرتها الإبرائية من بعد 1 أبريل 1998، بلا حدود في شبابيك بنك المغرب حتى ل 31 دجنبر 2011.,1,MBZUAI-Paris/Atlas-Chat-9B,1,1,1,"مدعوم: نعم
مطابق: نعم",1,0,Atlas-Chat-9B/v2,0
w014,A,"['wiki_02691', 'wiki_02693', 'chunk_002', 'wiki_01303', 'wiki_02692']",حسب النصوص، عدد سكان المغرب سنة 2024 كان تقريباً 36.8 مليون نسمة.,1,MBZUAI-Paris/Atlas-Chat-9B,1,1,1,"مدعوم: نعم
مطابق: نعم",1,0,Atlas-Chat-9B/v2,0
w015,A,"['wiki_02691', 'wiki_00564', 'wiki_00582', 'wiki_00563', 'wiki_02607']","معدل التمدن في المغرب ارتفع من 29% سنة 1960 إلى 62,8% سنة 2024.",1,MBZUAI-Paris/Atlas-Chat-9B,1,1,1,"مدعوم: نعم
مطابق: نعم",1,0,Atlas-Chat-9B/v2,0
w016,A,"['wiki_02691', 'wiki_02194', 'wiki_00564', 'wiki_02693', 'wiki_02741']","معدل النمو السكاني خلال الفترة 2014-2024 كان 0,85%.",1,MBZUAI-Paris/Atlas-Chat-9B,1,1,1,"مدعوم: نعم
مطابق: نعم",1,0,Atlas-Chat-9B/v2,0
w017,A,"['wiki_01011', 'wiki_01012', 'wiki_01297', 'wiki_01020', 'wiki_01018']","نسبة الطاقات الأحفورية من استهلاك الطاقة الأولية سنة 2015 هي %88,8.",1,MBZUAI-Paris/Atlas-Chat-9B,1,1,1,"مدعوم: نعم
مطابق: نعم",1,0,Atlas-Chat-9B/v2,0
w018,A,"['wiki_01011', 'wiki_01297', 'wiki_00443', 'wiki_01020', 'wiki_01379']","الإنتاج الوطني من الطاقة الأولية يمثل 9,4% من احتياجات البلد.",1,MBZUAI-Paris/Atlas-Chat-9B,1,1,1,"مدعوم: نعم
مطابق: نعم",1,0,Atlas-Chat-9B/v2,0
w019,A,"['wiki_00436', 'wiki_00569', 'wiki_00426', 'wiki_01110', 'wiki_01106']",نسبة صادرات الفوسفاط ومشتقاته من مجموع الصادرات كانت 15% عام 2003.,1,MBZUAI-Paris/Atlas-Chat-9B,1,1,1,"مدعوم: نعم
مطابق: نعم",1,0,Atlas-Chat-9B/v2,0
w020,A,"['wiki_00448', 'wiki_00568', 'wiki_00436', 'wiki_01292', 'wiki_00435']",الواردات المغربية تتكون أساسا من المواد التجهيزية ومصادر الطاقة بنسبة تقارب 43٪، والمواد الغذائية بنسبة 21٪.,1,MBZUAI-Paris/Atlas-Chat-9B,1,1,1,"مدعوم: نعم
مطابق: نعم",0,0,Atlas-Chat-9B/v2,0
w021,A,"['wiki_01430', 'wiki_01654', 'wiki_00436', 'wiki_01292', 'wiki_01432']",نسبة تغطية الصادرات للواردات سنة 1983 كانت 55.8%.,1,MBZUAI-Paris/Atlas-Chat-9B,1,1,1,"مدعوم: نعم
مطابق: نعم",1,0,Atlas-Chat-9B/v2,0
w022,A,"['wiki_01430', 'wiki_01766', 'wiki_01476', 'wiki_01230', 'wiki_02521']",إنفاقات حرب الصحراء كانت كتكلف مليون دولار يوميا.,1,MBZUAI-Paris/Atlas-Chat-9B,1,1,1,"مدعوم: نعم
مطابق: نعم",1,0,Atlas-Chat-9B/v2,0
w023,A,"['wiki_00350', 'wiki_00574', 'wiki_00572', 'wiki_02967', 'wiki_00575']",اتفاقية التجارة الحرة بين المغرب والولايات المتحدة وقعات فـ15 يونيو 2004.,1,MBZUAI-Paris/Atlas-Chat-9B,1,1,1,"مدعوم: نعم
مطابق: نعم",1,0,Atlas-Chat-9B/v2,0
w024,A,"['wiki_00574', 'wiki_01284', 'wiki_00575', 'wiki_00569', 'wiki_00436']",نسبة ارتفعت صادرات المغرب من النسيج إلى الولايات المتحدة سنة 2006 هي %122.,1,MBZUAI-Paris/Atlas-Chat-9B,1,1,1,"مدعوم: نعم
مطابق: نعم",1,0,Atlas-Chat-9B/v2,0
w025,A,"['wiki_00574', 'wiki_00740', 'wiki_01269', 'wiki_00432', 'wiki_02967']",الاستثمارات الأمريكية في المغرب تتركز بشكل رئيسي في قطاعي السياحة والنسيج.,1,MBZUAI-Paris/Atlas-Chat-9B,1,1,1,"مدعوم: نعم
مطابق: نعم",1,0,Atlas-Chat-9B/v2,0
w026,A,"['wiki_01297', 'wiki_00682', 'wiki_00689', 'wiki_01770', 'wiki_01298']",المعلومة غير متوفرة في النصوص,1,MBZUAI-Paris/Atlas-Chat-9B,0,0,1,"مدعوم: لا
مطابق: لا",1,0,Atlas-Chat-9B/v2,1
w027,A,"['wiki_01021', 'wiki_01012', 'wiki_01011', 'wiki_01297', 'wiki_01013']",نسبة الفحم في توليد الكهرباء بالمغرب هي 54.3%.,1,MBZUAI-Paris/Atlas-Chat-9B,1,1,1,"مدعوم: نعم
مطابق: نعم",1,0,Atlas-Chat-9B/v2,0
w028,A,"['wiki_02790', 'wiki_02789', 'wiki_01372', 'wiki_01408', 'wiki_02611']",الأقطاب التنافسية الثلاثة هي في طنجة وأكادير والعيون.,1,MBZUAI-Paris/Atlas-Chat-9B,1,1,1,"مدعوم: نعم
مطابق: نعم",1,0,Atlas-Chat-9B/v2,0
w029,A,"['wiki_02790', 'wiki_01289', 'wiki_02783', 'wiki_02791', 'wiki_02795']",الناتج الداخلي الخام لقطاع الصيد البحري تطور بشكل إيجابي بين 2007 و2015، حيث ارتفع من 8.3 إلى 15 مليار درهم.,1,MBZUAI-Paris/Atlas-Chat-9B,1,1,1,"مدعوم: نعم
مطابق: نعم",1,0,Atlas-Chat-9B/v2,0
w030,A,"['wiki_02790', 'wiki_01289', 'wiki_02783', 'wiki_02791', 'wiki_02792']",إنتاج الصيد البحري بلغ حوالي 1.46 مليون طن بقيمة 11.5 مليار درهم سنة 2016.,1,MBZUAI-Paris/Atlas-Chat-9B,1,1,1,"مدعوم: نعم
مطابق: نعم",1,0,Atlas-Chat-9B/v2,0
w031,A,"['wiki_01281', 'wiki_00428', 'wiki_02608', 'wiki_00445', 'wiki_00412']","قطاع الخدمات ساهم ب 56,5% من الناتج المحلي الإجمالي سنة 2017.",1,MBZUAI-Paris/Atlas-Chat-9B,1,1,1,"مدعوم: نعم
مطابق: نعم",1,0,Atlas-Chat-9B/v2,0
w032,A,"['wiki_01281', 'wiki_02609', 'wiki_01361', 'wiki_02608', 'wiki_01312']",3.750 دولار أمريكي,1,MBZUAI-Paris/Atlas-Chat-9B,1,1,1,"مدعوم: نعم
مطابق: نعم",1,0,Atlas-Chat-9B/v2,0
w033,A,"['wiki_01281', 'wiki_01284', 'wiki_01312', 'wiki_00563', 'wiki_01279']",المغرب يَحتل المرتبة 107 في إنتاجية القوى العاملة حسب تقرير منظمة العمل الدولية لسنة 2023.,1,MBZUAI-Paris/Atlas-Chat-9B,1,1,1,"مدعوم: نعم
مطابق: نعم",1,0,Atlas-Chat-9B/v2,0
w034,A,"['wiki_02387', 'wiki_01379', 'wiki_01020', 'wiki_01380', 'wiki_01021']",إنتاج الطاقة الكهرمائية سنة 2004 بلغ 2700 مليون كيلواط.,1,MBZUAI-Paris/Atlas-Chat-9B,1,1,1,"مدعوم: نعم
مطابق: نعم",1,0,Atlas-Chat-9B/v2,0
w035,A,"['wiki_01379', 'wiki_02386', 'wiki_01378', 'wiki_01281', 'wiki_02411']",حصة المدارات المسقية في الناتج المحلي الخام بين 7% و10% حسب الحالة المائية للسنة.,1,MBZUAI-Paris/Atlas-Chat-9B,1,1,1,"مدعوم: نعم
مطابق: نعم",1,0,Atlas-Chat-9B/v2,0
w036,A,"['wiki_01377', 'wiki_02384', 'wiki_00436', 'wiki_01095', 'wiki_00428']",المغرب كيستورد ما بين 40% و60% من حاجياته من الحبوب حسب الحالة المناخية.,1,MBZUAI-Paris/Atlas-Chat-9B,1,1,1,"مدعوم: نعم
مطابق: نعم",1,0,Atlas-Chat-9B/v2,0
w037,A,"['wiki_00438', 'wiki_00439', 'wiki_01312', 'chunk_007', 'wiki_01814']",حوالي 34% من مجموع القوى العاملة في المغرب.,0,MBZUAI-Paris/Atlas-Chat-9B,1,0,1,"مدعوم: نعم
مطابق: لا",1,0,Atlas-Chat-9B/v2,0
w038,A,"['wiki_02635', 'wiki_02646', 'wiki_02645', 'wiki_02644', 'wiki_02643']",عدد سكان عين بني مطهر سنة 2014 كان 16289 نسمة.,1,MBZUAI-Paris/Atlas-Chat-9B,1,1,1,"مدعوم: نعم
مطابق: نعم",1,0,Atlas-Chat-9B/v2,0
w039,A,"['wiki_02646', 'wiki_02635', 'wiki_02643', 'wiki_02644', 'wiki_02645']",محطة القطارات بعين بني مطهر تسدات فعام 1995.,1,MBZUAI-Paris/Atlas-Chat-9B,1,1,1,"مدعوم: نعم
مطابق: نعم",1,0,Atlas-Chat-9B/v2,0
w040,A,"['wiki_00814', 'wiki_00813', 'wiki_02649', 'wiki_02333', 'wiki_01568']",عدد المؤسسات الابتدائية اللي استغلات خلال الموسم الدراسي 2009/2008 هو 435 مدرسة.,1,MBZUAI-Paris/Atlas-Chat-9B,1,1,1,"مدعوم: نعم
مطابق: نعم",1,0,Atlas-Chat-9B/v2,0
w041,A,"['wiki_01106', 'wiki_00584', 'wiki_00441', 'wiki_01011', 'wiki_00444']",المغرب تملك أعلى احتياطي للفوسفات في العالم، ويتوفر على %75 من الاحتياطي العالمي.,1,MBZUAI-Paris/Atlas-Chat-9B,1,1,1,"مدعوم: نعم
مطابق: نعم",1,0,Atlas-Chat-9B/v2,0
w042,A,"['wiki_01106', 'wiki_00617', 'wiki_00584', 'wiki_01650', 'wiki_00441']",الصين,1,MBZUAI-Paris/Atlas-Chat-9B,1,1,1,"مدعوم: نعم
مطابق: نعم",1,0,Atlas-Chat-9B/v2,0
w043,A,"['wiki_02193', 'wiki_02194', 'wiki_02187', 'wiki_02189', 'wiki_02188']","حسب الإحصاء العام للسكان والسكنى لسنة 2024 الصادر عن المندوبية السامية للتخطيط، بلغ عدد سكان جماعة خنيفرة 123,738 نسمة، مقابل 117,510 نسمة سنة 2014، أي بزيادة تقارب 5.3% خلال عشر سنوات.",1,MBZUAI-Paris/Atlas-Chat-9B,1,1,1,"مدعوم: نعم
مطابق: نعم",1,0,Atlas-Chat-9B/v2,0
w044,A,"['wiki_02194', 'wiki_02193', 'wiki_02202', 'wiki_02187', 'wiki_02188']",نسبة الفئة العمرية دون 15 سنة بإقليم خنيفرة هي 24.5%.,1,MBZUAI-Paris/Atlas-Chat-9B,1,1,1,"مدعوم: نعم
مطابق: نعم",1,0,Atlas-Chat-9B/v2,0
w045,A,"['wiki_01074', 'wiki_01070', 'wiki_01077', 'wiki_00955', 'wiki_00959']",باش يشجعو الاستثمارات والصادرات، ويساهمو فتمويل مشروع طرامواي الرباط - سلا.,1,MBZUAI-Paris/Atlas-Chat-9B,1,1,1,"مدعوم: نعم
مطابق: نعم",1,0,Atlas-Chat-9B/v2,0
w046,A,"['wiki_01662', 'wiki_01663', 'wiki_01304', 'wiki_02700', 'wiki_02693']",عدد الجماعات في المغرب بلغ 75 سنة 2009.,1,MBZUAI-Paris/Atlas-Chat-9B,0,0,1,"مدعوم: لا
مطابق: لا",0,0,Atlas-Chat-9B/v2,0
w047,A,"['wiki_02386', 'wiki_01378', 'wiki_02411', 'wiki_00595', 'wiki_00438']",تبلغ المساحة المسقية حاليا في المغرب 1050000 هكتار.,1,MBZUAI-Paris/Atlas-Chat-9B,1,1,1,"مدعوم: نعم
مطابق: نعم",1,0,Atlas-Chat-9B/v2,0
w048,A,"['wiki_01378', 'wiki_02386', 'wiki_02385', 'wiki_00633', 'wiki_02824']",الزراعة المسقية كتساهم في 75% من الصادرات الفلاحية.,1,MBZUAI-Paris/Atlas-Chat-9B,1,1,1,"مدعوم: نعم
مطابق: نعم",1,0,Atlas-Chat-9B/v2,0
w049,A,"['wiki_02226', 'wiki_02225', 'wiki_01486', 'wiki_01280', 'wiki_02609']",بنك المغرب وسع نطاق تقلب سعر الصرف إلى ±2.5٪ حول سعر الصرف المحوري.,1,MBZUAI-Paris/Atlas-Chat-9B,1,1,1,"مدعوم: نعم
مطابق: نعم",1,0,Atlas-Chat-9B/v2,0
w050,A,"['wiki_02609', 'wiki_01361', 'wiki_01418', 'wiki_01368', 'wiki_00415']",الهدف الحكومي هو خفض الدين العام إلى 60% من إجمالي الناتج المحلي بحلول عام 2021.,1,MBZUAI-Paris/Atlas-Chat-9B,1,1,1,"مدعوم: نعم
مطابق: نعم",1,0,Atlas-Chat-9B/v2,0
w051,A,"['wiki_01040', 'wiki_01981', 'wiki_01983', 'wiki_01035', 'wiki_01043']",ثورة الشيخ بوعمامة دامت ثماني وعشرين سنة.,1,MBZUAI-Paris/Atlas-Chat-9B,1,1,1,"مدعوم: نعم
مطابق: نعم",1,0,Atlas-Chat-9B/v2,0
w052,A,"['wiki_01040', 'wiki_02278', 'wiki_01444', 'wiki_01972', 'wiki_00620']",معركة تازينة وقعت فـ19 ماي 1881م.,1,MBZUAI-Paris/Atlas-Chat-9B,1,1,1,"مدعوم: نعم
مطابق: نعم",1,0,Atlas-Chat-9B/v2,0
w053,A,"['wiki_02950', 'wiki_02955', 'wiki_02954', 'wiki_02957', 'wiki_02956']",المزة تتكون من 6-8 أنواع من السلطات.,1,MBZUAI-Paris/Atlas-Chat-9B,1,1,1,"مدعوم: نعم
مطابق: نعم",1,0,Atlas-Chat-9B/v2,0
w054,A,"['wiki_02950', 'wiki_02954', 'wiki_02953', 'wiki_02955', 'wiki_02956']",كانت السلطات تُتبّل بالفلفل وزيت الزيتون والكمون، كما استُخدم الخل أيضًا تحت تأثير المطبخ الفرنسي.,1,MBZUAI-Paris/Atlas-Chat-9B,1,1,1,"مدعوم: نعم
مطابق: نعم",1,0,Atlas-Chat-9B/v2,0
w055,A,"['wiki_00949', 'wiki_00200', 'wiki_00948', 'wiki_00936', 'wiki_00943']",أكثر من أربعة وثلاثين موقع.,1,MBZUAI-Paris/Atlas-Chat-9B,1,1,1,"مدعوم: نعم
مطابق: نعم",1,0,Atlas-Chat-9B/v2,0
w056,A,"['wiki_00949', 'wiki_00948', 'wiki_02671', 'wiki_01773', 'wiki_02497']",النقوش الصخرية بالسمارة كتعود لفترة ما قبل التاريخ، وبعضها كيرجع لـ4000-8000 قبل الميلاد.,1,MBZUAI-Paris/Atlas-Chat-9B,1,1,1,"مدعوم: نعم
مطابق: نعم",1,0,Atlas-Chat-9B/v2,0
w057,A,"['wiki_02594', 'wiki_02596', 'wiki_02597', 'wiki_02595', 'wiki_00043']",الدكتور سعيد العلام.,1,MBZUAI-Paris/Atlas-Chat-9B,1,1,1,"مدعوم: نعم
مطابق: نعم",1,0,Atlas-Chat-9B/v2,0
w058,A,"['wiki_02594', 'wiki_02596', 'wiki_02597', 'wiki_02595', 'wiki_00059']",فازت رواية عذراء غرناطة بجائزة كتارا للرواية العربية في صنف الرواية غير المنشورة، سنة 2020.,1,MBZUAI-Paris/Atlas-Chat-9B,1,1,1,"مدعوم: نعم
مطابق: نعم",1,0,Atlas-Chat-9B/v2,0
w059,A,"['wiki_01477', 'wiki_01476', 'wiki_00366', 'wiki_01267', 'wiki_01478']",البوليساريو اقترح إشراك الصحراويين اللي دارهم الإسبان إحصاء ليهم فعام 1974م.,1,MBZUAI-Paris/Atlas-Chat-9B,1,1,1,"مدعوم: نعم
مطابق: نعم",1,0,Atlas-Chat-9B/v2,0
w060,A,"['wiki_01477', 'wiki_00301', 'wiki_01659', 'wiki_01266', 'wiki_01252']",إقليم واد نون في المغرب,1,MBZUAI-Paris/Atlas-Chat-9B,1,1,1,"مدعوم: نعم
مطابق: نعم",1,0,Atlas-Chat-9B/v2,0
w061,A,"['wiki_02133', 'wiki_00652', 'wiki_00651', 'wiki_02130', 'wiki_02129']",13 مايو 1801,1,MBZUAI-Paris/Atlas-Chat-9B,1,1,1,"مدعوم: نعم
مطابق: نعم",1,0,Atlas-Chat-9B/v2,0
w062,A,"['wiki_00651', 'wiki_00652', 'wiki_02130', 'wiki_02124', 'wiki_00653']",الحرب بدات فعهد الرئيس توماس جيفرسون.,1,MBZUAI-Paris/Atlas-Chat-9B,1,1,1,"مدعوم: نعم
مطابق: نعم",1,0,Atlas-Chat-9B/v2,0
w063,A,"['wiki_00873', 'wiki_00879', 'wiki_00871', 'wiki_00878', 'wiki_00872']",الصناعات التقليدية ديال مركز الريش كتشمل الزربية، الجلباب، صناعة الفخار، الدباغة، وصياغة الحلي.,1,MBZUAI-Paris/Atlas-Chat-9B,1,0,1,"مدعوم: نعم
مطابق: لا",0,0,Atlas-Chat-9B/v2,0
w064,A,"['wiki_00873', 'wiki_00879', 'wiki_00868', 'wiki_00875', 'wiki_00869']",الصناعات اللي انقرضت في منطقة الريش هي: صناعة الفخار، الدباغة، وصياغة الحلي.,1,MBZUAI-Paris/Atlas-Chat-9B,1,1,1,"مدعوم: نعم
مطابق: نعم",1,0,Atlas-Chat-9B/v2,0
w065,A,"['wiki_00622', 'wiki_01357', 'wiki_02895', 'wiki_00193', 'wiki_00195']",الأمازيغ في منطقة الأطلس المتوسط عاشوا في جماعات منعزلة ومغلقة، بخلاف ما افترضه بعض المستكشفين الأوروبيين. كل قبيلة كيان مستقل بخصوصياتها، دون علاقات واضحة حتى مع القبائل المجاورة.,1,MBZUAI-Paris/Atlas-Chat-9B,1,1,1,"مدعوم: نعم
مطابق: نعم",1,0,Atlas-Chat-9B/v2,0
w066,A,"['wiki_00622', 'wiki_01061', 'wiki_01714', 'wiki_02180', 'wiki_01062']",لا، المعلومة غير متوفرة في النصوص.,1,MBZUAI-Paris/Atlas-Chat-9B,0,0,1,"مدعوم: لا
مطابق: لا",1,0,Atlas-Chat-9B/v2,1
w067,A,"['wiki_00872', 'wiki_00879', 'wiki_02825', 'wiki_02793', 'wiki_00871']",سعة وحدة التبريد المخصصة للحفاظ على التفاح بالريش هي 1600 طن.,1,MBZUAI-Paris/Atlas-Chat-9B,1,1,1,"مدعوم: نعم
مطابق: نعم",1,0,Atlas-Chat-9B/v2,0
w068,A,"['wiki_00879', 'wiki_00872', 'wiki_01101', 'wiki_00873', 'wiki_00878']",فائض إنتاج تعاونية الحليب بالريش كيتم تسويقو فمدينة مكناس.,1,MBZUAI-Paris/Atlas-Chat-9B,1,1,1,"مدعوم: نعم
مطابق: نعم",1,0,Atlas-Chat-9B/v2,0
w069,A,"['wiki_01254', 'wiki_01253', 'wiki_00193', 'chunk_058', 'wiki_00797']",درجات الحرارة كتنخفض بشكل ملحوظ في المرتفعات اللي كتفوت 1500 متر في الأطلس المتوسط الشرقي.,1,MBZUAI-Paris/Atlas-Chat-9B,1,1,1,"مدعوم: نعم
مطابق: نعم",1,0,Atlas-Chat-9B/v2,0
w070,A,"['wiki_01791', 'wiki_01797', 'wiki_01796', 'wiki_02002', 'wiki_01792']","الإسبان سماو موقع المهدية باسم ""المعمورة"".",0,MBZUAI-Paris/Atlas-Chat-9B,0,0,1,"مدعوم: لا
مطابق: لا",0,0,Atlas-Chat-9B/v2,0
w071,A,"['wiki_01791', 'wiki_01796', 'wiki_01795', 'wiki_01797', 'wiki_01510']",الإسبان ثبتوا حامية عسكرية ب 1500 جندي في حامية المهدية.,1,MBZUAI-Paris/Atlas-Chat-9B,1,1,1,"مدعوم: نعم
مطابق: نعم",1,0,Atlas-Chat-9B/v2,0
w072,A,"['wiki_01795', 'wiki_01793', 'wiki_01794', 'wiki_01952', 'wiki_01347']",الوجود الإسباني في المعمورة امتد بين 1614 و1681.,1,MBZUAI-Paris/Atlas-Chat-9B,1,1,1,"مدعوم: نعم
مطابق: نعم",1,0,Atlas-Chat-9B/v2,0
w073,A,"['wiki_02019', 'wiki_02017', 'wiki_01953', 'wiki_02015', 'wiki_02021']",مركز المراقب المدني تم خلقو بجرادة في يوليوز-غشت 1947.,1,MBZUAI-Paris/Atlas-Chat-9B,1,1,1,"مدعوم: نعم
مطابق: نعم",1,0,Atlas-Chat-9B/v2,0
w074,A,"['wiki_02015', 'wiki_02016', 'wiki_02017', 'wiki_02020', 'wiki_02019']",الجماعة كانت تتألف من منتخبين مختارين من قبل رؤساء العائلات حسب الانتماء الإثني لكل مجموعة قبيلة,1,MBZUAI-Paris/Atlas-Chat-9B,1,1,1,"مدعوم: نعم
مطابق: نعم",1,0,Atlas-Chat-9B/v2,0
w075,A,"['wiki_01101', 'wiki_01103', 'wiki_01102', 'wiki_01878', 'wiki_00920']",سلالة الأبقار والماس زعير تنتشر في منطقة الرماني وزمور وزعير وقبائل زيان خاصة في منطقة مريرت.,1,MBZUAI-Paris/Atlas-Chat-9B,1,1,1,"مدعوم: نعم
مطابق: نعم",1,0,Atlas-Chat-9B/v2,0
w076,A,"['wiki_01101', 'wiki_02814', 'wiki_02812', 'wiki_02243', 'wiki_01671']",تم اكتشاف سلالة تيديلي في سنة 1981.,1,MBZUAI-Paris/Atlas-Chat-9B,1,1,1,"مدعوم: نعم
مطابق: نعم",1,0,Atlas-Chat-9B/v2,0
w077,A,"['wiki_01101', 'wiki_01103', 'wiki_01102', 'wiki_00920', 'wiki_01099']",سلالة مكناس هي اللي موجهة إلى إنتاج الحليب بدون منازع.,1,MBZUAI-Paris/Atlas-Chat-9B,1,1,1,"مدعوم: نعم
مطابق: نعم",1,0,Atlas-Chat-9B/v2,0
w078,A,"['wiki_00645', 'wiki_00643', 'wiki_00646', 'wiki_00647', 'wiki_00644']",مدينة الحاجب تقع على ارتفاع 1200 متر فوق سطح البحر.,1,MBZUAI-Paris/Atlas-Chat-9B,1,1,1,"مدعوم: نعم
مطابق: نعم",1,0,Atlas-Chat-9B/v2,0
w079,A,"['wiki_00643', 'wiki_00645', 'wiki_00646', 'wiki_00647', 'wiki_00644']",مدينة الحاجب كاينة على بعد 32 كيلومتر جنوب مدينة مكناس.,1,MBZUAI-Paris/Atlas-Chat-9B,1,1,1,"مدعوم: نعم
مطابق: نعم",1,0,Atlas-Chat-9B/v2,0
w080,A,"['wiki_00643', 'wiki_00645', 'wiki_00646', 'wiki_00648', 'wiki_00767']",أشهر مغارة بمدينة الحاجب هي مغارة عين ذهيبة.,1,MBZUAI-Paris/Atlas-Chat-9B,0,0,1,"مدعوم: لا
مطابق: لا",0,0,Atlas-Chat-9B/v2,0
w081,A,"['wiki_01214', 'wiki_01216', 'wiki_01215', 'wiki_01104', 'wiki_01217']",المعرض الدولي للفلاحة بالمغرب كيدوم 6 أيام كل عام.,1,MBZUAI-Paris/Atlas-Chat-9B,1,1,1,"مدعوم: نعم
مطابق: نعم",1,0,Atlas-Chat-9B/v2,0
w082,A,"['wiki_01216', 'wiki_01214', 'wiki_01215', 'wiki_01217', 'wiki_01104']",الأيام الثلاثة الأولى مخصصة للمحترفين، والأيام الثلاثة الأخرى مفتوحة لعامة الناس.,1,MBZUAI-Paris/Atlas-Chat-9B,1,1,1,"مدعوم: نعم
مطابق: نعم",1,0,Atlas-Chat-9B/v2,0
w083,A,"['wiki_01214', 'wiki_01216', 'wiki_01215', 'wiki_01217', 'wiki_01104']","مساحة المعرض هي 370,000 متر مربع.",1,MBZUAI-Paris/Atlas-Chat-9B,1,1,1,"مدعوم: نعم
مطابق: نعم",1,0,Atlas-Chat-9B/v2,0
w084,A,"['wiki_02924', 'wiki_02926', 'wiki_02294', 'wiki_02927', 'wiki_02925']",اقتصاد مدينة مرزوكة كيعتمد بشكل كبير على السياحة.,1,MBZUAI-Paris/Atlas-Chat-9B,1,1,1,"مدعوم: نعم
مطابق: نعم",1,0,Atlas-Chat-9B/v2,0
w085,A,"['wiki_02924', 'wiki_02926', 'wiki_02927', 'wiki_01941', 'wiki_02925']",مدينة مرزوكة كتعاني من عدة مشاكل، منها: ضعف الخدمات، نقص في قنوات الصرف الصحي، انتشار الروائح الكريهة، ضعف في قطاع الصحة، غياب الأطر الطبية ونقص في الأدوية، وغياب مدرسة إعدادية أو ثانوية.,1,MBZUAI-Paris/Atlas-Chat-9B,1,1,1,"مدعوم: نعم
مطابق: نعم",1,1,Atlas-Chat-9B/v2,0
w086,A,"['wiki_01372', 'wiki_01373', 'wiki_00350', 'wiki_00572', 'wiki_01071']",تم افتتاح المنطقة الحرة الأطلسية سنة 2012.,1,MBZUAI-Paris/Atlas-Chat-9B,1,1,1,"مدعوم: نعم
مطابق: نعم",1,0,Atlas-Chat-9B/v2,0
w087,A,"['wiki_01372', 'wiki_00778', 'wiki_00796', 'wiki_00424', 'wiki_01373']",المنطقة الحرة الأطلسية كاينة على بعد حوالي 120 كيلومتر من الدار البيضاء.,1,MBZUAI-Paris/Atlas-Chat-9B,1,1,1,"مدعوم: نعم
مطابق: نعم",1,0,Atlas-Chat-9B/v2,0
w088,A,"['wiki_01372', 'wiki_01373', 'wiki_00707', 'wiki_00468', 'wiki_01141']",مساحة المنطقة الحرة الأطلسية تقارب 500 هكتار.,1,MBZUAI-Paris/Atlas-Chat-9B,1,1,1,"مدعوم: نعم
مطابق: نعم",1,0,Atlas-Chat-9B/v2,0
w089,A,"['wiki_01161', 'wiki_01162', 'wiki_01163', 'wiki_00508', 'wiki_00455']",أُحدثت اللجنة الوطنية لمناخ الأعمال سنة 2009، ويرأسها رئيس الحكومة.,1,MBZUAI-Paris/Atlas-Chat-9B,1,1,1,"مدعوم: نعم
مطابق: نعم",1,0,Atlas-Chat-9B/v2,0
w090,A,"['wiki_01161', 'wiki_01162', 'wiki_01163', 'wiki_00455', 'wiki_00456']",الهدف من اللجنة الوطنية لمناخ الأعمال هو اقتراح التدابير الرامية إلى تحسين الإطار القانوني والتنظيمي للأعمال، وتنسيق تنفيذها، وتقييم أثرها على القطاعات المعنية.,1,MBZUAI-Paris/Atlas-Chat-9B,1,1,1,"مدعوم: نعم
مطابق: نعم",1,0,Atlas-Chat-9B/v2,0
w091,A,"['wiki_01715', 'wiki_01768', 'wiki_01783', 'wiki_01267', 'wiki_01251']",آه، المغرب كان تحت السيادة العثمانية.,0,MBZUAI-Paris/Atlas-Chat-9B,0,0,1,"مدعوم: لا
مطابق: لا",0,0,Atlas-Chat-9B/v2,0
w092,A,"['wiki_02700', 'wiki_02702', 'wiki_00904', 'wiki_00196', 'wiki_02187']",مراكش,1,MBZUAI-Paris/Atlas-Chat-9B,1,1,1,"مدعوم: نعم
مطابق: نعم",1,0,Atlas-Chat-9B/v2,0
w093,A,"['wiki_00323', 'wiki_00324', 'wiki_00325', 'wiki_01660', 'wiki_01658']",إقليم شنقيط يتبع لموريتانيا منذ إستقلالها عن فرنسا سنة 1960.,1,MBZUAI-Paris/Atlas-Chat-9B,1,1,1,"مدعوم: نعم
مطابق: نعم",1,0,Atlas-Chat-9B/v2,0
w094,A,"['wiki_00324', 'wiki_00325', 'wiki_01329', 'wiki_01252', 'wiki_00930']",حسب الحجج التاريخية، سيادة سلاطين المغرب امتدت إلى نهر السنغال.,1,MBZUAI-Paris/Atlas-Chat-9B,1,1,1,"مدعوم: نعم
مطابق: نعم",1,0,Atlas-Chat-9B/v2,0
w095,A,"['wiki_02031', 'wiki_00901', 'wiki_02030', 'wiki_02675', 'wiki_00802']",سوق خميس تمسمان يبعد 2 كم من وسط المدينة الصغيرة (كرونا).,1,MBZUAI-Paris/Atlas-Chat-9B,1,1,1,"مدعوم: نعم
مطابق: نعم",1,0,Atlas-Chat-9B/v2,0
w096,A,"['wiki_00650', 'wiki_00649', 'wiki_01378', 'wiki_00615', 'wiki_02385']",المصادقة على الزيادة الأخيرة في الأجر الفلاحي تمت بموجب المرسوم رقم 2.24.1122 في 26 ديسمبر 2024.,1,MBZUAI-Paris/Atlas-Chat-9B,1,1,1,"مدعوم: نعم
مطابق: نعم",1,0,Atlas-Chat-9B/v2,0
w097,A,"['wiki_00650', 'wiki_00373', 'wiki_02973', 'wiki_01489', 'wiki_02863']",اتفاق أبريل 2011 نص على توحيد الحد الأدنى للأجور بين القطاعات الفلاحية وغير الفلاحية خلال ثلاث سنوات.,1,MBZUAI-Paris/Atlas-Chat-9B,1,1,1,"مدعوم: نعم
مطابق: نعم",1,0,Atlas-Chat-9B/v2,0
w098,A,"['wiki_01204', 'wiki_01203', 'wiki_00487', 'wiki_00474', 'wiki_00793']",المدرسة البوعنانية تبنات ما بين عامي 1350م و1355م.,1,MBZUAI-Paris/Atlas-Chat-9B,1,1,1,"مدعوم: نعم
مطابق: نعم",1,0,Atlas-Chat-9B/v2,0
w099,A,"['wiki_01204', 'wiki_01203', 'wiki_01205', 'wiki_01453', 'wiki_01614']",باب بوجلود يعد من أهم أسوار المدينة، ومدخل رئيسي لها، حيث موقعه في الجهة الشمالية الغربية للمدينة بالقرب من المحطة الطرقية، وهو نموذج للآثار المغربية التي قاومت عوامل الطبيعة منذ أحقاب.,1,MBZUAI-Paris/Atlas-Chat-9B,1,1,1,"مدعوم: نعم
مطابق: نعم",1,0,Atlas-Chat-9B/v2,0
w100,A,"['wiki_01367', 'wiki_01366', 'wiki_00451', 'wiki_00810', 'wiki_00445']",المحاطة ديال الطيارة هي 167 مقعد.,1,MBZUAI-Paris/Atlas-Chat-9B,1,1,1,"مدعوم: نعم
مطابق: نعم",1,0,Atlas-Chat-9B/v2,0
w101,A,"['wiki_02640', 'wiki_02635', 'wiki_02646', 'wiki_02644', 'wiki_02641']",كمية التساقطات السنوية بمدينة عين بني مطهر ما تتعدىش 200 ملم.,1,MBZUAI-Paris/Atlas-Chat-9B,1,1,1,"مدعوم: نعم
مطابق: نعم",1,0,Atlas-Chat-9B/v2,0
w102,A,"['wiki_02640', 'wiki_02635', 'wiki_02204', 'wiki_02641', 'wiki_01065']",درجة الحرارة في فصل الصيف بعين بني مطهر تتجاوز 39.6 درجة مئوية.,1,MBZUAI-Paris/Atlas-Chat-9B,1,1,1,"مدعوم: نعم
مطابق: نعم",1,0,Atlas-Chat-9B/v2,0
w103,A,"['wiki_02640', 'wiki_02635', 'wiki_02644', 'wiki_02643', 'wiki_02646']",أبرز أودية عين بني مطهر هي: واد الشارف، واد تبودة، وادي مسخسخة، وادي وزين.,1,MBZUAI-Paris/Atlas-Chat-9B,1,1,1,"مدعوم: نعم
مطابق: نعم",1,0,Atlas-Chat-9B/v2,0
w104,A,"['wiki_00431', 'wiki_01650', 'wiki_00430', 'wiki_00427', 'wiki_01430']",النموذج الاقتصادي المغربي بين 1956 و1982 كان مختلط، تداخل فيه النزعة اللبرالية مع التوجيه الاقتصادي، وسياسة تجارية حمائية، وتدخل وازن للسلطات الحكومية في السياسات الاقتصادية والاجتماعية.,1,MBZUAI-Paris/Atlas-Chat-9B,1,1,1,"مدعوم: نعم
مطابق: نعم",1,0,Atlas-Chat-9B/v2,0
w105,A,"['wiki_00431', 'wiki_00430', 'wiki_00461', 'wiki_01650', 'wiki_01997']",أولى الأوراش الاقتصادية لأولى الحكومات المغربية بعد الاستقلال كانت إرساء الاستقلالية الاقتصادية، لدولة خارجة للتو من الاستعمار، وذلك عبر إصدار العملة الوطنية، وخلق مؤسسات الوصاية والتوجيه الاقتصادي، وإرساء نظام بنكي عصري.,1,MBZUAI-Paris/Atlas-Chat-9B,1,1,1,"مدعوم: نعم
مطابق: نعم",1,0,Atlas-Chat-9B/v2,0
w106,A,"['wiki_00565', 'wiki_01491', 'wiki_01490', 'wiki_01486', 'wiki_02224']",البنك المخزني المغربي تأسس فعام 1907 فطنجة، المغرب.,1,MBZUAI-Paris/Atlas-Chat-9B,1,1,1,"مدعوم: نعم
مطابق: نعم",1,0,Atlas-Chat-9B/v2,0
w107,A,"['wiki_00565', 'wiki_01490', 'wiki_01486', 'wiki_01491', 'wiki_01489']",البنك المخزني المغربي قام بدور البنك المركزي للدولة المغربية حتى سنة 1959.,1,MBZUAI-Paris/Atlas-Chat-9B,1,1,1,"مدعوم: نعم
مطابق: نعم",1,0,Atlas-Chat-9B/v2,0
w108,A,"['wiki_02856', 'wiki_00717', 'wiki_00719', 'wiki_00716', 'wiki_00692']",السبب الرئيسي لتنظيم مؤتمر الجزيرة الخضراء سنة 1906 كان باش يحلو الأزمة المغربية الأولى بين فرنسا وألمانيا، اللي وقعات ف 1905، فين ألمانيا ردات على جهود فرنسا باش تدير محمية على المغرب المستقل.,0,MBZUAI-Paris/Atlas-Chat-9B,0,0,1,"مدعوم: لا
مطابق: لا",1,0,Atlas-Chat-9B/v2,0
w109,A,"['wiki_00738', 'wiki_00737', 'wiki_00734', 'wiki_00735', 'wiki_01362']",السفير الثاني كان أحمد بن المهدي الغزال.,1,MBZUAI-Paris/Atlas-Chat-9B,1,1,1,"مدعوم: نعم
مطابق: نعم",1,0,Atlas-Chat-9B/v2,0
w110,A,"['wiki_00738', 'wiki_00737', 'wiki_00579', 'wiki_01126', 'wiki_01347']",محمد بن عثمان المكناسي زار إسبانيا كسفير للسلطان محمد الثالث باش يوقع معاه العاهل الإسباني كارلوس الثالث معاهدة لتجديد الصلح بين الدولتين وإطلاق سراح الأسرى الجزائريين.,1,MBZUAI-Paris/Atlas-Chat-9B,1,1,1,"مدعوم: نعم
مطابق: نعم",1,0,Atlas-Chat-9B/v2,0
w111,A,"['wiki_02472', 'wiki_00114', 'wiki_02730', 'wiki_00070', 'wiki_00139']",كلمة أصفراو الأمازيغية كتعني المنطقة المقعرة.,1,MBZUAI-Paris/Atlas-Chat-9B,1,1,1,"مدعوم: نعم
مطابق: نعم",1,0,Atlas-Chat-9B/v2,0
w112,A,"['wiki_02472', 'wiki_02471', 'wiki_02479', 'wiki_02481', 'wiki_02476']",قطن سكان صفرو الأوائل الكهوف والمغارات، التي ما يزال بعضها قائما إلى الآن مثل كهف المومن وكهف البقرة وكهف الغولة.,1,MBZUAI-Paris/Atlas-Chat-9B,1,1,1,"مدعوم: نعم
مطابق: نعم",1,0,Atlas-Chat-9B/v2,0
w113,A,"['wiki_02472', 'wiki_02481', 'wiki_02477', 'wiki_02479', 'wiki_00127']",البلدة المجاورية لصفرو لي ما زال بعض سكانها يستقرون في الكهوف هي البهاليل.,1,MBZUAI-Paris/Atlas-Chat-9B,1,1,1,"مدعوم: نعم
مطابق: نعم",1,0,Atlas-Chat-9B/v2,0
w114,A,"['wiki_01117', 'wiki_01119', 'wiki_01133', 'wiki_01120', 'wiki_01135']",35 كلم,1,MBZUAI-Paris/Atlas-Chat-9B,1,1,1,"مدعوم: نعم
مطابق: نعم",1,0,Atlas-Chat-9B/v2,0
w115,A,"['wiki_01117', 'wiki_01123', 'wiki_01118', 'wiki_00079', 'wiki_01119']",موقع القصر الصغير يزخر ببقايا أثرية تتمثل في مسجد، وحمام، ومركز تجاري تعود إلى فترات تاريخية تمتد من القرن 12 الميلادي إلى غاية القرن 14 الميلادي.,1,MBZUAI-Paris/Atlas-Chat-9B,1,1,1,"مدعوم: نعم
مطابق: نعم",1,0,Atlas-Chat-9B/v2,0
w116,A,"['wiki_01117', 'wiki_01118', 'wiki_00152', 'wiki_01330', 'wiki_01794']",في يوم 23 أكتوبر 1458م، استولى الجيش البرتغالي بقيادة ألفونس الخامس على القصر الصغير.,1,MBZUAI-Paris/Atlas-Chat-9B,1,1,1,"مدعوم: نعم
مطابق: نعم",1,0,Atlas-Chat-9B/v2,0
w117,A,"['wiki_01242', 'wiki_02220', 'wiki_00050', 'wiki_00183', 'wiki_02903']",ألبرت حوراني,1,MBZUAI-Paris/Atlas-Chat-9B,1,1,1,"مدعوم: نعم
مطابق: نعم",1,0,Atlas-Chat-9B/v2,0
w118,A,"['wiki_01242', 'wiki_01228', 'wiki_00641', 'wiki_01243', 'wiki_00480']",المحاكِم والوزارات والجيش,1,MBZUAI-Paris/Atlas-Chat-9B,1,1,1,"مدعوم: نعم
مطابق: نعم",1,0,Atlas-Chat-9B/v2,0
w119,A,"['wiki_01086', 'wiki_01894', 'wiki_01897', 'wiki_01892', 'wiki_02455']",المساحة الإجمالية للقصبة المخزنية بتزنيت هي 6704م² وعدد أبراجها 5.,1,MBZUAI-Paris/Atlas-Chat-9B,1,1,1,"مدعوم: نعم
مطابق: نعم",1,0,Atlas-Chat-9B/v2,0
w120,A,"['wiki_01892', 'wiki_02712', 'wiki_01890', 'wiki_01894', 'wiki_01190']",تنسب إلى القائد الحاحي محمد أغناج.,1,MBZUAI-Paris/Atlas-Chat-9B,1,1,1,"مدعوم: نعم
مطابق: نعم",1,0,Atlas-Chat-9B/v2,0
w121,A,"['wiki_02269', 'wiki_02268', 'wiki_01458', 'wiki_00186', 'wiki_00141']",كانت تُعرف أوعبيد الله في العصر المريني بقصبة المرينيين.,1,MBZUAI-Paris/Atlas-Chat-9B,1,1,1,"مدعوم: نعم
مطابق: نعم",1,0,Atlas-Chat-9B/v2,0
w122,A,"['wiki_02787', 'wiki_00626', 'wiki_02786', 'wiki_00139', 'wiki_00625']",البرتغاليون استعجلو احتلال أزمور حيت كان فيها بزاف د الحوت، خاصة الشابل والتون، والناس الأوروبيين كانو باغيين يشريوه بزاف.,1,MBZUAI-Paris/Atlas-Chat-9B,1,1,1,"مدعوم: نعم
مطابق: نعم",1,0,Atlas-Chat-9B/v2,0
w123,A,"['wiki_02787', 'wiki_00303', 'wiki_00686', 'wiki_00690', 'wiki_01678']",إسبانيا أنشأت برجا عسكريا عند مصب وادي الشبيكة فعام 1476.,1,MBZUAI-Paris/Atlas-Chat-9B,1,1,1,"مدعوم: نعم
مطابق: نعم",1,0,Atlas-Chat-9B/v2,0
w124,A,"['wiki_02319', 'wiki_02320', 'wiki_02324', 'wiki_02321', 'wiki_02323']",لعاصمة ديال الشاوية,1,MBZUAI-Paris/Atlas-Chat-9B,1,1,1,"مدعوم: نعم
مطابق: نعم",1,0,Atlas-Chat-9B/v2,0
w125,A,"['wiki_02319', 'wiki_02323', 'wiki_02324', 'wiki_02320', 'wiki_01149']",83 كم,1,MBZUAI-Paris/Atlas-Chat-9B,1,1,1,"مدعوم: نعم
مطابق: نعم",1,0,Atlas-Chat-9B/v2,0
w126,A,"['wiki_02319', 'wiki_02320', 'wiki_02324', 'wiki_02323', 'wiki_02321']",رمز مدينة سطات هو الحصان.,1,MBZUAI-Paris/Atlas-Chat-9B,1,1,1,"مدعوم: نعم
مطابق: نعم",1,0,Atlas-Chat-9B/v2,0
w127,A,"['wiki_02319', 'wiki_02323', 'wiki_02320', 'wiki_02324', 'wiki_01388']",ارتفاع سطات عن سطح البحر حوالي 370 مترا.,1,MBZUAI-Paris/Atlas-Chat-9B,1,1,1,"مدعوم: نعم
مطابق: نعم",1,0,Atlas-Chat-9B/v2,0
w128,A,"['wiki_00186', 'wiki_02445', 'wiki_02444', 'wiki_00187', 'wiki_00188']",الموحدون تبناو الراية البيضاء كشعار لهم.,0,MBZUAI-Paris/Atlas-Chat-9B,1,0,1,"مدعوم: نعم
مطابق: لا",1,0,Atlas-Chat-9B/v2,0
w129,A,"['wiki_00186', 'wiki_02445', 'wiki_02638', 'wiki_00187', 'wiki_02235']",المرابطون استعملو اللون الأسود في رايتهم باش يربطو راسهم بالخلافة العباسية.,0,MBZUAI-Paris/Atlas-Chat-9B,1,1,1,"مدعوم: نعم
مطابق: نعم",1,0,Atlas-Chat-9B/v2,0
w130,A,"['wiki_01860', 'wiki_01857', 'wiki_01861', 'wiki_01845', 'wiki_01855']",توقفت مجموعة من المعطيات الطبيعية، بما فيها موقعها بين السلاسل الجبلية المذكورة المنتصبة من جهتي الشمال والغرب والتي تقف كحاجز أمام تسرب الكتل الهوائية الرطبة نحو الداخل.,1,MBZUAI-Paris/Atlas-Chat-9B,1,1,1,"مدعوم: نعم
مطابق: نعم",1,0,Atlas-Chat-9B/v2,0
w131,A,"['wiki_01845', 'wiki_01856', 'wiki_01861', 'wiki_01593', 'wiki_01860']",سكان منطقة تاوريرت اعتمدو على تربية الماشية، الزراعة البورية، الزراعة السقوية، والاعتماد على بعض الآبار، واهتموا خاصة بغرس الشجر.,1,MBZUAI-Paris/Atlas-Chat-9B,1,0,1,"مدعوم: نعم
مطابق: لا",1,0,Atlas-Chat-9B/v2,0
w132,A,"['wiki_02297', 'wiki_02303', 'wiki_02302', 'wiki_02307', 'wiki_01812']",مدينة سجلماسة التاريخية تقع في المملكة المغربية، جنوب الأطلس الكبير، مقابلة لمدينة الريصاني في تافيلالت الحالية.,1,MBZUAI-Paris/Atlas-Chat-9B,1,1,1,"مدعوم: نعم
مطابق: نعم",1,0,Atlas-Chat-9B/v2,0
w133,A,"['wiki_02297', 'wiki_02305', 'wiki_01705', 'wiki_02700', 'wiki_01229']",المدينة الإسلامية الأولى لي تبنات بالمغرب الإسلامي هي القيروان.,1,MBZUAI-Paris/Atlas-Chat-9B,1,1,1,"مدعوم: نعم
مطابق: نعم",1,0,Atlas-Chat-9B/v2,0
w134,A,"['wiki_02297', 'wiki_02299', 'wiki_02304', 'wiki_02306', 'wiki_02302']",سجلماسة بنيت سنة 140 هـ/757م من قبل عيسى بن يزيد الأسود.,1,MBZUAI-Paris/Atlas-Chat-9B,1,1,1,"مدعوم: نعم
مطابق: نعم",1,0,Atlas-Chat-9B/v2,0
w135,A,"['wiki_01432', 'wiki_01653', 'wiki_01429', 'wiki_01144', 'wiki_01654']",الضريبة على القيمة المضافة ترفعات من 17% إلى 19% سنة 1984.,1,MBZUAI-Paris/Atlas-Chat-9B,1,1,1,"مدعوم: نعم
مطابق: نعم",1,0,Atlas-Chat-9B/v2,0
w136,A,"['wiki_01432', 'wiki_01431', 'wiki_01654', 'wiki_01429', 'wiki_01430']",67 %,1,MBZUAI-Paris/Atlas-Chat-9B,1,1,1,"مدعوم: نعم
مطابق: نعم",1,0,Atlas-Chat-9B/v2,0
w137,A,"['wiki_01432', 'wiki_02289', 'wiki_02057', 'wiki_02177', 'wiki_02135']",بلغت الرسوم المفروضة على الراجلين بالناضور 100 درهم.,1,MBZUAI-Paris/Atlas-Chat-9B,1,0,1,"مدعوم: نعم
مطابق: لا",1,0,Atlas-Chat-9B/v2,0
w138,A,"['wiki_02057', 'wiki_02055', 'wiki_02039', 'wiki_02047', 'wiki_02053']",مصادر الدخل ديال جمهورية الريف كانت فيها: الضرائب على شكل فلوس ولا محاصيل، مداخيل الزكاة، الغرامات، تبرعات السكان والقبائل، وفداء الأسرى.,1,MBZUAI-Paris/Atlas-Chat-9B,1,1,1,"مدعوم: نعم
مطابق: نعم",1,0,Atlas-Chat-9B/v2,0
w139,A,"['wiki_02057', 'wiki_01524', 'wiki_02044', 'wiki_02740', 'wiki_02301']",20 ألف بيزيتا,1,MBZUAI-Paris/Atlas-Chat-9B,1,1,1,"مدعوم: نعم
مطابق: نعم",1,0,Atlas-Chat-9B/v2,0
w140,A,"['wiki_02057', 'wiki_02055', 'wiki_01442', 'wiki_02050', 'wiki_02053']",حكومة الريف اتبعت سياسة منصوصة في المذهب المالكي وهي سحب الأراضي الزراعية من من يعجز أو يتهاون في زرعها وذلك للمحافظة على الإنتاج.,1,MBZUAI-Paris/Atlas-Chat-9B,1,1,1,"مدعوم: نعم
مطابق: نعم",1,0,Atlas-Chat-9B/v2,0
w141,A,"['wiki_00048', 'wiki_00062', 'wiki_00055', 'wiki_00038', 'wiki_00411']",عزيز أخنوش,1,MBZUAI-Paris/Atlas-Chat-9B,1,1,1,"مدعوم: نعم
مطابق: نعم",1,0,Atlas-Chat-9B/v2,0
w142,A,"['wiki_00048', 'wiki_00038', 'wiki_00055', 'wiki_00526', 'wiki_00027']",عبد الوافي لفتيت,1,MBZUAI-Paris/Atlas-Chat-9B,1,1,1,"مدعوم: نعم
مطابق: نعم",1,0,Atlas-Chat-9B/v2,0
w143,A,"['wiki_02467', 'wiki_02466', 'wiki_00920', 'wiki_02469', 'wiki_01091']",صالح بن عبد الحليم الإيلاني ينتمي إلى قبيلة أيلان المصمودية، المعروفة في المصادر باسم «هيلانة».,1,MBZUAI-Paris/Atlas-Chat-9B,1,1,1,"مدعوم: نعم
مطابق: نعم",1,0,Atlas-Chat-9B/v2,0
w144,A,"['wiki_02467', 'wiki_02466', 'wiki_00920', 'wiki_01774', 'wiki_00179']",الأيلاني نشأ بمدينة نفيس، التي كانت آنذاك مركزًا علميًا ذا مكانة استراتيجية بين مراكش وتينمل.,1,MBZUAI-Paris/Atlas-Chat-9B,1,1,1,"مدعوم: نعم
مطابق: نعم",1,0,Atlas-Chat-9B/v2,0
w145,A,"['wiki_00610', 'wiki_00604', 'wiki_00614', 'wiki_00600', 'wiki_00606']",والد التهامي الكلاوي مات قبل ما يتولد، حيت النص ما كيعطيناش تاريخ موتو.,0,MBZUAI-Paris/Atlas-Chat-9B,0,0,1,"مدعوم: لا
مطابق: لا",0,1,Atlas-Chat-9B/v2,0
w146,A,"['wiki_00604', 'wiki_00602', 'wiki_00611', 'wiki_00600', 'wiki_00606']",التهامي الكلاوي خاض أول معركة حربية لقمع قبيلة ووزكيت وهو ابن خمسة عشر سنة.,1,MBZUAI-Paris/Atlas-Chat-9B,1,1,1,"مدعوم: نعم
مطابق: نعم",1,0,Atlas-Chat-9B/v2,0
w147,A,"['wiki_02939', 'wiki_02940', 'wiki_00105', 'wiki_00294', 'wiki_02941']",مستشفى القرب بأحفير تدشين يوم 25 يوليوز 2024.,1,MBZUAI-Paris/Atlas-Chat-9B,1,1,1,"مدعوم: نعم
مطابق: نعم",1,0,Atlas-Chat-9B/v2,0
w148,A,"['wiki_02939', 'wiki_02940', 'wiki_00105', 'wiki_00219', 'wiki_01198']",وزير الصحة والحماية الاجتماعية خالد آيت الطالب.,1,MBZUAI-Paris/Atlas-Chat-9B,1,1,1,"مدعوم: نعم
مطابق: نعم",1,0,Atlas-Chat-9B/v2,0
w149,A,"['wiki_01469', 'wiki_01062', 'wiki_01468', 'wiki_01471', 'wiki_02209']",مقاومة تاكفاريناس دامت سبع سنين.,1,MBZUAI-Paris/Atlas-Chat-9B,1,1,1,"مدعوم: نعم
مطابق: نعم",1,0,Atlas-Chat-9B/v2,0
w150,A,"['wiki_02705', 'wiki_00149', 'wiki_00155', 'wiki_00150', 'wiki_00170']",مدينة أصيلة تشتهر بالقصبة التاريخية ديالها، الأسوار، الأبواب المصنفة كتراث وطني، والمهرجان الثقافي الدولي لي كيتقام كل صيف.,1,MBZUAI-Paris/Atlas-Chat-9B,1,1,1,"مدعوم: نعم
مطابق: نعم",1,1,Atlas-Chat-9B/v2,0
w151,A,"['wiki_01062', 'wiki_01474', 'wiki_01064', 'wiki_01061', 'wiki_01726']",الأسباب ديال مقاومة الأمازيغ للرومان كانت هي الإستغلال لي فرضوه عليهم، بحال السيطرة على الأراضي الفلاحية، فرض السخرة على السكان، واستعمال القوة في إخضاعهم.,1,MBZUAI-Paris/Atlas-Chat-9B,1,1,1,"مدعوم: نعم
مطابق: نعم",1,1,Atlas-Chat-9B/v2,0
w152,A,"['wiki_01062', 'wiki_01472', 'wiki_01474', 'wiki_01061', 'wiki_01469']",أبرز زعماء المقاومة الأمازيغية ضد الرومان هما تاكفاريناس وأيديمون ودونات.,1,MBZUAI-Paris/Atlas-Chat-9B,1,1,1,"مدعوم: نعم
مطابق: نعم",1,0,Atlas-Chat-9B/v2,0
w153,A,"['wiki_02491', 'wiki_02484', 'wiki_01729', 'wiki_01411', 'wiki_02488']",تأسس صندوق محمد السادس للاستثمار في عام 2021.,1,MBZUAI-Paris/Atlas-Chat-9B,1,1,1,"مدعوم: نعم
مطابق: نعم",1,0,Atlas-Chat-9B/v2,0
w154,A,"['wiki_02491', 'wiki_01492', 'wiki_01486', 'wiki_01208', 'wiki_02484']",المقر الرئيسي لصندوق محمد السادس للاستثمار كاين فالرباط.,1,MBZUAI-Paris/Atlas-Chat-9B,1,1,1,"مدعوم: نعم
مطابق: نعم",1,0,Atlas-Chat-9B/v2,0
w155,A,"['wiki_02491', 'wiki_02484', 'wiki_02229', 'wiki_02490', 'wiki_00466']",أُعلن عن الصندوق في عام 2020 في سياق تدابير الإنعاش الاقتصادي المعتمدة في أعقاب جائحة كوفيد-19.,1,MBZUAI-Paris/Atlas-Chat-9B,1,1,1,"مدعوم: نعم
مطابق: نعم",1,0,Atlas-Chat-9B/v2,0
w156,A,"['wiki_02032', 'wiki_02034', 'wiki_02033', 'wiki_02943', 'wiki_02038']",كاينين 10 أطباء فمستشفى جمعة سحيم، منهم 8 أطباء عامون و2 أطباء متخصصين.,0,MBZUAI-Paris/Atlas-Chat-9B,0,0,1,"مدعوم: لا
مطابق: لا",1,0,Atlas-Chat-9B/v2,0
w157,A,"['wiki_02032', 'wiki_02034', 'wiki_02038', 'wiki_02033', 'wiki_02035']",المرافق الصحية المتوفرة بمدينة جمعة سحيم هي مستشفى أثري، ومستوصف صحي، ودار للولادة.,1,MBZUAI-Paris/Atlas-Chat-9B,1,1,1,"مدعوم: نعم
مطابق: نعم",1,0,Atlas-Chat-9B/v2,0
w158,A,"['wiki_02388', 'wiki_01380', 'wiki_02390', 'wiki_02691', 'wiki_00503']",ارتفعت الساكنة الحضرية من 13 إلى 17 مليون نسمة ما بين العامين 1992 و2004 فبلغت نسبة الساكنة الحضرية 57% من مجموع السكان.,1,MBZUAI-Paris/Atlas-Chat-9B,1,1,1,"مدعوم: نعم
مطابق: نعم",1,0,Atlas-Chat-9B/v2,0
w159,A,"['wiki_01393', 'wiki_02388', 'wiki_01256', 'wiki_02415', 'wiki_02404']",المشكل الأساسي للماء في قطاع الصناعة بالمغرب ماشي التزود، ولكن العقلانية في التدبير ومعالجة التلوث.,1,MBZUAI-Paris/Atlas-Chat-9B,1,1,1,"مدعوم: نعم
مطابق: نعم",1,1,Atlas-Chat-9B/v2,0
w160,A,"['wiki_01320', 'wiki_01313', 'wiki_00056', 'wiki_01100', 'wiki_00917']",3312,1,MBZUAI-Paris/Atlas-Chat-9B,1,1,1,"مدعوم: نعم
مطابق: نعم",1,0,Atlas-Chat-9B/v2,0
w161,A,"['wiki_01320', 'wiki_02208', 'wiki_02281', 'wiki_02125', 'wiki_02209']",الكمبري هي آلة موسيقية مغربية كتصنع من الخشب وجلد الإبل أو جلد الماعز.,1,MBZUAI-Paris/Atlas-Chat-9B,1,1,1,"مدعوم: نعم
مطابق: نعم",1,0,Atlas-Chat-9B/v2,0
w162,A,"['wiki_01320', 'wiki_02181', 'wiki_01100', 'wiki_00773', 'wiki_00621']",45,1,MBZUAI-Paris/Atlas-Chat-9B,1,1,1,"مدعوم: نعم
مطابق: نعم",1,0,Atlas-Chat-9B/v2,0
w163,A,"['wiki_01438', 'wiki_00726', 'wiki_00679', 'wiki_02286', 'wiki_00676']",الزعيم النقابي التونسي فرحات حشاد تقتل فـ5 دجنبر 1952.,1,MBZUAI-Paris/Atlas-Chat-9B,1,1,1,"مدعوم: نعم
مطابق: نعم",1,0,Atlas-Chat-9B/v2,0
w164,A,"['wiki_00725', 'wiki_00726', 'wiki_00005', 'wiki_02184', 'wiki_00727']",بعد أحداث الدار البيضاء، عاد السلطان محمد الخامس إلى الدار البيضاء باش يواسى عائلات الضحايا، ومن بعد مشى لطنجة باش يلقي خطاب على الاستقلال.,1,MBZUAI-Paris/Atlas-Chat-9B,1,1,1,"مدعوم: نعم
مطابق: نعم",1,0,Atlas-Chat-9B/v2,0
w165,A,"['wiki_02347', 'wiki_02350', 'wiki_02346', 'wiki_02349', 'wiki_01521']",محمد توري,1,MBZUAI-Paris/Atlas-Chat-9B,1,1,1,"مدعوم: نعم
مطابق: نعم",1,0,Atlas-Chat-9B/v2,0
w166,A,"['wiki_02347', 'wiki_02350', 'wiki_02880', 'wiki_00660', 'wiki_01758']",أسكيا محمد وسع مملكة الصُّنغاي، ونظم الإدارة، وجاهز الجيش، ضم أراض جديدة في الشمال وعلى سواحل المحيط الأطلسي.,1,MBZUAI-Paris/Atlas-Chat-9B,1,0,1,"مدعوم: نعم
مطابق: لا",0,0,Atlas-Chat-9B/v2,0
w167,A,"['wiki_02959', 'wiki_02960', 'wiki_02958', 'wiki_02965', 'wiki_02964']",مواطنهم كانت تمتد على مساحات شاسعة ومتنوعة، منهم اللي كانو ساكنين فالجبال والوديان، ومنهم اللي كانو ساكنين فالواحات والقصور الصحراوية.,1,MBZUAI-Paris/Atlas-Chat-9B,0,0,1,"مدعوم: لا
مطابق: لا",1,0,Atlas-Chat-9B/v2,0
w168,A,"['wiki_02209', 'wiki_01851', 'wiki_02678', 'wiki_02151', 'wiki_00219']",حصن غراسيوسا,0,MBZUAI-Paris/Atlas-Chat-9B,0,0,1,"مدعوم: لا
مطابق: لا",0,0,Atlas-Chat-9B/v2,0
w169,A,"['wiki_00475', 'wiki_00474', 'wiki_01456', 'wiki_00478', 'wiki_02903']","حوالي 2,000.",1,MBZUAI-Paris/Atlas-Chat-9B,1,1,1,"مدعوم: نعم
مطابق: نعم",1,0,Atlas-Chat-9B/v2,0
w170,A,"['wiki_00475', 'wiki_00474', 'wiki_01706', 'wiki_01692', 'wiki_00483']",الإدريسيين تم إقصاؤهم نهائيا من المغرب في عام 985.,1,MBZUAI-Paris/Atlas-Chat-9B,1,1,1,"مدعوم: نعم
مطابق: نعم",1,0,Atlas-Chat-9B/v2,0
w171,A,"['wiki_00475', 'wiki_02459', 'wiki_00490', 'wiki_02458', 'wiki_02465']",حي القيروانيين,1,MBZUAI-Paris/Atlas-Chat-9B,1,1,1,"مدعوم: نعم
مطابق: نعم",1,0,Atlas-Chat-9B/v2,0
w172,A,"['wiki_02101', 'wiki_02104', 'wiki_01761', 'wiki_01996', 'wiki_02080']",1 أكتوبر 1955,1,MBZUAI-Paris/Atlas-Chat-9B,1,1,1,"مدعوم: نعم
مطابق: نعم",1,0,Atlas-Chat-9B/v2,0
w173,A,"['wiki_02104', 'wiki_02101', 'wiki_02100', 'wiki_00605', 'wiki_00725']",16 نوفمبر 1955,1,MBZUAI-Paris/Atlas-Chat-9B,1,1,1,"مدعوم: نعم
مطابق: نعم",1,0,Atlas-Chat-9B/v2,0
w174,A,"['wiki_02365', 'wiki_02760', 'wiki_02656', 'wiki_00904', 'wiki_02101']",استُهدفت القطارات ومكاتب البريد وثكنات الشرطة الاستعمارية ومصالح المستوطنين الفرنسيين.,1,MBZUAI-Paris/Atlas-Chat-9B,1,1,1,"مدعوم: نعم
مطابق: نعم",1,0,Atlas-Chat-9B/v2,0
w175,A,"['wiki_02101', 'wiki_00711', 'wiki_02462', 'wiki_01026', 'wiki_02948']",2 مارس 1956,1,MBZUAI-Paris/Atlas-Chat-9B,1,1,1,"مدعوم: نعم
مطابق: نعم",1,0,Atlas-Chat-9B/v2,0
w176,A,"['wiki_00295', 'wiki_00281', 'wiki_00284', 'wiki_00282', 'wiki_00296']",الجامعة لي تحتضنها مدينة إفران هي أكاديمية محمد السادس الدولية لألعاب القوى.,0,MBZUAI-Paris/Atlas-Chat-9B,0,0,1,"مدعوم: لا
مطابق: لا",0,0,Atlas-Chat-9B/v2,0
w177,A,"['wiki_00289', 'wiki_00300', 'wiki_00296', 'wiki_00281', 'wiki_00295']",الجاذبية السياحية لإفران كتستند لمجموعة من الموارد الطبيعية والترفيهية، بما فيها المنتزه الوطني لإفران، والبحيرات والمصادر والشلالات والمجالات الغابوية، فضلًا عن محطة ميشليفن للتزلج.,1,MBZUAI-Paris/Atlas-Chat-9B,1,1,1,"مدعوم: نعم
مطابق: نعم",1,1,Atlas-Chat-9B/v2,0
w178,A,"['wiki_02081', 'wiki_02080', 'wiki_02220', 'wiki_00706', 'wiki_01278']",1994,1,MBZUAI-Paris/Atlas-Chat-9B,1,1,1,"مدعوم: نعم
مطابق: نعم",1,0,Atlas-Chat-9B/v2,0
w179,A,"['wiki_02792', 'wiki_02791', 'wiki_01289', 'wiki_02783', 'wiki_02798']",كاينين 183 وحدة ديال صناعة التجميد في قطاع الصيد البحري.,1,MBZUAI-Paris/Atlas-Chat-9B,1,1,1,"مدعوم: نعم
مطابق: نعم",1,0,Atlas-Chat-9B/v2,0
w180,A,"['wiki_02792', 'wiki_02791', 'wiki_02825', 'wiki_02793', 'wiki_01380']",تتمركز معظم وحدات صناعة التجميد في جنوب المغرب بسبب تطوير صيد الرخويات والصيد السطحي.,1,MBZUAI-Paris/Atlas-Chat-9B,1,1,1,"مدعوم: نعم
مطابق: نعم",1,0,Atlas-Chat-9B/v2,0
w181,A,"['wiki_02792', 'wiki_02791', 'wiki_02387', 'wiki_01022', 'wiki_01289']",قدرة إنتاجية تصل إلى حوالي 8300 طن في اليوم الواحد.,1,MBZUAI-Paris/Atlas-Chat-9B,1,1,1,"مدعوم: نعم
مطابق: نعم",1,0,Atlas-Chat-9B/v2,0
w182,A,"['wiki_02792', 'wiki_02793', 'wiki_00426', 'wiki_02786', 'wiki_02783']",الوجهة الرئيسية للمنتجات البحرية المجمدة المغربية هي الاتحاد الأوروبي، اللي كياخد 70% من إجمالي الصادرات.,1,MBZUAI-Paris/Atlas-Chat-9B,1,1,1,"مدعوم: نعم
مطابق: نعم",1,0,Atlas-Chat-9B/v2,0
w183,A,"['wiki_00269', 'wiki_00271', 'wiki_00270', 'wiki_01467', 'wiki_01670']",على يد الإمبراطور كلوديوس.,1,MBZUAI-Paris/Atlas-Chat-9B,1,1,1,"مدعوم: نعم
مطابق: نعم",1,0,Atlas-Chat-9B/v2,0
w184,A,"['wiki_00270', 'wiki_01464', 'wiki_01466', 'wiki_01704', 'wiki_00180']",نشأ في القصر في روما، في كنف الإمبراطور أغسطس.,1,MBZUAI-Paris/Atlas-Chat-9B,1,1,1,"مدعوم: نعم
مطابق: نعم",1,0,Atlas-Chat-9B/v2,0
w185,A,"['wiki_00270', 'wiki_01704', 'wiki_01466', 'wiki_01471', 'wiki_01703']",المدينة لي اتخذها يوبا الثاني عاصمة لحكمه هي شرشال.,1,MBZUAI-Paris/Atlas-Chat-9B,1,1,1,"مدعوم: نعم
مطابق: نعم",1,0,Atlas-Chat-9B/v2,0
w186,A,"['wiki_01463', 'wiki_01466', 'wiki_01465', 'wiki_01473', 'wiki_01468']",والدة بطليموس الموريطاني هي كليوباترا سيليني الثانية، من الأسرة البطلمية.,1,MBZUAI-Paris/Atlas-Chat-9B,1,1,1,"مدعوم: نعم
مطابق: نعم",1,0,Atlas-Chat-9B/v2,0
w187,A,"['wiki_01463', 'wiki_01466', 'wiki_01471', 'wiki_01465', 'wiki_01744']",بطليموس حكم من 23 حتى 40 ميلادية.,1,MBZUAI-Paris/Atlas-Chat-9B,1,1,1,"مدعوم: نعم
مطابق: نعم",1,0,Atlas-Chat-9B/v2,0
w188,A,"['wiki_00051', 'wiki_02329', 'wiki_00539', 'wiki_01365', 'wiki_00402']",فـ ساعتين و11 دقيقة و34 ثانية.,1,MBZUAI-Paris/Atlas-Chat-9B,1,1,1,"مدعوم: نعم
مطابق: نعم",1,0,Atlas-Chat-9B/v2,0
w189,A,"['wiki_00051', 'wiki_00058', 'wiki_00059', 'wiki_00041', 'wiki_00034']","مريم بوعود فازت بجائزة ""قارئ العام للعالم العربي"" في مسابقة أقرأ.",1,MBZUAI-Paris/Atlas-Chat-9B,1,1,1,"مدعوم: نعم
مطابق: نعم",1,0,Atlas-Chat-9B/v2,0
w190,A,"['wiki_00670', 'wiki_01028', 'wiki_02776', 'wiki_00673', 'wiki_02545']",المغاربة تخافو من القانون حيت كان كيقسم المغرب لجوج عوالم متميزين ومفرقين: عالم العرب المغاربة لي كيهضرو العربية وعالم البربر لي كيهضرو الأمازيغية.,1,MBZUAI-Paris/Atlas-Chat-9B,1,1,1,"مدعوم: نعم
مطابق: نعم",1,0,Atlas-Chat-9B/v2,0
w191,A,"['wiki_00670', 'wiki_01027', 'wiki_01252', 'wiki_01656', 'wiki_01329']","المغرب كان كيتقسم لجوج منطقتين: ""بلاد السيبة"" و""بلاد المخزن"".",1,MBZUAI-Paris/Atlas-Chat-9B,1,1,1,"مدعوم: نعم
مطابق: نعم",1,0,Atlas-Chat-9B/v2,0
w192,A,"['wiki_01890', 'wiki_02712', 'wiki_01893', 'wiki_01808', 'wiki_01891']",تزنيت بعيدة على الرباط ب 690 كيلومتر و على أكادير ب 90 كيلومتر.,1,MBZUAI-Paris/Atlas-Chat-9B,1,1,1,"مدعوم: نعم
مطابق: نعم",1,0,Atlas-Chat-9B/v2,0
w193,A,"['wiki_01890', 'wiki_02712', 'wiki_01891', 'wiki_01899', 'wiki_01893']",تزنيت تلقب بعاصمة الفضة بسبب شهرتها في إنتاج المجوهرات الفضية.,1,MBZUAI-Paris/Atlas-Chat-9B,1,1,1,"مدعوم: نعم
مطابق: نعم",1,1,Atlas-Chat-9B/v2,0
w194,A,"['wiki_01890', 'wiki_02712', 'wiki_01899', 'wiki_01893', 'wiki_01891']",اسم تزنيت كيتعتقد أنه جا من وحدة المرا سميتها للا زنينية,1,MBZUAI-Paris/Atlas-Chat-9B,1,1,1,"مدعوم: نعم
مطابق: نعم",0,0,Atlas-Chat-9B/v2,0
w195,A,"['wiki_01411', 'wiki_01412', 'wiki_01413', 'wiki_00635', 'wiki_01874']",المهام ديال الهيئة المغربية لسوق الرساميل هي: حماية المدخرين والمستثمرين، مراقبة سير أسواق الرساميل، ضمان شفافية العمليات المالية، تنظيم المشاركين في السوق والأدوات المالية، وتعزيز الثقافة المالية.,1,MBZUAI-Paris/Atlas-Chat-9B,1,1,1,"مدعوم: نعم
مطابق: نعم",1,0,Atlas-Chat-9B/v2,0
w196,A,"['wiki_01411', 'wiki_01412', 'wiki_01413', 'wiki_00635', 'wiki_01163']",الملك محمد السادس,1,MBZUAI-Paris/Atlas-Chat-9B,1,1,1,"مدعوم: نعم
مطابق: نعم",1,0,Atlas-Chat-9B/v2,0
w197,A,"['wiki_00930', 'wiki_00685', 'wiki_01087', 'wiki_00923', 'wiki_01244']",سبعة سلاطين من أبناء المولى إسماعيل تولى الحكم بين 1727 و1757.,1,MBZUAI-Paris/Atlas-Chat-9B,1,1,1,"مدعوم: نعم
مطابق: نعم",1,0,Atlas-Chat-9B/v2,0
w198,A,"['wiki_00930', 'wiki_01051', 'wiki_01449', 'wiki_01055', 'wiki_02093']",عبد الله بن إسماعيل بويع ست مرات.,1,MBZUAI-Paris/Atlas-Chat-9B,1,1,1,"مدعوم: نعم
مطابق: نعم",1,0,Atlas-Chat-9B/v2,0
w199,A,"['wiki_01000', 'wiki_00993', 'wiki_00994', 'wiki_00999', 'wiki_01006']",تحولت الصويرة إلى العاصمة الاقتصادية للمغرب بعد ما السلطان العلوي محمد بن عبد الله (محمد الثالث) عاود بناء مدينة الصويرة على النمط العصري بشوارعها الواسعة، وبنا فيها ميناء جديدا وقاعدة عسكرية بحرية، استقدم إليها بدوره نخبة من التجار والدبلوماسيين اليهود.,1,MBZUAI-Paris/Atlas-Chat-9B,1,1,1,"مدعوم: نعم
مطابق: نعم",1,0,Atlas-Chat-9B/v2,0
w200,A,"['wiki_00698', 'wiki_02910', 'wiki_01724', 'wiki_02051', 'wiki_00696']","إسبانيا كان عندها 34,000 جندي في المغرب في يوليو 1936، بما فيهم القوات الأهلية النظامية.",1,MBZUAI-Paris/Atlas-Chat-9B,1,1,1,"مدعوم: نعم
مطابق: نعم",1,0,Atlas-Chat-9B/v2,0
w001,B,"['wiki_02359', 'wiki_01022', 'wiki_01214', 'wiki_00571', 'wiki_02655']",593 168 وحدة,1,MBZUAI-Paris/Atlas-Chat-9B,1,1,1,"مدعوم: نعم
مطابق: نعم",1,0,Atlas-Chat-9B/v2,0
w002,B,"['wiki_00355', 'wiki_02359', 'wiki_00248', 'wiki_01364', 'wiki_01022']",مصنع رينو-نيسان كاين فطنجة.,1,MBZUAI-Paris/Atlas-Chat-9B,1,1,1,"مدعوم: نعم
مطابق: نعم",1,0,Atlas-Chat-9B/v2,0
w003,B,"['wiki_01012', 'wiki_01011', 'wiki_01417', 'wiki_01297', 'wiki_01296']","النسبة ديال الطاقات المتجددة فإنتاج الكهربا فالمغرب هي 13,6%.",1,MBZUAI-Paris/Atlas-Chat-9B,0,0,1,"مدعوم: لا
مطابق: لا",0,0,Atlas-Chat-9B/v2,0
w004,B,"['wiki_01012', 'wiki_01297', 'wiki_01021', 'wiki_01418', 'wiki_01020']",النسبة ديال الطاقة الريحية تطورات من 2.8% في 2010 إلى 8.1% في 2015.,1,MBZUAI-Paris/Atlas-Chat-9B,1,1,1,"مدعوم: نعم
مطابق: نعم",1,0,Atlas-Chat-9B/v2,0
w005,B,"['wiki_01012', 'wiki_01217', 'wiki_02386', 'wiki_01420', 'wiki_01011']","بلغت انبعاثات ثاني أكسيد الكربون 1,6 طن للفرد الواحد في عام 2015.",1,MBZUAI-Paris/Atlas-Chat-9B,1,1,1,"مدعوم: نعم
مطابق: نعم",1,0,Atlas-Chat-9B/v2,0
w006,B,"['wiki_00564', 'wiki_00563', 'wiki_00453', 'wiki_00291', 'chunk_011']",معدل البطالة على الصعيد الوطني وصل ل 12.8% فالفصل الثاني ديال 2025.,1,MBZUAI-Paris/Atlas-Chat-9B,1,1,1,"مدعوم: نعم
مطابق: نعم",1,0,Atlas-Chat-9B/v2,0
w007,B,"['wiki_00564', 'wiki_01369', 'wiki_00290', 'wiki_01408', 'wiki_00417']",رئيس المندوبية السامية للتخطيط هو شكيب بنموسى.,1,MBZUAI-Paris/Atlas-Chat-9B,1,1,1,"مدعوم: نعم
مطابق: نعم",1,0,Atlas-Chat-9B/v2,0
w008,B,"['wiki_00564', 'wiki_00563', 'wiki_00453', 'wiki_00291', 'chunk_011']",معدل البطالة فالبادية تطور من 10.5% ف2014 ل21.4% ف2024.,1,MBZUAI-Paris/Atlas-Chat-9B,1,1,1,"مدعوم: نعم
مطابق: نعم",1,0,Atlas-Chat-9B/v2,0
w009,B,"['wiki_02608', 'wiki_02609', 'wiki_02610', 'wiki_00433', 'wiki_01173']",معدل التضخم وصل ل 2.7% في عام 2006.,1,MBZUAI-Paris/Atlas-Chat-9B,0,0,1,"مدعوم: لا
مطابق: لا",0,0,Atlas-Chat-9B/v2,0
w010,B,"['wiki_02608', 'wiki_02609', 'wiki_00578', 'wiki_01361', 'wiki_02607']",عجز الميزانية نقص لـ3.5% من إجمالي الناتج المحلي فـ2017.,1,MBZUAI-Paris/Atlas-Chat-9B,1,1,1,"مدعوم: نعم
مطابق: نعم",1,0,Atlas-Chat-9B/v2,0
w011,B,"['wiki_00564', 'wiki_02608', 'wiki_00563', 'wiki_00453', 'wiki_02610']",نسبة البطالة عند النساء وصلات لـ14.7% حسب تقرير البنك الدولي.,1,MBZUAI-Paris/Atlas-Chat-9B,1,1,1,"مدعوم: نعم
مطابق: نعم",1,0,Atlas-Chat-9B/v2,0
w012,B,"['wiki_02230', 'wiki_02227', 'wiki_02231', 'wiki_02228', 'wiki_02229']",1 أبريل 1998,1,MBZUAI-Paris/Atlas-Chat-9B,1,1,1,"مدعوم: نعم
مطابق: نعم",1,0,Atlas-Chat-9B/v2,0
w013,B,"['wiki_02230', 'wiki_02227', 'wiki_02228', 'wiki_02224', 'wiki_01486']",حتى لـ31 دجنبر 2011.,1,MBZUAI-Paris/Atlas-Chat-9B,1,1,1,"مدعوم: نعم
مطابق: نعم",1,0,Atlas-Chat-9B/v2,0
w014,B,"['wiki_02646', 'wiki_02693', 'wiki_00564', 'wiki_01294', 'wiki_00048']",المعلومة غير متوفرة في النصوص.,0,MBZUAI-Paris/Atlas-Chat-9B,0,0,1,"مدعوم: لا
مطابق: لا",0,1,Atlas-Chat-9B/v2,1
w015,B,"['wiki_02691', 'wiki_00564', 'wiki_01654', 'wiki_01378', 'wiki_02386']","معدل التمدن فالمغرب ارتفع من 29% ف1960 إلى 62,8% ف2024.",1,MBZUAI-Paris/Atlas-Chat-9B,1,1,1,"مدعوم: نعم
مطابق: نعم",1,1,Atlas-Chat-9B/v2,0
w016,B,"['wiki_00564', 'wiki_02194', 'wiki_02691', 'wiki_01572', 'wiki_00291']","معدل النمو السكاني بين 2014 و2024 كان 0,85%.",1,MBZUAI-Paris/Atlas-Chat-9B,1,1,1,"مدعوم: نعم
مطابق: نعم",1,0,Atlas-Chat-9B/v2,0
w017,B,"['wiki_01011', 'wiki_01012', 'wiki_01297', 'wiki_01018', 'wiki_01020']",النسبة ديال الطاقات الأحفورية من استهلاك الطاقة الأولية فـ2015 هي 88.8%.,1,MBZUAI-Paris/Atlas-Chat-9B,1,1,1,"مدعوم: نعم
مطابق: نعم",1,0,Atlas-Chat-9B/v2,0
w018,B,"['wiki_01011', 'wiki_01379', 'wiki_00443', 'wiki_02387', 'wiki_01020']","الإنتاج الوطني ديال الطاقة كيمثل غير %9,4 من الحاجيات ديال البلاد.",1,MBZUAI-Paris/Atlas-Chat-9B,1,1,1,"مدعوم: نعم
مطابق: نعم",1,0,Atlas-Chat-9B/v2,0
w019,B,"['wiki_00436', 'wiki_00569', 'wiki_00426', 'wiki_01110', 'wiki_01106']",15%,1,MBZUAI-Paris/Atlas-Chat-9B,1,1,1,"مدعوم: نعم
مطابق: نعم",1,0,Atlas-Chat-9B/v2,0
w020,B,"['wiki_00568', 'wiki_00448', 'wiki_00436', 'wiki_00444', 'wiki_00578']",الواردات ديال المغرب كتشكل أساسا من المواد التجهيزية ومصادر الطاقة بنسبة تقارب 43٪، والمواد الغذائية بنسبة 21٪.,1,MBZUAI-Paris/Atlas-Chat-9B,1,1,1,"مدعوم: نعم
مطابق: نعم",0,0,Atlas-Chat-9B/v2,0
w021,B,"['wiki_01430', 'wiki_01654', 'wiki_00436', 'wiki_00435', 'wiki_00444']",نسبة تغطية الصادرات للواردات وصلات لـ55.8% فـ1983.,1,MBZUAI-Paris/Atlas-Chat-9B,1,1,1,"مدعوم: نعم
مطابق: نعم",1,0,Atlas-Chat-9B/v2,0
w022,B,"['wiki_00933', 'wiki_02057', 'wiki_01430', 'wiki_00651', 'wiki_00988']",المصاريف ديال حرب الصحرا كانت كتوصل لمليون دولار فالنهار.,1,MBZUAI-Paris/Atlas-Chat-9B,1,1,1,"مدعوم: نعم
مطابق: نعم",1,0,Atlas-Chat-9B/v2,0
w023,B,"['wiki_00350', 'wiki_00572', 'wiki_00575', 'wiki_01071', 'wiki_00574']",اتفاقية التجارة الحرة بين المغرب وأمريكا توقعات فـ15 يونيو 2004.,1,MBZUAI-Paris/Atlas-Chat-9B,1,1,1,"مدعوم: نعم
مطابق: نعم",1,0,Atlas-Chat-9B/v2,0
w024,B,"['wiki_00574', 'wiki_00569', 'wiki_01284', 'wiki_00959', 'wiki_00575']",ارتفعت صادرات المغرب إلى الولايات المتحدة من النسيج بنسبة %122 سنة 2006.,1,MBZUAI-Paris/Atlas-Chat-9B,1,1,1,"مدعوم: نعم
مطابق: نعم",1,0,Atlas-Chat-9B/v2,0
w025,B,"['wiki_00574', 'wiki_01373', 'wiki_01248', 'wiki_01650', 'wiki_01269']",الاستثمارات الأمريكية فالمغرب كتركز بشكل رئيسي فقطاعات السياحة والنسيج.,1,MBZUAI-Paris/Atlas-Chat-9B,1,1,1,"مدعوم: نعم
مطابق: نعم",1,0,Atlas-Chat-9B/v2,0
w026,B,"['wiki_00689', 'wiki_00682', 'wiki_01770', 'wiki_01297', 'wiki_00690']",المعلومة غير متوفرة في النصوص.,1,MBZUAI-Paris/Atlas-Chat-9B,0,0,1,"مدعوم: لا
مطابق: لا",1,0,Atlas-Chat-9B/v2,1
w027,B,"['wiki_01021', 'wiki_01012', 'wiki_01011', 'wiki_01013', 'wiki_01297']",النسبة ديال الفحم فإنتاج الكهربا فالمغرب هي 54.3%.,1,MBZUAI-Paris/Atlas-Chat-9B,1,1,1,"مدعوم: نعم
مطابق: نعم",1,0,Atlas-Chat-9B/v2,0
w028,B,"['wiki_02790', 'wiki_02789', 'wiki_01372', 'wiki_02794', 'wiki_02362']",الأقطاب التنافسية الثلاثة لي خلقهم مخطط أليوتيس هوما طنجة، أكادير والعيون.,1,MBZUAI-Paris/Atlas-Chat-9B,1,1,1,"مدعوم: نعم
مطابق: نعم",1,0,Atlas-Chat-9B/v2,0
w029,B,"['wiki_02790', 'wiki_02783', 'wiki_01289', 'wiki_00359', 'wiki_01174']",الناتج الداخلي الخام لقطاع الصيد البحري تطور بشكل إيجابي ما بين 2007 و2015، حيث ارتفع من 8.3 إلى 15 مليار درهم.,1,MBZUAI-Paris/Atlas-Chat-9B,1,1,1,"مدعوم: نعم
مطابق: نعم",1,0,Atlas-Chat-9B/v2,0
w030,B,"['wiki_02790', 'wiki_01289', 'wiki_02791', 'wiki_02794', 'wiki_02795']",الإنتاج ديال الصيد البحري وصل لـ1.46 مليون طن فـ2016.,1,MBZUAI-Paris/Atlas-Chat-9B,1,1,1,"مدعوم: نعم
مطابق: نعم",1,0,Atlas-Chat-9B/v2,0
w031,B,"['wiki_01281', 'wiki_00445', 'wiki_00291', 'wiki_00428', 'wiki_02608']","قطاع الخدمات كيساهم بـ56,5% من الناتج المحلي الإجمالي فـ2017.",1,MBZUAI-Paris/Atlas-Chat-9B,1,1,1,"مدعوم: نعم
مطابق: نعم",1,0,Atlas-Chat-9B/v2,0
w032,B,"['wiki_01281', 'wiki_02609', 'wiki_01651', 'wiki_01359', 'wiki_00564']",حسب تقديرات صندوق النقد الدولي لسنة 2023، وصل الناتج المحلي للفرد لـ 3.750 دولار أمريكي.,1,MBZUAI-Paris/Atlas-Chat-9B,1,1,1,"مدعوم: نعم
مطابق: نعم",1,0,Atlas-Chat-9B/v2,0
w033,B,"['wiki_01281', 'wiki_01284', 'wiki_00563', 'wiki_00419', 'wiki_00413']",المغرب احتل المرتبة 107 في إنتاجية اليد العاملة حسب تقرير منظمة العمل الدولية ديال 2023.,1,MBZUAI-Paris/Atlas-Chat-9B,1,1,1,"مدعوم: نعم
مطابق: نعم",1,0,Atlas-Chat-9B/v2,0
w034,B,"['wiki_02387', 'wiki_01379', 'wiki_01020', 'wiki_01021', 'wiki_01297']",إنتاج الطاقة الكهرمائية وصل لـ2700 مليون كيلواط فـ2004.,1,MBZUAI-Paris/Atlas-Chat-9B,1,1,1,"مدعوم: نعم
مطابق: نعم",1,0,Atlas-Chat-9B/v2,0
w035,B,"['wiki_02386', 'wiki_01379', 'wiki_01378', 'wiki_02411', 'wiki_00633']",تبلغ حصة المدارات المسقية في الناتج المحلي الخام بين 7% و10% حسب الحالة المائية للسنة.,1,MBZUAI-Paris/Atlas-Chat-9B,1,1,1,"مدعوم: نعم
مطابق: نعم",1,0,Atlas-Chat-9B/v2,0
w036,B,"['wiki_01742', 'wiki_01287', 'wiki_02384', 'wiki_00438', 'wiki_01098']",المغرب كيستورد 40% حتى 60% من حاجياته من الحبوب حسب الحالة المناخية.,0,MBZUAI-Paris/Atlas-Chat-9B,1,1,1,"مدعوم: نعم
مطابق: نعم",1,0,Atlas-Chat-9B/v2,0
w037,B,"['wiki_01216', 'wiki_00632', 'chunk_007', 'wiki_00438', 'wiki_01215']",الفلاحة كتشغل حوالي 34% من مجموع القوى العاملة في المغرب.,0,MBZUAI-Paris/Atlas-Chat-9B,1,1,1,"مدعوم: نعم
مطابق: نعم",1,0,Atlas-Chat-9B/v2,0
w038,B,"['wiki_02635', 'wiki_02645', 'wiki_02646', 'wiki_02644', 'wiki_02643']",عدد سكان عين بني مطهر فـ2014 وصل لـ16289 نسمة.,1,MBZUAI-Paris/Atlas-Chat-9B,1,1,1,"مدعوم: نعم
مطابق: نعم",1,0,Atlas-Chat-9B/v2,0
w039,B,"['wiki_02646', 'wiki_02635', 'wiki_02642', 'wiki_02643', 'wiki_02644']",محطة القطار فعين بني مطهر تسدات فعام 1995.,1,MBZUAI-Paris/Atlas-Chat-9B,1,1,1,"مدعوم: نعم
مطابق: نعم",1,0,Atlas-Chat-9B/v2,0
w040,B,"['wiki_00814', 'wiki_02649', 'wiki_00813', 'wiki_00811', 'wiki_02333']",عدد المؤسسات الابتدائية اللي استغلات خلال الموسم الدراسي 2009/2008 هو 435 مدرسة.,1,MBZUAI-Paris/Atlas-Chat-9B,1,1,1,"مدعوم: نعم
مطابق: نعم",1,0,Atlas-Chat-9B/v2,0
w041,B,"['wiki_01106', 'wiki_00441', 'wiki_00444', 'wiki_01110', 'wiki_00436']",المغرب عندو %75 من الاحتياطي العالمي ديال الفوسفاط.,1,MBZUAI-Paris/Atlas-Chat-9B,1,1,1,"مدعوم: نعم
مطابق: نعم",1,0,Atlas-Chat-9B/v2,0
w042,B,"['wiki_00441', 'wiki_01425', 'wiki_01426', 'wiki_01108', 'wiki_01110']",المعلومة غير متوفرة في النصوص,0,MBZUAI-Paris/Atlas-Chat-9B,0,0,1,"مدعوم: لا
مطابق: لا",1,1,Atlas-Chat-9B/v2,1
w043,B,"['wiki_02193', 'wiki_02194', 'wiki_02187', 'wiki_02188', 'wiki_02189']","حسب الإحصاء العام للسكان والسكنى لسنة 2024 الصادر عن المندوبية السامية للتخطيط، بلغ عدد سكان جماعة خنيفرة 123,738 نسمة، مقابل 117,510 نسمة سنة 2014، أي بزيادة تقارب 5.3% خلال عشر سنوات.",1,MBZUAI-Paris/Atlas-Chat-9B,1,1,1,"مدعوم: نعم
مطابق: نعم",1,0,Atlas-Chat-9B/v2,0
w044,B,"['wiki_02194', 'wiki_02193', 'wiki_02197', 'wiki_02202', 'wiki_02188']",نسبة الفئة العمرية لي أقل من 15 عام فإقليم خنيفرة هي 24.5%.,1,MBZUAI-Paris/Atlas-Chat-9B,1,1,1,"مدعوم: نعم
مطابق: نعم",1,0,Atlas-Chat-9B/v2,0
w045,B,"['wiki_01074', 'wiki_01070', 'wiki_01077', 'wiki_00959', 'wiki_00356']",الاتحاد الأوروبي عطا للمغرب منحة فدجنبر 2009 باش يشجع الاستثمارات والصادرات ويساهم فتمويل مشروع طرامواي الرباط - سلا.,1,MBZUAI-Paris/Atlas-Chat-9B,1,1,1,"مدعوم: نعم
مطابق: نعم",1,0,Atlas-Chat-9B/v2,0
w046,B,"['wiki_01662', 'wiki_01663', 'wiki_01743', 'wiki_01248', 'wiki_00982']",عدد الجماعات فالمغرب وصل لـ1503 جماعة فـ2009.,1,MBZUAI-Paris/Atlas-Chat-9B,1,1,1,"مدعوم: نعم
مطابق: نعم",1,0,Atlas-Chat-9B/v2,0
w047,B,"['wiki_02386', 'wiki_01378', 'wiki_01248', 'wiki_02411', 'wiki_02367']",تبلغ المساحة المسقية دابا 1050000 هكتار فالمغرب.,1,MBZUAI-Paris/Atlas-Chat-9B,1,1,1,"مدعوم: نعم
مطابق: نعم",1,0,Atlas-Chat-9B/v2,0
w048,B,"['wiki_01378', 'wiki_02386', 'wiki_02824', 'wiki_02385', 'wiki_00633']",الزراعة المسقية كتساهم في 75% من الصادرات الفلاحية.,1,MBZUAI-Paris/Atlas-Chat-9B,1,1,1,"مدعوم: نعم
مطابق: نعم",1,0,Atlas-Chat-9B/v2,0
w049,B,"['wiki_02226', 'wiki_02225', 'wiki_02227', 'wiki_02609', 'wiki_01486']",بنك المغرب وسع النطاق ديال تقلب سعر الصرف من 0.3٪ ل 2.5٪.,1,MBZUAI-Paris/Atlas-Chat-9B,1,1,1,"مدعوم: نعم
مطابق: نعم",1,0,Atlas-Chat-9B/v2,0
w050,B,"['wiki_00806', 'wiki_00416', 'wiki_02609', 'wiki_00535', 'wiki_02610']",الهدف ديال الحكومة هو باش تنقص الدين العمومي لـ60% من إجمالي الناتج المحلي بحلول عام 2021.,1,MBZUAI-Paris/Atlas-Chat-9B,1,1,1,"مدعوم: نعم
مطابق: نعم",1,0,Atlas-Chat-9B/v2,0
w051,B,"['wiki_01040', 'wiki_01981', 'wiki_01035', 'wiki_01983', 'wiki_01043']",ثورة الشيخ بوعمامة دامت ثماني وعشرين سنة.,1,MBZUAI-Paris/Atlas-Chat-9B,1,1,1,"مدعوم: نعم
مطابق: نعم",1,0,Atlas-Chat-9B/v2,0
w052,B,"['wiki_01040', 'wiki_01684', 'wiki_01505', 'wiki_00620', 'wiki_02278']",19 ماي 1881م,1,MBZUAI-Paris/Atlas-Chat-9B,1,1,1,"مدعوم: نعم
مطابق: نعم",1,0,Atlas-Chat-9B/v2,0
w053,B,"['wiki_02950', 'wiki_02956', 'wiki_02953', 'wiki_02954', 'wiki_02952']",المعلومة غير متوفرة في النصوص.,0,MBZUAI-Paris/Atlas-Chat-9B,0,0,1,"مدعوم: لا
مطابق: لا",0,1,Atlas-Chat-9B/v2,1
w054,B,"['wiki_02950', 'wiki_02954', 'wiki_02953', 'wiki_00972', 'wiki_02956']",المكونات الأساسية ديال السلطة فالمطبخ ديال يهود المغرب كتشمل مجموعة متنوعة من التوابل والبقوليات والخضروات والأسماك.,0,MBZUAI-Paris/Atlas-Chat-9B,0,0,1,"مدعوم: لا
مطابق: لا",0,0,Atlas-Chat-9B/v2,0
w055,B,"['wiki_00949', 'wiki_00200', 'wiki_00936', 'wiki_02497', 'wiki_00948']",أكثر من أربعة وثلاثين موقع.,1,MBZUAI-Paris/Atlas-Chat-9B,1,1,1,"مدعوم: نعم
مطابق: نعم",1,0,Atlas-Chat-9B/v2,0
w056,B,"['wiki_00949', 'wiki_02671', 'wiki_00948', 'wiki_00939', 'wiki_00936']",النقوش الصخرية ديال السمارة كيرجع تاريخها لفترات ما قبل التاريخ، وخاصة فترة ما قبل الإسلام.,1,MBZUAI-Paris/Atlas-Chat-9B,1,0,1,"مدعوم: نعم
مطابق: لا",0,0,Atlas-Chat-9B/v2,0
w057,B,"['wiki_02594', 'wiki_02596', 'wiki_02597', 'wiki_02595', 'wiki_00043']",سعيد العلام,1,MBZUAI-Paris/Atlas-Chat-9B,1,1,1,"مدعوم: نعم
مطابق: نعم",1,0,Atlas-Chat-9B/v2,0
w058,B,"['wiki_02594', 'wiki_02596', 'wiki_02597', 'wiki_00059', 'wiki_02595']",رواية عذراء غرناطة ربحات جائزة كتارا للرواية العربية في صنف الرواية غير المنشورة، سنة 2020.,1,MBZUAI-Paris/Atlas-Chat-9B,1,1,1,"مدعوم: نعم
مطابق: نعم",1,0,Atlas-Chat-9B/v2,0
w059,B,"['wiki_01477', 'wiki_01476', 'wiki_00366', 'wiki_01267', 'wiki_01155']",البوليساريو اقترح باش غير الصحراويين اللي دار الاستعمار الإسباني إحصاؤهم ف 1974 يقدرو يشاركو فالاستفتاء.,1,MBZUAI-Paris/Atlas-Chat-9B,1,1,1,"مدعوم: نعم
مطابق: نعم",1,0,Atlas-Chat-9B/v2,0
w060,B,"['wiki_01477', 'wiki_01266', 'wiki_00352', 'wiki_00301', 'wiki_01659']",إقليم الساقية الحمراء,1,MBZUAI-Paris/Atlas-Chat-9B,1,0,1,"مدعوم: نعم
مطابق: لا",0,0,Atlas-Chat-9B/v2,0
w061,B,"['wiki_02133', 'wiki_00651', 'wiki_00652', 'wiki_02130', 'wiki_02132']",13 ماي 1801,1,MBZUAI-Paris/Atlas-Chat-9B,1,1,1,"مدعوم: نعم
مطابق: نعم",1,0,Atlas-Chat-9B/v2,0
w062,B,"['wiki_02129', 'wiki_00651', 'wiki_00136', 'wiki_02130', 'wiki_00652']",الحرب بدات فعهد توماس جيفرسون.,1,MBZUAI-Paris/Atlas-Chat-9B,1,1,1,"مدعوم: نعم
مطابق: نعم",1,0,Atlas-Chat-9B/v2,0
w063,B,"['wiki_00873', 'wiki_00879', 'wiki_00871', 'wiki_00878', 'wiki_00872']",الصناعات التقليدية لي مشهور بيها مركز الريش هي الزربية والجلباب.,1,MBZUAI-Paris/Atlas-Chat-9B,1,1,1,"مدعوم: نعم
مطابق: نعم",1,1,Atlas-Chat-9B/v2,0
w064,B,"['wiki_00879', 'wiki_00873', 'wiki_00871', 'wiki_00878', 'wiki_00874']",الصناعات لي ماشي كاينة فمنطقة الريش هي: صناعة الفخار، الدباغة، صياغة الحلي.,1,MBZUAI-Paris/Atlas-Chat-9B,1,1,1,"مدعوم: نعم
مطابق: نعم",1,0,Atlas-Chat-9B/v2,0
w065,B,"['wiki_00622', 'wiki_02899', 'wiki_01062', 'wiki_00193', 'wiki_01790']",الأمازيغ ديال الأطلس المتوسط عاشو في جماعات منعزلة ومغلقة، كل قبيلة كيان مستقل بخصوصياتها، بلا علاقات واضحة مع القبائل المجاورة.,1,MBZUAI-Paris/Atlas-Chat-9B,1,1,1,"مدعوم: نعم
مطابق: نعم",1,0,Atlas-Chat-9B/v2,0
w066,B,"['wiki_00622', 'wiki_01061', 'wiki_00237', 'wiki_01714', 'wiki_02180']",لا، القبائل الأمازيغية ما عرفات حتى شي شكل ديال الاتحاد الكونفدرالي، رغم أنهم عاشو تحت الغزوات الفينيقية والرومانية والوندالية والعربية، بقات هاد المجموعات السكانية معزولة وما احتكوش بالحضارات لي حكمو منطقة المغرب الكبير.,1,MBZUAI-Paris/Atlas-Chat-9B,1,0,1,"مدعوم: نعم
مطابق: لا",1,0,Atlas-Chat-9B/v2,0
w067,B,"['wiki_00872', 'wiki_00879', 'wiki_02825', 'wiki_02955', 'wiki_00343']",سعة وحدة التبريد لي كتحفظ التفاح فالريش هي 1600 طن.,1,MBZUAI-Paris/Atlas-Chat-9B,1,1,1,"مدعوم: نعم
مطابق: نعم",1,0,Atlas-Chat-9B/v2,0
w068,B,"['wiki_00872', 'wiki_00879', 'wiki_00878', 'wiki_00868', 'wiki_00875']",الفائض ديال تعاونية الحليب ديال الريش كيتباع فمدينة مكناس.,1,MBZUAI-Paris/Atlas-Chat-9B,1,1,1,"مدعوم: نعم
مطابق: نعم",1,0,Atlas-Chat-9B/v2,0
w069,B,"['wiki_00797', 'wiki_01254', 'wiki_01253', 'wiki_00645', 'wiki_02204']",المعلومة غير متوفرة في النصوص.,0,MBZUAI-Paris/Atlas-Chat-9B,0,0,1,"مدعوم: لا
مطابق: لا",0,1,Atlas-Chat-9B/v2,1
w070,B,"['wiki_01791', 'wiki_01796', 'wiki_02002', 'wiki_00883', 'wiki_01792']","الإسبان سماو الموقع ديال المهدية بسمية ""المعمورة"" أو ""الحلق"" أو ""حلق سبو"".",0,MBZUAI-Paris/Atlas-Chat-9B,0,0,1,"مدعوم: لا
مطابق: لا",0,0,Atlas-Chat-9B/v2,0
w071,B,"['wiki_01791', 'wiki_01796', 'wiki_01510', 'wiki_01795', 'wiki_01797']",الإسبان حطو 1500 جندي فالحامية ديال المهدية.,1,MBZUAI-Paris/Atlas-Chat-9B,1,1,1,"مدعوم: نعم
مطابق: نعم",1,0,Atlas-Chat-9B/v2,0
w072,B,"['wiki_01795', 'wiki_01794', 'wiki_01677', 'wiki_00685', 'wiki_00845']",الإسبان بقاو فالمعمورة بين 1614 و1681.,1,MBZUAI-Paris/Atlas-Chat-9B,1,1,1,"مدعوم: نعم
مطابق: نعم",1,0,Atlas-Chat-9B/v2,0
w073,B,"['wiki_02019', 'wiki_01953', 'wiki_02017', 'wiki_01897', 'wiki_02837']",المعلومة غير متوفرة في النصوص,1,MBZUAI-Paris/Atlas-Chat-9B,0,0,1,"مدعوم: لا
مطابق: لا",0,0,Atlas-Chat-9B/v2,1
w074,B,"['wiki_02015', 'wiki_02016', 'wiki_02017', 'wiki_02020', 'wiki_01148']",الجماعة فمدينة جرادة كانت مكونة من قبائل سكان المغرب الأصليون بحال قبائل زناتة ومديونة.,0,MBZUAI-Paris/Atlas-Chat-9B,0,0,1,"مدعوم: لا
مطابق: لا",0,0,Atlas-Chat-9B/v2,0
w075,B,"['wiki_01101', 'wiki_01103', 'wiki_02130', 'wiki_00920', 'wiki_01965']",السلالة ديال البقر والماس زعير كتنتشر في الرماني، زمور، زعير، وقبائل زيان خاصة في مريرت.,1,MBZUAI-Paris/Atlas-Chat-9B,1,1,1,"مدعوم: نعم
مطابق: نعم",1,0,Atlas-Chat-9B/v2,0
w076,B,"['wiki_01101', 'wiki_02812', 'wiki_00920', 'wiki_02867', 'wiki_00784']",تكتشفات ف 1981,1,MBZUAI-Paris/Atlas-Chat-9B,1,1,1,"مدعوم: نعم
مطابق: نعم",0,0,Atlas-Chat-9B/v2,0
w077,B,"['wiki_01101', 'wiki_01103', 'wiki_00263', 'wiki_01102', 'wiki_01099']",سلالة مكناس هي لي مخصصة لإنتاج الحليب بلا منازع.,1,MBZUAI-Paris/Atlas-Chat-9B,1,1,1,"مدعوم: نعم
مطابق: نعم",1,0,Atlas-Chat-9B/v2,0
w078,B,"['wiki_00645', 'wiki_00643', 'wiki_00646', 'wiki_00647', 'wiki_00644']",مدينة الحاجب كاينة على ارتفاع 1200 متر فوق سطح البحر.,1,MBZUAI-Paris/Atlas-Chat-9B,1,1,1,"مدعوم: نعم
مطابق: نعم",1,0,Atlas-Chat-9B/v2,0
w079,B,"['wiki_00643', 'wiki_00645', 'wiki_00646', 'wiki_00644', 'wiki_00647']",مدينة الحاجب بعيدة على مكناس ب 32 كيلومتر.,1,MBZUAI-Paris/Atlas-Chat-9B,1,1,1,"مدعوم: نعم
مطابق: نعم",1,0,Atlas-Chat-9B/v2,0
w080,B,"['wiki_00643', 'wiki_00645', 'wiki_00646', 'wiki_00647', 'wiki_00767']",أشهر مغارة فمدينة الحاجب هي مغارة تشبه وجه الأسد.,1,MBZUAI-Paris/Atlas-Chat-9B,1,1,1,"مدعوم: نعم
مطابق: نعم",1,0,Atlas-Chat-9B/v2,0
w081,B,"['wiki_01214', 'wiki_01216', 'wiki_01215', 'wiki_01104', 'wiki_01217']",المعرض الدولي ديال الفلاحة فالمغرب كيدوم 6 أيام.,1,MBZUAI-Paris/Atlas-Chat-9B,1,1,1,"مدعوم: نعم
مطابق: نعم",1,0,Atlas-Chat-9B/v2,0
w082,B,"['wiki_01214', 'wiki_01216', 'wiki_01215', 'wiki_01104', 'wiki_01217']",الأيام الثلاثة الأولى مخصصة للمحترفين، والأيام الثلاثة الأخرى مفتوحة لعامة الناس.,1,MBZUAI-Paris/Atlas-Chat-9B,1,1,1,"مدعوم: نعم
مطابق: نعم",1,0,Atlas-Chat-9B/v2,0
w083,B,"['wiki_01214', 'wiki_01216', 'wiki_01215', 'wiki_01104', 'wiki_01217']","المعرض كيوصل ل 370,000 متر مربع.",1,MBZUAI-Paris/Atlas-Chat-9B,1,1,1,"مدعوم: نعم
مطابق: نعم",1,0,Atlas-Chat-9B/v2,0
w084,B,"['wiki_02294', 'wiki_02926', 'wiki_00632', 'wiki_00457', 'wiki_02924']",الاقتصاد ديال مرزوكة كيعتمد على السياحة، حيت كيجيو ليها بزاف ديال السياح كل شهر باش يزورو الكثبان الرملية الزوينين و يديرو العلاج.,0,MBZUAI-Paris/Atlas-Chat-9B,1,1,1,"مدعوم: نعم
مطابق: نعم",1,0,Atlas-Chat-9B/v2,0
w085,B,"['wiki_02924', 'wiki_02926', 'wiki_02927', 'wiki_01942', 'wiki_01941']",مدينة مرزوكة كتعاني من مشاكل فالتعليم، بحال الغياب المتكرر ديال الأساتذة والمرافق المهمشة، وحتى ما كاينش مدرسة إعدادية ولا ثانوية، وهاد الشي كيخلي التلاميذ يقطعو كيلومترات باش يوصلو للمدرسة فمدينة الريصاني. زيادة على هادشي، كاين مشاكل فالموارد المائية، بحال,0,MBZUAI-Paris/Atlas-Chat-9B,0,0,1,"مدعوم: لا
مطابق: لا",1,0,Atlas-Chat-9B/v2,0
w086,B,"['wiki_01372', 'wiki_01373', 'wiki_00350', 'wiki_00572', 'wiki_01071']",تم افتتاحها سنة 2012 في إطار مخطط التسريع الصناعي للمغرب.,1,MBZUAI-Paris/Atlas-Chat-9B,1,1,1,"مدعوم: نعم
مطابق: نعم",1,0,Atlas-Chat-9B/v2,0
w087,B,"['wiki_01372', 'wiki_00424', 'wiki_00796', 'wiki_00795', 'wiki_00778']",المنطقة الحرة الأطلسية بعيدة على الدار البيضاء بحوالي 120 كيلومتر.,1,MBZUAI-Paris/Atlas-Chat-9B,1,1,1,"مدعوم: نعم
مطابق: نعم",1,0,Atlas-Chat-9B/v2,0
w088,B,"['wiki_01372', 'wiki_01373', 'wiki_00707', 'wiki_00145', 'wiki_00439']",الموقع والبنية التحتية تقع المنطقة الحرة الأطلسية على مساحة تقارب 500 هكتار بالقرب من مدينة القنيطرة، وعلى بُعد حوالي 120 كيلومترًا من مدينة الدار البيضاء و40 كيلومترًا من ميناء القنيطرة الأطلسي.,1,MBZUAI-Paris/Atlas-Chat-9B,1,1,1,"مدعوم: نعم
مطابق: نعم",1,0,Atlas-Chat-9B/v2,0
w089,B,"['wiki_01161', 'wiki_01162', 'wiki_01163', 'wiki_00455', 'wiki_02173']",تحدثات اللجنة الوطنية لمناخ الأعمال ف 2009 و كيرأسها رئيس الحكومة.,1,MBZUAI-Paris/Atlas-Chat-9B,1,1,1,"مدعوم: نعم
مطابق: نعم",0,0,Atlas-Chat-9B/v2,0
w090,B,"['wiki_01161', 'wiki_01162', 'wiki_01163', 'wiki_00455', 'wiki_01408']",الهدف ديال اللجنة الوطنية لمناخ الأعمال هو اقتراح التدابير الرامية إلى تحسين الإطار القانوني والتنظيمي للأعمال، وتنسيق تنفيذها، وتقييم أثرها على القطاعات المعنية.,1,MBZUAI-Paris/Atlas-Chat-9B,1,1,1,"مدعوم: نعم
مطابق: نعم",1,0,Atlas-Chat-9B/v2,0
w091,B,"['wiki_01768', 'wiki_00904', 'wiki_01715', 'wiki_01785', 'wiki_01267']",لا، المغرب الأقصى كان مستقل عن الحكم العثماني.,1,MBZUAI-Paris/Atlas-Chat-9B,1,0,1,"مدعوم: نعم
مطابق: لا",1,0,Atlas-Chat-9B/v2,0
w092,B,"['wiki_02187', 'wiki_00904', 'wiki_02700', 'wiki_00196', 'wiki_02702']",مراكش,1,MBZUAI-Paris/Atlas-Chat-9B,1,1,1,"مدعوم: نعم
مطابق: نعم",1,0,Atlas-Chat-9B/v2,0
w093,B,"['wiki_00323', 'wiki_00324', 'wiki_00325', 'wiki_01660', 'wiki_01658']",إقليم شنقيط تابع لموريتانيا من 1960.,1,MBZUAI-Paris/Atlas-Chat-9B,1,1,1,"مدعوم: نعم
مطابق: نعم",1,0,Atlas-Chat-9B/v2,0
w094,B,"['wiki_00324', 'wiki_00930', 'wiki_00325', 'wiki_01328', 'wiki_01276']",حسب الحجج التاريخية، السيادة ديال سلاطين المغرب وصلات لنهر السنغال.,1,MBZUAI-Paris/Atlas-Chat-9B,1,1,1,"مدعوم: نعم
مطابق: نعم",1,0,Atlas-Chat-9B/v2,0
w095,B,"['wiki_02031', 'wiki_02675', 'wiki_02037', 'wiki_00901', 'wiki_02456']",سوق خميس تمسمان بعيد 2 كيلومتر على وسط مدينة كرونة.,1,MBZUAI-Paris/Atlas-Chat-9B,1,1,1,"مدعوم: نعم
مطابق: نعم",1,0,Atlas-Chat-9B/v2,0
w096,B,"['wiki_00650', 'wiki_00649', 'wiki_02385', 'wiki_01378', 'wiki_01105']",الزيادة الأخيرة فالأجر الفلاحي تصادق عليها بموجب المرسوم رقم 2.24.1122 فـ26 دجنبر 2024.,1,MBZUAI-Paris/Atlas-Chat-9B,1,1,1,"مدعوم: نعم
مطابق: نعم",1,0,Atlas-Chat-9B/v2,0
w097,B,"['wiki_00650', 'wiki_00373', 'wiki_02973', 'wiki_00649', 'wiki_01489']",اتفاق أبريل 2011 نص على توحيد الحد الأدنى للأجور بين القطاعات الفلاحية وغير الفلاحية خلال ثلاث سنوات.,1,MBZUAI-Paris/Atlas-Chat-9B,1,1,1,"مدعوم: نعم
مطابق: نعم",1,0,Atlas-Chat-9B/v2,0
w098,B,"['wiki_01204', 'wiki_00474', 'wiki_01203', 'wiki_00487', 'wiki_01736']",المدرسة البوعنانية تبنات ما بين عامي 1350م و1355م.,1,MBZUAI-Paris/Atlas-Chat-9B,1,1,1,"مدعوم: نعم
مطابق: نعم",1,0,Atlas-Chat-9B/v2,0
w099,B,"['wiki_01204', 'wiki_01203', 'wiki_01453', 'wiki_01205', 'wiki_01613']",المعلومة غير متوفرة في النصوص.,1,MBZUAI-Paris/Atlas-Chat-9B,0,0,1,"مدعوم: لا
مطابق: لا",1,1,Atlas-Chat-9B/v2,1
w100,B,"['wiki_01367', 'wiki_01366', 'wiki_00226', 'wiki_00942', 'wiki_00613']",الطيارة بوينغ 767-300 ديال المسار نيويورك - مراكش فيها 167 مقعد.,1,MBZUAI-Paris/Atlas-Chat-9B,1,1,1,"مدعوم: نعم
مطابق: نعم",1,0,Atlas-Chat-9B/v2,0
w101,B,"['wiki_02635', 'wiki_02640', 'wiki_02644', 'wiki_02645', 'wiki_02641']",ما تتعدى 200 ملم فالعام.,1,MBZUAI-Paris/Atlas-Chat-9B,1,1,1,"مدعوم: نعم
مطابق: نعم",0,0,Atlas-Chat-9B/v2,0
w102,B,"['wiki_02640', 'wiki_02635', 'wiki_02644', 'wiki_02642', 'wiki_02639']",الحرارة كتفوت 39.6 درجة فالصيف فعين بني مطهر.,1,MBZUAI-Paris/Atlas-Chat-9B,1,1,1,"مدعوم: نعم
مطابق: نعم",0,0,Atlas-Chat-9B/v2,0
w103,B,"['wiki_02643', 'wiki_02644', 'wiki_02635', 'wiki_02642', 'wiki_02640']",أبرز الوديان ديال عين بني مطهر هوما: واد الشارف، واد تبودة، واد مسخسخة، واد وزين.,1,MBZUAI-Paris/Atlas-Chat-9B,1,1,1,"مدعوم: نعم
مطابق: نعم",1,0,Atlas-Chat-9B/v2,0
w104,B,"['wiki_00431', 'wiki_01650', 'wiki_00427', 'wiki_00430', 'wiki_01408']",النموذج الاقتصادي المغربي ما بين 1956 و1982 كان مختلط، تداخل فيه النزعة اللبرالية مع التوجيه الاقتصادي، وسياسة تجارية حمائية، وتدخل وازن للسلطات الحكومية في السياسات الاقتصادية والاجتماعية.,1,MBZUAI-Paris/Atlas-Chat-9B,1,1,1,"مدعوم: نعم
مطابق: نعم",1,1,Atlas-Chat-9B/v2,0
w105,B,"['wiki_00431', 'wiki_00461', 'wiki_00430', 'wiki_02725', 'wiki_01650']",أولى الأوراش الاقتصادية ديال أول حكومات مغربية من بعد الاستقلال كانت إرساء الاستقلالية الاقتصادية، حيت البلاد كانت خارجة للتو من الاستعمار.,1,MBZUAI-Paris/Atlas-Chat-9B,1,1,1,"مدعوم: نعم
مطابق: نعم",1,1,Atlas-Chat-9B/v2,0
w106,B,"['wiki_00565', 'wiki_01491', 'wiki_01490', 'wiki_02224', 'wiki_01486']",البنك المخزني المغربي تأسس فعام 1907 فطنجة، المغرب.,1,MBZUAI-Paris/Atlas-Chat-9B,1,1,1,"مدعوم: نعم
مطابق: نعم",1,0,Atlas-Chat-9B/v2,0
w107,B,"['wiki_00565', 'wiki_01489', 'wiki_01486', 'wiki_01490', 'wiki_01488']",البنك المخزني المغربي دار دور البنك المركزي للدولة المغربية حتى لعام 1959.,1,MBZUAI-Paris/Atlas-Chat-9B,1,1,1,"مدعوم: نعم
مطابق: نعم",1,0,Atlas-Chat-9B/v2,0
w108,B,"['wiki_02856', 'wiki_00716', 'wiki_00717', 'wiki_00719', 'wiki_00692']",السبب الرئيسي لي خلا مؤتمر الجزيرة الخضراء يتنظم فـ1906 هو الأزمة المغربية الأولى عام 1905 بين فرنسا وألمانيا، لي نشأت من رد ألمانيا على جهود فرنسا لإنشاء محمية على دولة المغرب المستقلة.,0,MBZUAI-Paris/Atlas-Chat-9B,0,0,1,"مدعوم: لا
مطابق: لا",1,0,Atlas-Chat-9B/v2,0
w109,B,"['wiki_00738', 'wiki_00734', 'wiki_00737', 'wiki_00732', 'wiki_02252']",السفير الثاني كان أحمد بن المهدي الغزال.,1,MBZUAI-Paris/Atlas-Chat-9B,1,1,1,"مدعوم: نعم
مطابق: نعم",1,0,Atlas-Chat-9B/v2,0
w110,B,"['wiki_00738', 'wiki_00694', 'wiki_01685', 'wiki_02086', 'wiki_02906']","محمد بن عثمان المكناسي سفير السلطان محمد الثالث لدى بلاط ""كارلوس الثالث"" اللي زار إسبانيا في الفترة المتراوحة بين 1193 هـ 1194 هـ / 1779م و1780م باش يوقع معاه معاهدة لتجديد الصلح بين الدولتين وإطلاق صراح الأسرى الجزائريين في إسبانيا.",1,MBZUAI-Paris/Atlas-Chat-9B,1,1,1,"مدعوم: نعم
مطابق: نعم",1,0,Atlas-Chat-9B/v2,0
w111,B,"['wiki_02472', 'wiki_00139', 'wiki_00114', 'wiki_02730', 'wiki_00070']",كلمة أصفراو بالأمازيغية كتعني المنطقة المقعرة.,1,MBZUAI-Paris/Atlas-Chat-9B,1,1,1,"مدعوم: نعم
مطابق: نعم",1,0,Atlas-Chat-9B/v2,0
w112,B,"['wiki_02476', 'wiki_02473', 'wiki_02472', 'wiki_02479', 'wiki_02471']",أول ناس ديال صفرو كانو ساكنين فالكهوف والمغارات، وبعض منهم مازال ساكنين فالكهوف حتى لدابا.,1,MBZUAI-Paris/Atlas-Chat-9B,1,1,1,"مدعوم: نعم
مطابق: نعم",1,0,Atlas-Chat-9B/v2,0
w113,B,"['wiki_02472', 'wiki_02471', 'wiki_02479', 'wiki_02480', 'wiki_02481']",البلدة لي قريبة من صفرو وباقي فيها شي ناس ساكنين فالكهوف هي البهاليل.,1,MBZUAI-Paris/Atlas-Chat-9B,1,1,1,"مدعوم: نعم
مطابق: نعم",1,0,Atlas-Chat-9B/v2,0
w114,B,"['wiki_01117', 'wiki_01135', 'wiki_01120', 'wiki_01113', 'wiki_01133']",القصر الصغير بعيد على الطريق لي كتربط طنجة وتطوان ب 35 كيلومتر.,1,MBZUAI-Paris/Atlas-Chat-9B,1,1,1,"مدعوم: نعم
مطابق: نعم",0,0,Atlas-Chat-9B/v2,0
w115,B,"['wiki_01117', 'wiki_01123', 'wiki_01118', 'wiki_00079', 'wiki_01133']",البقايا الأثرية لي كاينة فموقع القصر الصغير هي مسجد، وحمام، ومركز تجاري تعود إلى فترات تاريخية تمتد من القرن 12 الميلادي إلى غاية القرن 14 الميلادي.,1,MBZUAI-Paris/Atlas-Chat-9B,1,1,1,"مدعوم: نعم
مطابق: نعم",1,0,Atlas-Chat-9B/v2,0
w116,B,"['wiki_01117', 'wiki_00152', 'wiki_01118', 'wiki_01330', 'wiki_00626']",الجيش البرتغالي استولى على القصر الصغير فـ23 أكتوبر 1458م، وكان ألفونس الخامس هو اللي كان كيقودو.,1,MBZUAI-Paris/Atlas-Chat-9B,1,1,1,"مدعوم: نعم
مطابق: نعم",1,0,Atlas-Chat-9B/v2,0
w117,B,"['wiki_00050', 'wiki_00183', 'wiki_00029', 'wiki_02220', 'wiki_01242']",ألبرت حوراني,1,MBZUAI-Paris/Atlas-Chat-9B,1,1,1,"مدعوم: نعم
مطابق: نعم",1,0,Atlas-Chat-9B/v2,0
w118,B,"['wiki_01242', 'wiki_01243', 'wiki_00641', 'wiki_01228', 'wiki_02180']",المحاكِم والوزارات والجيش,1,MBZUAI-Paris/Atlas-Chat-9B,1,1,1,"مدعوم: نعم
مطابق: نعم",1,0,Atlas-Chat-9B/v2,0
w119,B,"['wiki_02765', 'wiki_02684', 'wiki_01894', 'wiki_02455', 'wiki_02685']",القصبة المخزنية فتزنيت كتبلغ مساحتها الإجمالية 6704م² وعدد أبراجها 5.,1,MBZUAI-Paris/Atlas-Chat-9B,1,1,1,"مدعوم: نعم
مطابق: نعم",1,0,Atlas-Chat-9B/v2,0
w120,B,"['wiki_02712', 'wiki_01890', 'wiki_01899', 'wiki_01894', 'wiki_01892']",القصبة المخزنية ديال تزنيت كتنسب للقائد الحاحي محمد أغناج.,1,MBZUAI-Paris/Atlas-Chat-9B,1,1,1,"مدعوم: نعم
مطابق: نعم",1,0,Atlas-Chat-9B/v2,0
w121,B,"['wiki_02269', 'wiki_02268', 'wiki_01458', 'wiki_00141', 'wiki_02905']",كانت معروفة بقصبة المرينيين فالعصر المريني.,1,MBZUAI-Paris/Atlas-Chat-9B,1,1,1,"مدعوم: نعم
مطابق: نعم",1,0,Atlas-Chat-9B/v2,0
w122,B,"['wiki_02787', 'wiki_00626', 'wiki_02786', 'wiki_00139', 'wiki_00625']",البرتغاليين استعجلو احتلال أزمور حيت كان فيها بزاف د الحوت، خاصة الشابل والتون، وكانو الأوروبيين كيشريوه بزاف.,1,MBZUAI-Paris/Atlas-Chat-9B,1,1,1,"مدعوم: نعم
مطابق: نعم",1,0,Atlas-Chat-9B/v2,0
w123,B,"['wiki_02787', 'wiki_01867', 'wiki_00161', 'wiki_00159', 'wiki_00305']",إسبانيا بنات برج عسكري عند مصب وادي الشبيكة فعام 1476.,1,MBZUAI-Paris/Atlas-Chat-9B,1,1,1,"مدعوم: نعم
مطابق: نعم",1,0,Atlas-Chat-9B/v2,0
w124,B,"['wiki_02319', 'wiki_02324', 'wiki_02321', 'wiki_02320', 'wiki_02322']",لعاصمة ديال الشاوية.,1,MBZUAI-Paris/Atlas-Chat-9B,1,0,1,"مدعوم: نعم
مطابق: لا",1,0,Atlas-Chat-9B/v2,0
w125,B,"['wiki_02319', 'wiki_02429', 'wiki_00796', 'wiki_02324', 'wiki_02323']",83 كم,1,MBZUAI-Paris/Atlas-Chat-9B,1,1,1,"مدعوم: نعم
مطابق: نعم",1,0,Atlas-Chat-9B/v2,0
w126,B,"['wiki_02319', 'wiki_02320', 'wiki_02323', 'wiki_02324', 'wiki_02321']",الرمز ديال مدينة سطات هو الحصان.,1,MBZUAI-Paris/Atlas-Chat-9B,1,1,1,"مدعوم: نعم
مطابق: نعم",1,0,Atlas-Chat-9B/v2,0
w127,B,"['wiki_02319', 'wiki_02429', 'wiki_00218', 'wiki_02323', 'wiki_01253']",الارتفاع ديال سطات على سطح البحر هو تقريبا 370 متر.,1,MBZUAI-Paris/Atlas-Chat-9B,1,1,1,"مدعوم: نعم
مطابق: نعم",1,0,Atlas-Chat-9B/v2,0
w128,B,"['wiki_02445', 'wiki_00186', 'wiki_02444', 'wiki_00187', 'wiki_01749']",البييض,1,MBZUAI-Paris/Atlas-Chat-9B,1,1,1,"مدعوم: نعم
مطابق: نعم",0,0,Atlas-Chat-9B/v2,0
w129,B,"['wiki_00186', 'wiki_02235', 'wiki_01747', 'wiki_02238', 'wiki_02574']",المرابطين كانو كيستعملو اللون الكحل باش يبينو اعترافهم الاسمي بشرعية الخلافة العباسية.,0,MBZUAI-Paris/Atlas-Chat-9B,1,1,1,"مدعوم: نعم
مطابق: نعم",1,0,Atlas-Chat-9B/v2,0
w130,B,"['wiki_01860', 'wiki_01857', 'wiki_01861', 'wiki_01828', 'wiki_01849']",المناخ ديال تاوريرت كيتحكم فيه مجموعة من المعطيات الطبيعية، بما فيها الموقع ديالها بين السلاسل الجبلية اللي كتوقف الكتل الهوائية الرطبة من الشمال والغرب.,1,MBZUAI-Paris/Atlas-Chat-9B,1,1,1,"مدعوم: نعم
مطابق: نعم",1,0,Atlas-Chat-9B/v2,0
w131,B,"['wiki_01845', 'wiki_01849', 'wiki_01847', 'wiki_01855', 'wiki_01853']",اقتصاد تاوريرت كان كيعتمد على المهاجرين ديالها لي كيرجعو كل صيف.,0,MBZUAI-Paris/Atlas-Chat-9B,0,0,1,"مدعوم: لا
مطابق: لا",0,0,Atlas-Chat-9B/v2,0
w132,B,"['wiki_02297', 'wiki_02303', 'wiki_01812', 'wiki_02307', 'wiki_02304']",كانت مدينة سجلماسة التاريخية كاينة في جنوب الأطلس الكبير، مقابلة لمدينة الريصاني في تافيلالت الحالية، في المملكة المغربية.,1,MBZUAI-Paris/Atlas-Chat-9B,1,1,1,"مدعوم: نعم
مطابق: نعم",1,0,Atlas-Chat-9B/v2,0
w133,B,"['wiki_02297', 'wiki_01730', 'wiki_01734', 'wiki_02700', 'wiki_01705']",المعلومة غير متوفرة في النصوص,1,MBZUAI-Paris/Atlas-Chat-9B,0,0,1,"مدعوم: لا
مطابق: لا",0,1,Atlas-Chat-9B/v2,1
w134,B,"['wiki_02297', 'wiki_02299', 'wiki_02304', 'wiki_02302', 'wiki_02307']",سجلماسة تبنات فعام 140 هـ/757م من قبل عيسى بن يزيد الأسود.,1,MBZUAI-Paris/Atlas-Chat-9B,1,1,1,"مدعوم: نعم
مطابق: نعم",1,0,Atlas-Chat-9B/v2,0
w135,B,"['wiki_01432', 'wiki_01653', 'wiki_01144', 'wiki_01199', 'wiki_00492']",الضريبة على القيمة المضافة ترفعات من 17% لـ19% فـ1984.,1,MBZUAI-Paris/Atlas-Chat-9B,1,1,1,"مدعوم: نعم
مطابق: نعم",1,0,Atlas-Chat-9B/v2,0
w136,B,"['chunk_030', 'wiki_01432', 'wiki_02330', 'wiki_02331', 'wiki_01429']",ارتفاع أسعار المواد الاستهلاكية الرئيسية في 1983، 18 % بالنسبة للسكر و 67 % بالنسبة للزبدة و 20 % للمحروقات.,1,MBZUAI-Paris/Atlas-Chat-9B,1,1,1,"مدعوم: نعم
مطابق: نعم",1,0,Atlas-Chat-9B/v2,0
w137,B,"['wiki_02057', 'wiki_01432', 'wiki_02252', 'wiki_02588', 'wiki_01524']",الرسوم لي مفروضة على لي غاديين على رجليهم فالناضور كانت 100 درهم.,1,MBZUAI-Paris/Atlas-Chat-9B,1,0,1,"مدعوم: نعم
مطابق: لا",1,0,Atlas-Chat-9B/v2,0
w138,B,"['wiki_02057', 'wiki_02055', 'wiki_02039', 'wiki_02047', 'wiki_02053']",مصادر الدخل ديال جمهورية الريف كانت فيها: الضرائب على شكل فلوس ولا محاصيل، مداخيل الزكاة، الغرامات، تبرعات السكان والقبائل، وفداء الأسرى.,1,MBZUAI-Paris/Atlas-Chat-9B,1,1,1,"مدعوم: نعم
مطابق: نعم",1,0,Atlas-Chat-9B/v2,0
w139,B,"['wiki_02057', 'wiki_01509', 'wiki_01919', 'wiki_01524', 'wiki_01684']",20 ألف بيزيتا,1,MBZUAI-Paris/Atlas-Chat-9B,1,1,1,"مدعوم: نعم
مطابق: نعم",1,0,Atlas-Chat-9B/v2,0
w140,B,"['wiki_02057', 'wiki_02050', 'wiki_02043', 'wiki_02055', 'wiki_01443']",حكومة الريف تبعت سياسة منصوصة في المذهب المالكي وهي سحب الأراضي الفلاحية من من يعجز أو يتهاون في زراعتها وذلك للحفاظ على الإنتاج.,1,MBZUAI-Paris/Atlas-Chat-9B,1,1,1,"مدعوم: نعم
مطابق: نعم",1,0,Atlas-Chat-9B/v2,0
w141,B,"['wiki_00062', 'wiki_00048', 'wiki_00055', 'wiki_00038', 'wiki_01263']",عزيز أخنوش,1,MBZUAI-Paris/Atlas-Chat-9B,1,1,1,"مدعوم: نعم
مطابق: نعم",1,0,Atlas-Chat-9B/v2,0
w142,B,"['wiki_00526', 'wiki_00048', 'wiki_00038', 'wiki_00055', 'wiki_00747']",عبد الوافي لفتيت,1,MBZUAI-Paris/Atlas-Chat-9B,1,1,1,"مدعوم: نعم
مطابق: نعم",1,0,Atlas-Chat-9B/v2,0
w143,B,"['wiki_02467', 'wiki_02466', 'wiki_01091', 'wiki_00920', 'wiki_02738']",صالح بن عبد الحليم الإيلاني كينتمي إلى قبيلة أيلان المصمودية، المعروفة في المصادر باسم «هيلانة».,1,MBZUAI-Paris/Atlas-Chat-9B,1,1,1,"مدعوم: نعم
مطابق: نعم",1,0,Atlas-Chat-9B/v2,0
w144,B,"['wiki_02467', 'wiki_02466', 'wiki_02468', 'wiki_01115', 'wiki_02918']",الأيلاني ترعرع في مدينة نفيس، اللي كانت مركز علمي استراتيجي بين مراكش وتينمل.,1,MBZUAI-Paris/Atlas-Chat-9B,1,1,1,"مدعوم: نعم
مطابق: نعم",1,0,Atlas-Chat-9B/v2,0
w145,B,"['wiki_00604', 'wiki_00610', 'wiki_00614', 'wiki_00600', 'wiki_00606']",المعلومة غير متوفرة في النصوص.,0,MBZUAI-Paris/Atlas-Chat-9B,0,0,1,"مدعوم: لا
مطابق: لا",0,1,Atlas-Chat-9B/v2,1
w146,B,"['wiki_00604', 'wiki_00602', 'wiki_00600', 'wiki_00611', 'wiki_00609']",التهامي الكلاوي دخل أول معركة حربية وهو ابن خمسة عشر سنة.,1,MBZUAI-Paris/Atlas-Chat-9B,1,1,1,"مدعوم: نعم
مطابق: نعم",1,0,Atlas-Chat-9B/v2,0
w147,B,"['wiki_02939', 'wiki_00105', 'wiki_02940', 'wiki_00294', 'wiki_02941']",مستشفى القرب بأحفير تدشن فـ25 يوليوز 2024.,1,MBZUAI-Paris/Atlas-Chat-9B,1,1,1,"مدعوم: نعم
مطابق: نعم",1,0,Atlas-Chat-9B/v2,0
w148,B,"['wiki_02939', 'wiki_02940', 'wiki_02943', 'wiki_00105', 'wiki_01138']",وزير الصحة والحماية الاجتماعية خالد آيت الطالب.,1,MBZUAI-Paris/Atlas-Chat-9B,1,1,1,"مدعوم: نعم
مطابق: نعم",1,0,Atlas-Chat-9B/v2,0
w149,B,"['wiki_01469', 'wiki_01062', 'wiki_02900', 'wiki_01467', 'wiki_00143']",المقاومة ديال تاكفاريناس دامت سبع سنين.,1,MBZUAI-Paris/Atlas-Chat-9B,1,1,1,"مدعوم: نعم
مطابق: نعم",1,0,Atlas-Chat-9B/v2,0
w150,B,"['wiki_00149', 'wiki_02705', 'wiki_00155', 'wiki_00150', 'wiki_00151']",مدينة أصيلة مشهورة بالقصبة التاريخية ديالها، والأبواب المصنفة كتراث وطني، ومهرجانها الثقافي الدولي اللي كيتقام كل صيف.,1,MBZUAI-Paris/Atlas-Chat-9B,1,1,1,"مدعوم: نعم
مطابق: نعم",1,0,Atlas-Chat-9B/v2,0
w151,B,"['wiki_01062', 'wiki_01474', 'wiki_01064', 'wiki_01472', 'wiki_01061']",الإستغلال لي فرضو عليه الأمازيغ من طرف الرومان، بحال السيطرة على أجود الأراضي الفلاحية، فرض السخرة على السكان، واستعمال القوة في إخضاعهم.,1,MBZUAI-Paris/Atlas-Chat-9B,1,1,1,"مدعوم: نعم
مطابق: نعم",1,1,Atlas-Chat-9B/v2,0
w152,B,"['wiki_01062', 'wiki_01472', 'wiki_01474', 'wiki_01064', 'wiki_02811']",أبرز الزعماء ديال المقاومة الأمازيغية ضد الرومان هوما تاكفاريناس، أيديمون، ودونات.,1,MBZUAI-Paris/Atlas-Chat-9B,1,1,1,"مدعوم: نعم
مطابق: نعم",1,0,Atlas-Chat-9B/v2,0
w153,B,"['wiki_02491', 'wiki_02484', 'wiki_01729', 'wiki_02488', 'wiki_01411']",تأسس صندوق محمد السادس للاستثمار في عام 2021.,1,MBZUAI-Paris/Atlas-Chat-9B,1,1,1,"مدعوم: نعم
مطابق: نعم",1,0,Atlas-Chat-9B/v2,0
w154,B,"['wiki_02491', 'wiki_02484', 'wiki_01492', 'wiki_01486', 'wiki_01208']",المقر الرئيسي ديال صندوق محمد السادس للاستثمار كاين فالرباط.,1,MBZUAI-Paris/Atlas-Chat-9B,1,1,1,"مدعوم: نعم
مطابق: نعم",1,0,Atlas-Chat-9B/v2,0
w155,B,"['wiki_02491', 'wiki_02229', 'wiki_02484', 'wiki_02488', 'wiki_01359']",تععلان على صندوق محمد السادس للاستثمار في عام 2020 في سياق تدابير الإنعاش الاقتصادي المعتمدة في أعقاب جائحة كوفيد-19.,1,MBZUAI-Paris/Atlas-Chat-9B,1,1,1,"مدعوم: نعم
مطابق: نعم",1,0,Atlas-Chat-9B/v2,0
w156,B,"['wiki_02032', 'wiki_02034', 'wiki_02033', 'wiki_02038', 'wiki_02035']",كاين طبيب واحد فالمستشفى ديال جمعة سحيم.,1,MBZUAI-Paris/Atlas-Chat-9B,1,1,1,"مدعوم: نعم
مطابق: نعم",1,0,Atlas-Chat-9B/v2,0
w157,B,"['wiki_02032', 'wiki_02034', 'wiki_02038', 'wiki_02035', 'wiki_02033']",فمدينة جمعة سحيم كاين مستشفى واحد و مستوصف صحي و دار للولادة.,1,MBZUAI-Paris/Atlas-Chat-9B,1,1,1,"مدعوم: نعم
مطابق: نعم",1,0,Atlas-Chat-9B/v2,0
w158,B,"['wiki_02388', 'wiki_02390', 'wiki_01380', 'wiki_02691', 'wiki_00503']",ارتفعت الساكنة الحضرية من 13 إلى 17 مليون نسمة ما بين العامين 1992 و2004 فبلغت نسبة الساكنة الحضرية 57% من مجموع السكان.,1,MBZUAI-Paris/Atlas-Chat-9B,1,1,1,"مدعوم: نعم
مطابق: نعم",1,0,Atlas-Chat-9B/v2,0
w159,B,"['wiki_01248', 'wiki_00448', 'wiki_01870', 'wiki_01650', 'wiki_00441']",المعلومة غير متوفرة في النصوص.,0,MBZUAI-Paris/Atlas-Chat-9B,0,0,1,"مدعوم: لا
مطابق: لا",0,1,Atlas-Chat-9B/v2,1
w160,B,"['wiki_01320', 'wiki_01100', 'wiki_00043', 'wiki_00056', 'wiki_01313']",3312,1,MBZUAI-Paris/Atlas-Chat-9B,1,1,1,"مدعوم: نعم
مطابق: نعم",1,0,Atlas-Chat-9B/v2,0
w161,B,"['wiki_02208', 'wiki_01320', 'wiki_01319', 'wiki_00611', 'wiki_00304']",الكمبري هي آلة موسيقية كتصنع من الخشب وجِلد الإبل أو جِلد الماعز.,1,MBZUAI-Paris/Atlas-Chat-9B,1,1,1,"مدعوم: نعم
مطابق: نعم",1,0,Atlas-Chat-9B/v2,0
w162,B,"['wiki_01320', 'wiki_00030', 'wiki_02181', 'wiki_01100', 'wiki_00056']",45,1,MBZUAI-Paris/Atlas-Chat-9B,1,1,1,"مدعوم: نعم
مطابق: نعم",1,0,Atlas-Chat-9B/v2,0
w163,B,"['wiki_01438', 'wiki_00726', 'wiki_00679', 'wiki_00676', 'wiki_00677']",الزعيم النقابي التونسي فرحات حشاد تغتال فـ5 دجنبر 1952.,1,MBZUAI-Paris/Atlas-Chat-9B,1,1,1,"مدعوم: نعم
مطابق: نعم",1,0,Atlas-Chat-9B/v2,0
w164,B,"['wiki_00725', 'wiki_00726', 'wiki_00727', 'wiki_02101', 'wiki_02184']",بعد أحداث الدار البيضاء، السلطان محمد الخامس رجع للدار البيضاء باش يواسي عائلات الضحايا، ومن بعد مشى لطنجة باش يلقي خطاب طلب فيه الاستقلال.,1,MBZUAI-Paris/Atlas-Chat-9B,1,1,1,"مدعوم: نعم
مطابق: نعم",1,0,Atlas-Chat-9B/v2,0
w165,B,"['wiki_02347', 'wiki_02350', 'wiki_02346', 'wiki_00885', 'wiki_02349']",محمد توري,1,MBZUAI-Paris/Atlas-Chat-9B,1,1,1,"مدعوم: نعم
مطابق: نعم",1,0,Atlas-Chat-9B/v2,0
w166,B,"['wiki_02350', 'wiki_02347', 'wiki_02236', 'wiki_01758', 'wiki_00930']",أسكيا محمد وسكيا إسحاق الثاني,1,MBZUAI-Paris/Atlas-Chat-9B,0,0,1,"مدعوم: لا
مطابق: لا",0,0,Atlas-Chat-9B/v2,0
w167,B,"['wiki_02960', 'wiki_02959', 'wiki_02964', 'wiki_02965', 'wiki_02348']",قبيلة مطغرة كانت كتعيش فمناطق شاسعة ومتنوعة، من الجبال والوديان حتى للصحاري والواحات. كانو كيسكنو فالمناطق لي كتمتد من فاس حتى سجلماسة وتوات، وفالمناطق لي كتمتد من تلمسان حتى الراشيدية.,1,MBZUAI-Paris/Atlas-Chat-9B,1,0,1,"مدعوم: نعم
مطابق: لا",1,0,Atlas-Chat-9B/v2,0
w168,B,"['wiki_02259', 'wiki_02678', 'wiki_02209', 'wiki_01851', 'wiki_01850']",الاسم ديال الحصن لي بناوه المطغريين هو حصن تازكورت.,0,MBZUAI-Paris/Atlas-Chat-9B,0,0,1,"مدعوم: لا
مطابق: لا",0,0,Atlas-Chat-9B/v2,0
w169,B,"['wiki_00475', 'wiki_01113', 'wiki_01116', 'wiki_01456', 'wiki_00474']","حوالي 2,000",1,MBZUAI-Paris/Atlas-Chat-9B,1,1,1,"مدعوم: نعم
مطابق: نعم",1,0,Atlas-Chat-9B/v2,0
w170,B,"['wiki_01706', 'wiki_01735', 'wiki_00475', 'wiki_01692', 'wiki_01729']",985,1,MBZUAI-Paris/Atlas-Chat-9B,1,1,1,"مدعوم: نعم
مطابق: نعم",1,0,Atlas-Chat-9B/v2,0
w171,B,"['wiki_00475', 'wiki_02465', 'wiki_00902', 'wiki_02458', 'wiki_02037']",الحي لي استقرو فيه التجار لي جاو من القيروان سميتو حي القيروانيين.,1,MBZUAI-Paris/Atlas-Chat-9B,1,1,1,"مدعوم: نعم
مطابق: نعم",1,0,Atlas-Chat-9B/v2,0
w172,B,"['wiki_02101', 'wiki_01761', 'wiki_02104', 'wiki_01996', 'wiki_02080']",1 أكتوبر 1955,1,MBZUAI-Paris/Atlas-Chat-9B,1,1,1,"مدعوم: نعم
مطابق: نعم",1,0,Atlas-Chat-9B/v2,0
w173,B,"['wiki_01720', 'wiki_01450', 'wiki_02104', 'wiki_00725', 'wiki_02028']",في 16 نونبر 1955 عاد محمد الخامس والأسرة الملكية من المنفى.,0,MBZUAI-Paris/Atlas-Chat-9B,1,1,1,"مدعوم: نعم
مطابق: نعم",1,0,Atlas-Chat-9B/v2,0
w174,B,"['wiki_02365', 'wiki_00523', 'wiki_02760', 'wiki_00774', 'wiki_01439']",المعلومة غير متوفرة في النصوص.,0,MBZUAI-Paris/Atlas-Chat-9B,0,0,1,"مدعوم: لا
مطابق: لا",0,1,Atlas-Chat-9B/v2,1
w175,B,"['wiki_02948', 'wiki_02101', 'wiki_00680', 'wiki_01026', 'wiki_00711']",2 مارس 1956,1,MBZUAI-Paris/Atlas-Chat-9B,1,1,1,"مدعوم: نعم
مطابق: نعم",1,0,Atlas-Chat-9B/v2,0
w176,B,"['wiki_00295', 'wiki_00281', 'wiki_00294', 'wiki_00284', 'wiki_00289']",الجامعة لي كاينة فمدينة إفران هي جامعة الأخوين.,1,MBZUAI-Paris/Atlas-Chat-9B,1,1,1,"مدعوم: نعم
مطابق: نعم",1,0,Atlas-Chat-9B/v2,0
w177,B,"['wiki_00289', 'wiki_00300', 'wiki_00281', 'wiki_00296', 'wiki_00295']",الجاذبية السياحية ديال إفران كتعتمد على مجموعة من الموارد الطبيعية والترفيهية، منها المنتزه الوطني لإفران، والبحيرات والمصادر والشلالات والمجالات الغابوية، فضلًا عن محطة ميشليفن للتزلج.,1,MBZUAI-Paris/Atlas-Chat-9B,1,1,1,"مدعوم: نعم
مطابق: نعم",1,1,Atlas-Chat-9B/v2,0
w178,B,"['wiki_02081', 'wiki_00706', 'wiki_02080', 'wiki_02220', 'wiki_01278']",مركز المغرب العربي للدراسات الاستراتيجية تأسس في عام 1994.,1,MBZUAI-Paris/Atlas-Chat-9B,1,1,1,"مدعوم: نعم
مطابق: نعم",1,0,Atlas-Chat-9B/v2,0
w179,B,"['wiki_02792', 'wiki_02791', 'wiki_02799', 'wiki_01289', 'wiki_02794']",كاينين 183 وحدة فصناعة التجميد ديال الصيد البحري.,1,MBZUAI-Paris/Atlas-Chat-9B,1,1,1,"مدعوم: نعم
مطابق: نعم",1,0,Atlas-Chat-9B/v2,0
w180,B,"['wiki_02792', 'wiki_02791', 'wiki_02825', 'wiki_02793', 'wiki_00583']",أغلب وحدات صناعة التجميد كتترکز فجنوب المغرب حيت تطورت صناعة صيد الرخويات والصيد السطحي فهاد المنطقة.,1,MBZUAI-Paris/Atlas-Chat-9B,1,1,1,"مدعوم: نعم
مطابق: نعم",1,1,Atlas-Chat-9B/v2,0
w181,B,"['wiki_02792', 'wiki_02791', 'wiki_02387', 'wiki_01022', 'wiki_01379']",القدرة الإنتاجية ديال صناعة التجميد هي حوالي 8300 طن فالنهار.,1,MBZUAI-Paris/Atlas-Chat-9B,1,1,1,"مدعوم: نعم
مطابق: نعم",1,0,Atlas-Chat-9B/v2,0
w182,B,"['wiki_02792', 'wiki_00426', 'wiki_00632', 'wiki_00424', 'wiki_02793']",الوجهة الرئيسية ديال المنتجات البحرية المجمدة المغربية هي الاتحاد الأوروبي، اللي كيشري 70% من إجمالي الصادرات ديال هاد القطاع.,1,MBZUAI-Paris/Atlas-Chat-9B,1,1,1,"مدعوم: نعم
مطابق: نعم",1,0,Atlas-Chat-9B/v2,0
w183,B,"['wiki_00269', 'wiki_00270', 'wiki_00271', 'wiki_00272', 'wiki_01467']",على يد الإمبراطور الروماني كلوديوس.,1,MBZUAI-Paris/Atlas-Chat-9B,1,1,1,"مدعوم: نعم
مطابق: نعم",1,0,Atlas-Chat-9B/v2,0
w184,B,"['wiki_00270', 'wiki_01468', 'wiki_01471', 'wiki_01704', 'wiki_01466']",ترعرع يوبا الثاني في روما في كنف الإمبراطور أغسطس.,1,MBZUAI-Paris/Atlas-Chat-9B,1,1,1,"مدعوم: نعم
مطابق: نعم",1,0,Atlas-Chat-9B/v2,0
w185,B,"['wiki_00270', 'wiki_00180', 'wiki_01704', 'wiki_01471', 'wiki_01466']",المدينة لي دارها يوبا الثاني عاصمة ديال الحكم ديالو هي شرشال.,1,MBZUAI-Paris/Atlas-Chat-9B,1,1,1,"مدعوم: نعم
مطابق: نعم",1,0,Atlas-Chat-9B/v2,0
w186,B,"['wiki_01463', 'wiki_01465', 'wiki_01466', 'wiki_01473', 'wiki_01470']",الأم ديال بطليموس الموريطاني هي كليوباترا سيليني الثانية، من الأسرة البطلمية.,1,MBZUAI-Paris/Atlas-Chat-9B,1,1,1,"مدعوم: نعم
مطابق: نعم",1,0,Atlas-Chat-9B/v2,0
w187,B,"['wiki_01463', 'wiki_01466', 'wiki_01471', 'wiki_01465', 'wiki_01744']",بطليموس حكم من 23 حتى 40 ميلادية.,1,MBZUAI-Paris/Atlas-Chat-9B,1,1,1,"مدعوم: نعم
مطابق: نعم",1,0,Atlas-Chat-9B/v2,0
w188,B,"['wiki_00051', 'wiki_00539', 'wiki_01365', 'wiki_00327', 'wiki_00190']",فـ ساعتين و11 دقيقة و34 ثانية.,1,MBZUAI-Paris/Atlas-Chat-9B,1,1,1,"مدعوم: نعم
مطابق: نعم",1,0,Atlas-Chat-9B/v2,0
w189,B,"['wiki_00051', 'wiki_00058', 'wiki_00059', 'wiki_02587', 'wiki_00056']",مريم بوعود ربحات جائزة قارئ العام للعالم العربي فمسابقة أقرأ.,1,MBZUAI-Paris/Atlas-Chat-9B,1,1,1,"مدعوم: نعم
مطابق: نعم",1,0,Atlas-Chat-9B/v2,0
w190,B,"['wiki_00670', 'wiki_02776', 'wiki_01028', 'wiki_00672', 'wiki_00673']",المغاربة تخافو من القانون حيت كان كيقسم المغرب لجوج عوالم متميزين ومفرقين: عالم العرب لي كيهضرو العربية وعالم البربر لي كيهضرو الأمازيغية.,1,MBZUAI-Paris/Atlas-Chat-9B,1,1,1,"مدعوم: نعم
مطابق: نعم",1,0,Atlas-Chat-9B/v2,0
w191,B,"['wiki_00670', 'wiki_01252', 'wiki_01349', 'wiki_01656', 'wiki_01354']","الدراسات الاستعمارية كانو كيقسمو المغرب لجوج منطقتين: ""بلاد السيبة"" و""بلاد المخزن"".",1,MBZUAI-Paris/Atlas-Chat-9B,1,1,1,"مدعوم: نعم
مطابق: نعم",1,0,Atlas-Chat-9B/v2,0
w192,B,"['wiki_00144', 'wiki_00204', 'wiki_00212', 'wiki_01661', 'wiki_01890']",تزنيت بعيدة على الرباط ب 690 كلم وعلى أكادير ب 90 كلم.,1,MBZUAI-Paris/Atlas-Chat-9B,1,1,1,"مدعوم: نعم
مطابق: نعم",1,0,Atlas-Chat-9B/v2,0
w193,B,"['wiki_01890', 'wiki_02712', 'wiki_01819', 'wiki_00779', 'wiki_02330']",تزنيت كيلقبوها بعاصمة الفضة حيت مشهورة بإنتاج المجوهرات الفضية.,1,MBZUAI-Paris/Atlas-Chat-9B,1,1,1,"مدعوم: نعم
مطابق: نعم",1,1,Atlas-Chat-9B/v2,0
w194,B,"['wiki_01890', 'wiki_02712', 'wiki_01899', 'wiki_01893', 'wiki_01891']",اسم تزنيت كيتعتقد أنه جا من وحدة المرا سميتها للا زنينية,1,MBZUAI-Paris/Atlas-Chat-9B,1,1,1,"مدعوم: نعم
مطابق: نعم",0,0,Atlas-Chat-9B/v2,0
w195,B,"['wiki_01411', 'wiki_01412', 'wiki_01413', 'wiki_00635', 'wiki_00835']",المهام ديال الهيئة المغربية لسوق الرساميل هي: حماية المدخرين والمستثمرين، مراقبة سير أسواق الرساميل، ضمان شفافية العمليات المالية، تنظيم المشاركين في السوق والأدوات المالية، وتعزيز الثقافة المالية.,1,MBZUAI-Paris/Atlas-Chat-9B,1,1,1,"مدعوم: نعم
مطابق: نعم",1,0,Atlas-Chat-9B/v2,0
w196,B,"['wiki_01412', 'wiki_01411', 'wiki_01413', 'wiki_02776', 'wiki_00635']",الملك محمد السادس,1,MBZUAI-Paris/Atlas-Chat-9B,1,1,1,"مدعوم: نعم
مطابق: نعم",1,0,Atlas-Chat-9B/v2,0
w197,B,"['wiki_00930', 'wiki_00076', 'wiki_00685', 'wiki_00891', 'wiki_02321']",سبعة سلاطين من ولاد المولى إسماعيل حكمو ما بين 1727 و1757.,1,MBZUAI-Paris/Atlas-Chat-9B,1,1,1,"مدعوم: نعم
مطابق: نعم",1,0,Atlas-Chat-9B/v2,0
w198,B,"['wiki_01051', 'wiki_02093', 'wiki_01449', 'wiki_00930', 'wiki_01052']",عبد الله بن إسماعيل تبايع ست مرات.,1,MBZUAI-Paris/Atlas-Chat-9B,1,1,1,"مدعوم: نعم
مطابق: نعم",1,0,Atlas-Chat-9B/v2,0
w199,B,"['wiki_01000', 'wiki_00993', 'wiki_00999', 'wiki_00424', 'wiki_02709']",الصويرة ولات العاصمة الاقتصادية ديال المغرب حيت السلطان محمد بن عبد الله بنى فيها مدينة جديدة على النمط العصري بشوارعها الواسعة، وبنا فيها ميناء جديد وقاعدة عسكرية بحرية، وهاد الشي خلاها تولي العاصمة الاقتصادية ديال المغرب حتى بداية الحماية الفرنسية.,1,MBZUAI-Paris/Atlas-Chat-9B,1,1,1,"مدعوم: نعم
مطابق: نعم",1,0,Atlas-Chat-9B/v2,0
w200,B,"['wiki_00698', 'wiki_02910', 'wiki_01688', 'wiki_00722', 'wiki_02019']","إسبانيا كان عندها 34,000 عسكري فالمغرب فيوليوز 1936.",1,MBZUAI-Paris/Atlas-Chat-9B,1,1,1,"مدعوم: نعم
مطابق: نعم",1,0,Atlas-Chat-9B/v2,0
w001,C,['wiki_02359'],593 168 وحدة.,1,MBZUAI-Paris/Atlas-Chat-9B,1,1,1,"مدعوم: نعم
مطابق: نعم",1,1,Atlas-Chat-9B/v2,0
w002,C,['wiki_00355'],المصنع ديال رينو-نيسان كاين ف الدار البيضاء.,0,MBZUAI-Paris/Atlas-Chat-9B,0,0,1,"مدعوم: لا
مطابق: لا",0,0,Atlas-Chat-9B/v2,0
w003,C,['wiki_01012'],"النسبة ديال الطاقات المتجددة فإنتاج الكهربا فالمغرب هي %19,6.",1,MBZUAI-Paris/Atlas-Chat-9B,1,1,1,"مدعوم: نعم
مطابق: نعم",1,0,Atlas-Chat-9B/v2,0
w004,C,['wiki_01012'],تطورات بسرعة، ارتفع الاعتماد عليها من 2.8% سنة 2010 إلى 8.1% سنة 2015.,1,MBZUAI-Paris/Atlas-Chat-9B,1,1,1,"مدعوم: نعم
مطابق: نعم",1,0,Atlas-Chat-9B/v2,0
w005,C,['wiki_01012'],"1,6 طن للفرد الواحد.",1,MBZUAI-Paris/Atlas-Chat-9B,1,1,1,"مدعوم: نعم
مطابق: نعم",1,1,Atlas-Chat-9B/v2,0
w006,C,['wiki_00564'],معدل البطالة على الصعيد الوطني وصل ل 12.8% فالفصل الثاني ديال 2025.,1,MBZUAI-Paris/Atlas-Chat-9B,1,1,1,"مدعوم: نعم
مطابق: نعم",1,0,Atlas-Chat-9B/v2,0
w007,C,['wiki_00564'],رئيس المندوبية السامية للتخطيط هو شكيب بنموسى.,1,MBZUAI-Paris/Atlas-Chat-9B,1,1,1,"مدعوم: نعم
مطابق: نعم",1,0,Atlas-Chat-9B/v2,0
w008,C,['wiki_00564'],معدل البطالة فالبادية تطور من 10.5% ف2014 ل21.4% ف2024.,1,MBZUAI-Paris/Atlas-Chat-9B,1,1,1,"مدعوم: نعم
مطابق: نعم",1,0,Atlas-Chat-9B/v2,0
w009,C,['wiki_02608'],معدل التضخم بقى منخفض عند نسبة 0.7%.,1,MBZUAI-Paris/Atlas-Chat-9B,1,1,1,"مدعوم: نعم
مطابق: نعم",1,1,Atlas-Chat-9B/v2,0
w010,C,['wiki_02608'],عجز الموازنة نقص لـ3.5% من إجمالي الناتج المحلي فـ2017.,1,MBZUAI-Paris/Atlas-Chat-9B,1,1,1,"مدعوم: نعم
مطابق: نعم",1,0,Atlas-Chat-9B/v2,0
w011,C,['wiki_00564'],المعلومة غير متوفرة في النصوص.,0,MBZUAI-Paris/Atlas-Chat-9B,0,0,1,"مدعوم: لا
مطابق: لا",0,1,Atlas-Chat-9B/v2,1
w012,C,['wiki_02230'],الأوراق البنكية القديمة ما بقاتش صالحة للتداول من فاتح أبريل 1998.,1,MBZUAI-Paris/Atlas-Chat-9B,1,1,1,"مدعوم: نعم
مطابق: نعم",1,0,Atlas-Chat-9B/v2,0
w013,C,['wiki_02230'],حتى لـ31 دجنبر 2011.,1,MBZUAI-Paris/Atlas-Chat-9B,1,1,1,"مدعوم: نعم
مطابق: نعم",1,0,Atlas-Chat-9B/v2,0
w014,C,['wiki_02646'],المعلومة غير متوفرة في النصوص.,0,MBZUAI-Paris/Atlas-Chat-9B,0,0,1,"مدعوم: لا
مطابق: لا",1,1,Atlas-Chat-9B/v2,1
w015,C,['wiki_02691'],"ارتفع معدل التمدن من 29% سنة 1960 إلى 62,8% سنة 2024.",1,MBZUAI-Paris/Atlas-Chat-9B,1,1,1,"مدعوم: نعم
مطابق: نعم",1,1,Atlas-Chat-9B/v2,0
w016,C,['wiki_00564'],المعلومة غير متوفرة في النصوص.,0,MBZUAI-Paris/Atlas-Chat-9B,0,0,1,"مدعوم: لا
مطابق: لا",0,1,Atlas-Chat-9B/v2,1
w017,C,['wiki_01011'],النسبة ديال الطاقات الأحفورية من استهلاك الطاقة الأولية فـ2015 هي 88.8%.,1,MBZUAI-Paris/Atlas-Chat-9B,1,1,1,"مدعوم: نعم
مطابق: نعم",1,0,Atlas-Chat-9B/v2,0
w018,C,['wiki_01011'],"الإنتاج الوطني من الطاقة الأولية كيمثل %9,4 من احتياجات البلاد.",1,MBZUAI-Paris/Atlas-Chat-9B,1,1,1,"مدعوم: نعم
مطابق: نعم",1,0,Atlas-Chat-9B/v2,0
w019,C,['wiki_00436'],15%,1,MBZUAI-Paris/Atlas-Chat-9B,1,1,1,"مدعوم: نعم
مطابق: نعم",1,0,Atlas-Chat-9B/v2,0
w020,C,['wiki_00568'],المواد التجهيزية ومصادر الطاقة بنسبة تقارب 43٪، والمواد الغذائية بنسبة 21٪.,0,MBZUAI-Paris/Atlas-Chat-9B,1,1,1,"مدعوم: نعم
مطابق: نعم",1,0,Atlas-Chat-9B/v2,0
w021,C,['wiki_01430'],نسبة تغطية الصادرات للواردات وصلات لـ55.8 % فـ1983.,1,MBZUAI-Paris/Atlas-Chat-9B,1,1,1,"مدعوم: نعم
مطابق: نعم",1,0,Atlas-Chat-9B/v2,0
w022,C,['wiki_00933'],المعلومة غير متوفرة في النصوص.,0,MBZUAI-Paris/Atlas-Chat-9B,0,0,1,"مدعوم: لا
مطابق: لا",0,1,Atlas-Chat-9B/v2,1
w023,C,['wiki_00350'],اتفاقية التجارة الحرة بين المغرب وأمريكا تسجلات فـ15 يونيو 2004.,0,MBZUAI-Paris/Atlas-Chat-9B,1,0,1,"مدعوم: نعم
مطابق: لا",1,0,Atlas-Chat-9B/v2,0
w024,C,['wiki_00574'],%122,1,MBZUAI-Paris/Atlas-Chat-9B,1,1,1,"مدعوم: نعم
مطابق: نعم",1,0,Atlas-Chat-9B/v2,0
w025,C,['wiki_00574'],قطاعات السياحة والنسيج.,1,MBZUAI-Paris/Atlas-Chat-9B,1,1,1,"مدعوم: نعم
مطابق: نعم",1,0,Atlas-Chat-9B/v2,0
w026,C,['wiki_00689'],المعلومة غير متوفرة في النصوص.,0,MBZUAI-Paris/Atlas-Chat-9B,0,0,1,"مدعوم: لا
مطابق: لا",0,1,Atlas-Chat-9B/v2,1
w027,C,['wiki_01021'],النسبة ديال الفحم فإنتاج الكهربا فالمغرب هي تقريبا 57%، حيت من مجموع 5431 ميغاواط ديال الطاقة الحرارية، 2545 ميغاواط جاية من محطات الطاقة البخارية اللي كتستعمل الفحم.,0,MBZUAI-Paris/Atlas-Chat-9B,1,1,1,"مدعوم: نعم
مطابق: نعم",0,1,Atlas-Chat-9B/v2,0
w028,C,['wiki_02790'],الأقطاب التنافسية الثلاثة لي خلقهم مخطط أليوتيس هوما طنجة وأكادير والعيون.,1,MBZUAI-Paris/Atlas-Chat-9B,1,1,1,"مدعوم: نعم
مطابق: نعم",1,1,Atlas-Chat-9B/v2,0
w029,C,['wiki_02790'],الناتج الداخلي الخام لقطاع الصيد البحري ارتفع من 8.3 مليار درهم ل15 مليار درهم بين 2007 و2015.,1,MBZUAI-Paris/Atlas-Chat-9B,1,1,1,"مدعوم: نعم
مطابق: نعم",1,1,Atlas-Chat-9B/v2,0
w030,C,['wiki_02790'],الإنتاج ديال الصيد البحري وصل تقريبا لـ1.46 مليون طن فـ2016.,1,MBZUAI-Paris/Atlas-Chat-9B,1,1,1,"مدعوم: نعم
مطابق: نعم",1,0,Atlas-Chat-9B/v2,0
w031,C,['wiki_01281'],"قطاع الخدمات ساهم بـ56,5% فالناتج المحلي الإجمالي فـ2017.",1,MBZUAI-Paris/Atlas-Chat-9B,1,1,1,"مدعوم: نعم
مطابق: نعم",1,0,Atlas-Chat-9B/v2,0
w032,C,['wiki_01281'],3.750 دولار أمريكي.,1,MBZUAI-Paris/Atlas-Chat-9B,1,1,1,"مدعوم: نعم
مطابق: نعم",1,0,Atlas-Chat-9B/v2,0
w033,C,['wiki_01281'],المغرب احتل المرتبة 107 فإنتاجية اليد العاملة حسب تقرير منظمة العمل الدولية ديال 2023.,1,MBZUAI-Paris/Atlas-Chat-9B,1,1,1,"مدعوم: نعم
مطابق: نعم",1,1,Atlas-Chat-9B/v2,0
w034,C,['wiki_02387'],تطور إنتاج الطاقة الكهرمائية من 2100 مليون كيلواط في 1992 إلى 2700 مليون كلواط في 2004.,0,MBZUAI-Paris/Atlas-Chat-9B,1,1,1,"مدعوم: نعم
مطابق: نعم",1,0,Atlas-Chat-9B/v2,0
w035,C,['wiki_02386'],حصة المدارات المسقية فالناتج المحلي الخام كتتراوح بين 7% و10% حسب الحالة المائية ديال السنة.,0,MBZUAI-Paris/Atlas-Chat-9B,1,1,1,"مدعوم: نعم
مطابق: نعم",1,0,Atlas-Chat-9B/v2,0
w036,C,['wiki_01742'],المعلومة غير متوفرة في النصوص,0,MBZUAI-Paris/Atlas-Chat-9B,0,0,1,"مدعوم: لا
مطابق: لا",0,1,Atlas-Chat-9B/v2,1
w037,C,['wiki_01216'],المعلومة غير متوفرة في النصوص.,0,MBZUAI-Paris/Atlas-Chat-9B,0,0,1,"مدعوم: لا
مطابق: لا",0,1,Atlas-Chat-9B/v2,1
w038,C,['wiki_02635'],المعلومة غير متوفرة في النصوص.,0,MBZUAI-Paris/Atlas-Chat-9B,0,0,1,"مدعوم: لا
مطابق: لا",0,1,Atlas-Chat-9B/v2,1
w039,C,['wiki_02646'],محطة القطارات المغلقة منذ سنة 1995,1,MBZUAI-Paris/Atlas-Chat-9B,1,1,1,"مدعوم: نعم
مطابق: نعم",1,0,Atlas-Chat-9B/v2,0
w040,C,['wiki_00814'],عدد المؤسسات الابتدائية اللي استغلت فالموسم الدراسي 2009/2008 هو 435 مدرسة.,1,MBZUAI-Paris/Atlas-Chat-9B,1,1,1,"مدعوم: نعم
مطابق: نعم",1,0,Atlas-Chat-9B/v2,0
w041,C,['wiki_01106'],المغرب عندو %75 من الاحتياطي العالمي ديال الفوسفاط.,1,MBZUAI-Paris/Atlas-Chat-9B,1,1,1,"مدعوم: نعم
مطابق: نعم",1,1,Atlas-Chat-9B/v2,0
w042,C,['wiki_00441'],المعلومة غير متوفرة في النصوص,0,MBZUAI-Paris/Atlas-Chat-9B,0,0,1,"مدعوم: لا
مطابق: لا",1,1,Atlas-Chat-9B/v2,1
w043,C,['wiki_02193'],"حسب الإحصاء العام للسكان والسكنى لسنة 2024 الصادر عن المندوبية السامية للتخطيط، بلغ عدد سكان جماعة خنيفرة 123,738 نسمة.",0,MBZUAI-Paris/Atlas-Chat-9B,1,1,1,"مدعوم: نعم
مطابق: نعم",1,0,Atlas-Chat-9B/v2,0
w044,C,['wiki_02194'],نسبة الفئة العمرية لي أقل من 15 عام فإقليم خنيفرة هي 24.5%.,1,MBZUAI-Paris/Atlas-Chat-9B,1,1,1,"مدعوم: نعم
مطابق: نعم",1,1,Atlas-Chat-9B/v2,0
w045,C,['wiki_01074'],باش يشجع الاستثمارات والصادرات، ويساهم فتمويل مشروع طرامواي الرباط - سلا.,1,MBZUAI-Paris/Atlas-Chat-9B,1,1,1,"مدعوم: نعم
مطابق: نعم",1,1,Atlas-Chat-9B/v2,0
w046,C,['wiki_01662'],عدد الجماعات الحضرية والقروية وصل لـ1544 جماعة فـ2009.,0,MBZUAI-Paris/Atlas-Chat-9B,1,0,1,"مدعوم: نعم
مطابق: لا",0,0,Atlas-Chat-9B/v2,0
w047,C,['wiki_02386'],المساحة المسقية دابا فالمغرب هي 1050000 هكتار.,1,MBZUAI-Paris/Atlas-Chat-9B,1,1,1,"مدعوم: نعم
مطابق: نعم",1,0,Atlas-Chat-9B/v2,0
w048,C,['wiki_01378'],الزراعة المسقية كتساهم في 75% من الصادرات الفلاحية.,0,MBZUAI-Paris/Atlas-Chat-9B,1,1,1,"مدعوم: نعم
مطابق: نعم",1,0,Atlas-Chat-9B/v2,0
w049,C,['wiki_02226'],المعلومة غير متوفرة في النصوص.,0,MBZUAI-Paris/Atlas-Chat-9B,0,0,1,"مدعوم: لا
مطابق: لا",0,1,Atlas-Chat-9B/v2,1
w050,C,['wiki_00806'],المعلومة غير متوفرة في النصوص.,0,MBZUAI-Paris/Atlas-Chat-9B,0,0,1,"مدعوم: لا
مطابق: لا",0,1,Atlas-Chat-9B/v2,1
w051,C,['wiki_01040'],ثورة الشيخ بوعمامة دامت ثماني وعشرين سنة.,1,MBZUAI-Paris/Atlas-Chat-9B,1,1,1,"مدعوم: نعم
مطابق: نعم",1,0,Atlas-Chat-9B/v2,0
w052,C,['wiki_01040'],معركة تازينة وقعات فـ19 ماي 1881م.,1,MBZUAI-Paris/Atlas-Chat-9B,1,1,1,"مدعوم: نعم
مطابق: نعم",1,0,Atlas-Chat-9B/v2,0
w053,C,['wiki_02950'],المعلومة غير متوفرة في النصوص.,0,MBZUAI-Paris/Atlas-Chat-9B,0,0,1,"مدعوم: لا
مطابق: لا",0,1,Atlas-Chat-9B/v2,1
w054,C,['wiki_02950'],المعلومة غير متوفرة في النصوص.,0,MBZUAI-Paris/Atlas-Chat-9B,0,0,1,"مدعوم: لا
مطابق: لا",0,1,Atlas-Chat-9B/v2,1
w055,C,['wiki_00949'],أكثر من أربعة وثلاثون موقع.,1,MBZUAI-Paris/Atlas-Chat-9B,1,1,1,"مدعوم: نعم
مطابق: نعم",1,1,Atlas-Chat-9B/v2,0
w056,C,['wiki_00949'],النقوش الصخرية ديال السمارة كيرجع تاريخها لـ 4000-ق-م 8000-ق.م.,1,MBZUAI-Paris/Atlas-Chat-9B,1,1,1,"مدعوم: نعم
مطابق: نعم",1,1,Atlas-Chat-9B/v2,0
w057,C,['wiki_02594'],الدكتور سعيد العلام,1,MBZUAI-Paris/Atlas-Chat-9B,1,1,1,"مدعوم: نعم
مطابق: نعم",1,0,Atlas-Chat-9B/v2,0
w058,C,['wiki_02594'],فـ2020، عذراء غرناطة ربحات جائزة كتارا للرواية العربية فصنف الرواية غير المنشورة.,1,MBZUAI-Paris/Atlas-Chat-9B,1,1,1,"مدعوم: نعم
مطابق: نعم",1,0,Atlas-Chat-9B/v2,0
w059,C,['wiki_01477'],البوليساريو بغات غير الصحراويين اللي دارهم الاستعمار الإسباني فالإحصاء ديال 1974.,1,MBZUAI-Paris/Atlas-Chat-9B,1,1,1,"مدعوم: نعم
مطابق: نعم",1,1,Atlas-Chat-9B/v2,0
w060,C,['wiki_01477'],السلطات الإسبانية رحلات القبائل الصحراوية من إقليم الساقية الحمراء إلى إقليم واد نون فالمغرب.,1,MBZUAI-Paris/Atlas-Chat-9B,1,1,1,"مدعوم: نعم
مطابق: نعم",1,1,Atlas-Chat-9B/v2,0
w061,C,['wiki_02133'],الأسطول البحري الأمريكي تصيفط ف يوليو 1801.,0,MBZUAI-Paris/Atlas-Chat-9B,1,0,1,"مدعوم: نعم
مطابق: لا",0,0,Atlas-Chat-9B/v2,0
w062,C,['wiki_02129'],الحرب بدات فعهد الرئيس توماس جيفرسون.,0,MBZUAI-Paris/Atlas-Chat-9B,1,1,1,"مدعوم: نعم
مطابق: نعم",1,1,Atlas-Chat-9B/v2,0
w063,C,['wiki_00873'],الصناعات التقليدية لي مشهورة بمركز الريش هي الزربية والجلباب.,1,MBZUAI-Paris/Atlas-Chat-9B,1,1,1,"مدعوم: نعم
مطابق: نعم",1,1,Atlas-Chat-9B/v2,0
w064,C,['wiki_00879'],الصناعات لي ماشي كاينة فمنطقة الريش هي: الفخار، الدباغة، وصياغة الحلي.,0,MBZUAI-Paris/Atlas-Chat-9B,1,1,1,"مدعوم: نعم
مطابق: نعم",1,0,Atlas-Chat-9B/v2,0
w065,C,['wiki_00622'],الأمازيغ ديال الأطلس المتوسط عاشو فجماعات منعزلة ومغلقة، كل قبيلة كانت كيان مستقل بخصوصياتها، بلا علاقات واضحة مع القبائل لي حداها.,1,MBZUAI-Paris/Atlas-Chat-9B,1,1,1,"مدعوم: نعم
مطابق: نعم",1,1,Atlas-Chat-9B/v2,0
w066,C,['wiki_00622'],لا، القبائل الأمازيغية ما عرفات حتى نوع ديال الاتحاد الكونفدرالي، رغم الغزوات الفينيقية والرومانية والوندالية والعربية.,1,MBZUAI-Paris/Atlas-Chat-9B,1,0,1,"مدعوم: نعم
مطابق: لا",1,0,Atlas-Chat-9B/v2,0
w067,C,['wiki_00872'],سعتها تصل إلى 1600طن.,0,MBZUAI-Paris/Atlas-Chat-9B,1,1,1,"مدعوم: نعم
مطابق: نعم",1,0,Atlas-Chat-9B/v2,0
w068,C,['wiki_00872'],الفائض ديال تعاونية الحليب ديال الريش كيتباع فمدينة مكناس.,0,MBZUAI-Paris/Atlas-Chat-9B,1,1,1,"مدعوم: نعم
مطابق: نعم",1,0,Atlas-Chat-9B/v2,0
w069,C,['wiki_00797'],المعلومة غير متوفرة في النصوص.,0,MBZUAI-Paris/Atlas-Chat-9B,0,0,1,"مدعوم: لا
مطابق: لا",0,1,Atlas-Chat-9B/v2,1
w070,C,['wiki_01791'],المعلومة غير متوفرة في النصوص,0,MBZUAI-Paris/Atlas-Chat-9B,0,0,1,"مدعوم: لا
مطابق: لا",0,1,Atlas-Chat-9B/v2,1
w071,C,['wiki_01791'],المعلومة غير متوفرة في النصوص.,0,MBZUAI-Paris/Atlas-Chat-9B,0,0,1,"مدعوم: لا
مطابق: لا",1,1,Atlas-Chat-9B/v2,1
w072,C,['wiki_01795'],الإسبان بقاو فالمعمورة بين 1614 و1681.,1,MBZUAI-Paris/Atlas-Chat-9B,1,1,1,"مدعوم: نعم
مطابق: نعم",1,1,Atlas-Chat-9B/v2,0
w073,C,['wiki_02019'],مركز المراقب المدني تخلق فجرادة فـ يوليوز – غشت 1947.,1,MBZUAI-Paris/Atlas-Chat-9B,1,1,1,"مدعوم: نعم
مطابق: نعم",1,0,Atlas-Chat-9B/v2,0
w074,C,['wiki_02015'],العمال من مختلف مناطق المملكة.,0,MBZUAI-Paris/Atlas-Chat-9B,0,0,1,"مدعوم: لا
مطابق: لا",0,0,Atlas-Chat-9B/v2,0
w075,C,['wiki_01101'],السلالة ديال البقر والماس زعير كتنتشر فمنطقة الرماني، زمور، زعير، وقبائل زيان خاصة فمنطقة مريرت.,1,MBZUAI-Paris/Atlas-Chat-9B,1,1,1,"مدعوم: نعم
مطابق: نعم",1,1,Atlas-Chat-9B/v2,0
w076,C,['wiki_01101'],تكتشفات ف 1981.,1,MBZUAI-Paris/Atlas-Chat-9B,1,1,1,"مدعوم: نعم
مطابق: نعم",0,1,Atlas-Chat-9B/v2,0
w077,C,['wiki_01101'],سلالة مكناس هي لي مخصصة لإنتاج الحليب بلا منازع.,1,MBZUAI-Paris/Atlas-Chat-9B,1,1,1,"مدعوم: نعم
مطابق: نعم",1,1,Atlas-Chat-9B/v2,0
w078,C,['wiki_00645'],مدينة الحاجب كاينة على ارتفاع 1200 متر فوق سطح البحر.,1,MBZUAI-Paris/Atlas-Chat-9B,1,1,1,"مدعوم: نعم
مطابق: نعم",1,1,Atlas-Chat-9B/v2,0
w079,C,['wiki_00643'],مدينة الحاجب بعيدة على مكناس ب 32 كيلومتر.,0,MBZUAI-Paris/Atlas-Chat-9B,1,1,1,"مدعوم: نعم
مطابق: نعم",1,0,Atlas-Chat-9B/v2,0
w080,C,['wiki_00643'],المعلومة غير متوفرة في النصوص.,0,MBZUAI-Paris/Atlas-Chat-9B,0,0,1,"مدعوم: لا
مطابق: لا",1,1,Atlas-Chat-9B/v2,1
w081,C,['wiki_01214'],المعلومة غير متوفرة في النصوص.,0,MBZUAI-Paris/Atlas-Chat-9B,0,0,1,"مدعوم: لا
مطابق: لا",0,1,Atlas-Chat-9B/v2,1
w082,C,['wiki_01214'],المعلومة غير متوفرة في النصوص,0,MBZUAI-Paris/Atlas-Chat-9B,0,0,1,"مدعوم: لا
مطابق: لا",0,1,Atlas-Chat-9B/v2,1
w083,C,['wiki_01214'],المعلومة غير متوفرة في النصوص.,0,MBZUAI-Paris/Atlas-Chat-9B,0,0,1,"مدعوم: لا
مطابق: لا",0,1,Atlas-Chat-9B/v2,1
w084,C,['wiki_02294'],الاقتصاد ديال مرزوكة كيعتمد بشكل رئيسي على الزراعة، خاصة إنتاج الحمضيات، الزيتون والفواكه الموسمية.,0,MBZUAI-Paris/Atlas-Chat-9B,0,0,1,"مدعوم: لا
مطابق: لا",0,0,Atlas-Chat-9B/v2,0
w085,C,['wiki_02924'],المعلومة غير متوفرة في النصوص,0,MBZUAI-Paris/Atlas-Chat-9B,0,0,1,"مدعوم: لا
مطابق: لا",0,1,Atlas-Chat-9B/v2,1
w086,C,['wiki_01372'],تم افتتاحها سنة 2012.,1,MBZUAI-Paris/Atlas-Chat-9B,1,1,1,"مدعوم: نعم
مطابق: نعم",1,0,Atlas-Chat-9B/v2,0
w087,C,['wiki_01372'],المنطقة الحرة الأطلسية بعيدة على الدار البيضاء بحوالي 120 كيلومتر.,1,MBZUAI-Paris/Atlas-Chat-9B,1,1,1,"مدعوم: نعم
مطابق: نعم",1,0,Atlas-Chat-9B/v2,0
w088,C,['wiki_01372'],الموقع والبنية التحتية تقع المنطقة الحرة الأطلسية على مساحة تقارب 500 هكتار.,1,MBZUAI-Paris/Atlas-Chat-9B,1,1,1,"مدعوم: نعم
مطابق: نعم",1,0,Atlas-Chat-9B/v2,0
w089,C,['wiki_01161'],حدثات اللجنة الوطنية لمناخ الأعمال ف 2009 و كيرأسها رئيس الحكومة.,1,MBZUAI-Paris/Atlas-Chat-9B,1,1,1,"مدعوم: نعم
مطابق: نعم",1,0,Atlas-Chat-9B/v2,0
w090,C,['wiki_01161'],الهدف ديال اللجنة الوطنية لمناخ الأعمال هو اقتراح التدابير اللي كتحسن الإطار القانوني والتنظيمي للأعمال، وتنسيق تنفيذها، وتقييم أثرها على القطاعات المعنية.,1,MBZUAI-Paris/Atlas-Chat-9B,1,1,1,"مدعوم: نعم
مطابق: نعم",1,1,Atlas-Chat-9B/v2,0
w091,C,['wiki_01768'],المعلومة غير متوفرة في النصوص,0,MBZUAI-Paris/Atlas-Chat-9B,0,0,1,"مدعوم: لا
مطابق: لا",1,0,Atlas-Chat-9B/v2,1
w092,C,['wiki_02187'],خنيفرة كانت كتعتبر أكبر وأهم مدينة أمازيغية فذاك الوقت.,0,MBZUAI-Paris/Atlas-Chat-9B,0,0,1,"مدعوم: لا
مطابق: لا",0,0,Atlas-Chat-9B/v2,0
w093,C,['wiki_00323'],إقليم شنقيط ولا تابع لموريتانيا من 1969.,0,MBZUAI-Paris/Atlas-Chat-9B,0,0,1,"مدعوم: لا
مطابق: لا",0,0,Atlas-Chat-9B/v2,0
w094,C,['wiki_00324'],حسب الحجج التاريخية، السيادة ديال سلاطين المغرب امتدت حتى نهر السنغال.,1,MBZUAI-Paris/Atlas-Chat-9B,1,1,1,"مدعوم: نعم
مطابق: نعم",1,0,Atlas-Chat-9B/v2,0
w095,C,['wiki_02031'],سوق خميس تمسمان بعيد 2 كم على وسط المدينة الصغيرة ديال كرونة.,1,MBZUAI-Paris/Atlas-Chat-9B,1,1,1,"مدعوم: نعم
مطابق: نعم",1,1,Atlas-Chat-9B/v2,0
w096,C,['wiki_00650'],الزيادة الأخيرة فالأجر الفلاحي تصادق عليها بموجب المرسوم رقم 2.24.1122 في 26 ديسمبر 2024.,1,MBZUAI-Paris/Atlas-Chat-9B,1,1,1,"مدعوم: نعم
مطابق: نعم",1,0,Atlas-Chat-9B/v2,0
w097,C,['wiki_00650'],اتفاق أبريل 2011 نص على توحيد الحد الأدنى للأجور بين القطاعات الفلاحية وغير الفلاحية خلال ثلاث سنوات.,1,MBZUAI-Paris/Atlas-Chat-9B,1,1,1,"مدعوم: نعم
مطابق: نعم",1,0,Atlas-Chat-9B/v2,0
w098,C,['wiki_01204'],المدرسة البوعنانية تبنات ما بين عامي 1350م و1355م.,1,MBZUAI-Paris/Atlas-Chat-9B,1,1,1,"مدعوم: نعم
مطابق: نعم",1,0,Atlas-Chat-9B/v2,0
w099,C,['wiki_01204'],باب بوجلود هو المدخل الرئيسي ديال فاس البالي.,1,MBZUAI-Paris/Atlas-Chat-9B,1,1,1,"مدعوم: نعم
مطابق: نعم",1,1,Atlas-Chat-9B/v2,0
w100,C,['wiki_01367'],الطيارة بوينغ 767-300 ديال المسار نيويورك - مراكش فيها 167 مقعد.,1,MBZUAI-Paris/Atlas-Chat-9B,1,1,1,"مدعوم: نعم
مطابق: نعم",1,0,Atlas-Chat-9B/v2,0
w101,C,['wiki_02635'],المعلومة غير متوفرة في النصوص.,0,MBZUAI-Paris/Atlas-Chat-9B,0,0,1,"مدعوم: لا
مطابق: لا",1,1,Atlas-Chat-9B/v2,1
w102,C,['wiki_02640'],الحرارة كتفوت 39.6 درجة فالصيف فعين بني مطهر.,1,MBZUAI-Paris/Atlas-Chat-9B,1,1,1,"مدعوم: نعم
مطابق: نعم",1,0,Atlas-Chat-9B/v2,0
w103,C,['wiki_02643'],المعلومة غير متوفرة في النصوص.,0,MBZUAI-Paris/Atlas-Chat-9B,0,0,1,"مدعوم: لا
مطابق: لا",0,1,Atlas-Chat-9B/v2,1
w104,C,['wiki_00431'],النموذج الاقتصادي المغربي ما بين 1956 و1982 كان مختلط، تداخلت فيه النزعة اللبرالية مع التوجيه الاقتصادي، وسياسة تجارية حمائية، وتدخل وازن للسلطات الحكومية في السياسات الاقتصادية والاجتماعية.,1,MBZUAI-Paris/Atlas-Chat-9B,1,1,1,"مدعوم: نعم
مطابق: نعم",1,1,Atlas-Chat-9B/v2,0
w105,C,['wiki_00431'],أولى الأوراش الاقتصادية ديال أول الحكومات المغربية كانت إرساء الاستقلالية الاقتصادية، لدولة خارجة للتو من الاستعمار، وذلك عبر إصدار العملة الوطنية، وخلق مؤسسات الوصاية والتوجيه الاقتصادي، وإرساء نظام بنكي عصري.,1,MBZUAI-Paris/Atlas-Chat-9B,1,1,1,"مدعوم: نعم
مطابق: نعم",1,1,Atlas-Chat-9B/v2,0
w106,C,['wiki_00565'],البنك المخزني المغربي تأسس فعام 1907 فطنجة، شمال المغرب.,1,MBZUAI-Paris/Atlas-Chat-9B,1,1,1,"مدعوم: نعم
مطابق: نعم",1,1,Atlas-Chat-9B/v2,0
w107,C,['wiki_00565'],حتى لعام 1959.,1,MBZUAI-Paris/Atlas-Chat-9B,1,1,1,"مدعوم: نعم
مطابق: نعم",1,0,Atlas-Chat-9B/v2,0
w108,C,['wiki_02856'],السبب الرئيسي لي خلا مؤتمر الجزيرة الخضراء يتنظم فـ1906 هو الأزمة المغربية الأولى بين فرنسا وألمانيا فـ1905، لي وقعات منين ردات ألمانيا على جهود فرنسا لإنشاء محمية على دولة المغرب المستقلة.,0,MBZUAI-Paris/Atlas-Chat-9B,0,0,1,"مدعوم: لا
مطابق: لا",1,1,Atlas-Chat-9B/v2,0
w109,C,['wiki_00738'],السفير الثاني لي زار الأسكوريال هو أحمد بن المهدي الغزال.,1,MBZUAI-Paris/Atlas-Chat-9B,1,1,1,"مدعوم: نعم
مطابق: نعم",1,0,Atlas-Chat-9B/v2,0
w110,C,['wiki_00738'],مشا محمد بن عثمان المكناسي سفير السلطان محمد الثالث لدى بلاط «كارلوس الثالث» باش يوقع معاه معاهدة لتجديد الصلح بين الدولتين، وإطلاق صراح الأسرى الجزائريين بإسبانيا.,1,MBZUAI-Paris/Atlas-Chat-9B,1,1,1,"مدعوم: نعم
مطابق: نعم",1,0,Atlas-Chat-9B/v2,0
w111,C,['wiki_02472'],كلمة أصفراو بالأمازيغية كتعني المنطقة المقعرة.,1,MBZUAI-Paris/Atlas-Chat-9B,1,1,1,"مدعوم: نعم
مطابق: نعم",1,0,Atlas-Chat-9B/v2,0
w112,C,['wiki_02476'],المعلومة غير متوفرة في النصوص.,0,MBZUAI-Paris/Atlas-Chat-9B,0,0,1,"مدعوم: لا
مطابق: لا",0,1,Atlas-Chat-9B/v2,1
w113,C,['wiki_02472'],البلدة لي قريبة من صفرو وباقي فيها شي ناس ساكنين فالكهوف هي البهاليل.,1,MBZUAI-Paris/Atlas-Chat-9B,1,1,1,"مدعوم: نعم
مطابق: نعم",1,1,Atlas-Chat-9B/v2,0
w114,C,['wiki_01117'],القصر الصغير كاين على بعد 35 كيلومتر من الطريق لي كتربط طنجة وتطوان.,1,MBZUAI-Paris/Atlas-Chat-9B,1,1,1,"مدعوم: نعم
مطابق: نعم",1,1,Atlas-Chat-9B/v2,0
w115,C,['wiki_01117'],البقايا الأثرية لي كاينة فموقع القصر الصغير هي مسجد، وحمام، ومركز تجاري تعود إلى فترات تاريخية تمتد من القرن 12 الميلادي إلى غاية القرن 14 الميلادي.,1,MBZUAI-Paris/Atlas-Chat-9B,1,1,1,"مدعوم: نعم
مطابق: نعم",1,1,Atlas-Chat-9B/v2,0
w116,C,['wiki_01117'],الجيش البرتغالي بقيادة ألفونس الخامس استولى على القصر الصغير فـ23 أكتوبر 1458م.,1,MBZUAI-Paris/Atlas-Chat-9B,1,1,1,"مدعوم: نعم
مطابق: نعم",1,0,Atlas-Chat-9B/v2,0
w117,C,['wiki_00050'],المعلومة غير متوفرة في النصوص.,0,MBZUAI-Paris/Atlas-Chat-9B,0,0,1,"مدعوم: لا
مطابق: لا",1,1,Atlas-Chat-9B/v2,1
w118,C,['wiki_01242'],المحاكِم والوزارات والجيش.,1,MBZUAI-Paris/Atlas-Chat-9B,1,1,1,"مدعوم: نعم
مطابق: نعم",1,1,Atlas-Chat-9B/v2,0
w119,C,['wiki_02765'],المعلومة غير متوفرة في النصوص.,0,MBZUAI-Paris/Atlas-Chat-9B,0,0,1,"مدعوم: لا
مطابق: لا",0,1,Atlas-Chat-9B/v2,1
w120,C,['wiki_02712'],المعلومة غير متوفرة في النصوص.,0,MBZUAI-Paris/Atlas-Chat-9B,0,0,1,"مدعوم: لا
مطابق: لا",0,1,Atlas-Chat-9B/v2,1
w121,C,['wiki_02269'],كانت معروفة بقصبة المرينيين فالعصر المريني.,1,MBZUAI-Paris/Atlas-Chat-9B,1,1,1,"مدعوم: نعم
مطابق: نعم",1,0,Atlas-Chat-9B/v2,0
w122,C,['wiki_02787'],وفرة سمك الشابل والتون في أزمور، والإقبال الأوروبي على شرائه، كان سبباً مباشراً في استعجال احتلالها من طرف البرتغاليين.,1,MBZUAI-Paris/Atlas-Chat-9B,1,1,1,"مدعوم: نعم
مطابق: نعم",1,1,Atlas-Chat-9B/v2,0
w123,C,['wiki_02787'],إسبانيا بنات برج عسكري عند مصب وادي الشبيكة فعام 1476.,1,MBZUAI-Paris/Atlas-Chat-9B,1,1,1,"مدعوم: نعم
مطابق: نعم",1,0,Atlas-Chat-9B/v2,0
w124,C,['wiki_02319'],"لقب سطات هو ""عاصمة الشاوية"".",1,MBZUAI-Paris/Atlas-Chat-9B,1,1,1,"مدعوم: نعم
مطابق: نعم",1,0,Atlas-Chat-9B/v2,0
w125,C,['wiki_02319'],83 كم,1,MBZUAI-Paris/Atlas-Chat-9B,1,1,1,"مدعوم: نعم
مطابق: نعم",1,0,Atlas-Chat-9B/v2,0
w126,C,['wiki_02319'],الرمز ديال مدينة سطات هو الحصان.,1,MBZUAI-Paris/Atlas-Chat-9B,1,1,1,"مدعوم: نعم
مطابق: نعم",1,1,Atlas-Chat-9B/v2,0
w127,C,['wiki_02319'],ارتفاع سطات على سطح البحر حوالي 370 مترا.,1,MBZUAI-Paris/Atlas-Chat-9B,1,1,1,"مدعوم: نعم
مطابق: نعم",1,1,Atlas-Chat-9B/v2,0
w128,C,['wiki_02445'],المعلومة غير متوفرة في النصوص.,0,MBZUAI-Paris/Atlas-Chat-9B,0,0,1,"مدعوم: لا
مطابق: لا",0,1,Atlas-Chat-9B/v2,1
w129,C,['wiki_00186'],كانو المرابطين كيستعملو اللون الكحل باش يربطو الاعتراف ديالهم بالشرعية ديال الخلافة العباسية.,0,MBZUAI-Paris/Atlas-Chat-9B,1,1,1,"مدعوم: نعم
مطابق: نعم",1,1,Atlas-Chat-9B/v2,0
w130,C,['wiki_01860'],السلاسل الجبلية المذكورة لي منتصبة من جهتي الشمال والغرب هي لي كتوقف الكتل الهوائية الرطبة باش ما توصلش لمنطقة تاوريرت.,1,MBZUAI-Paris/Atlas-Chat-9B,1,1,1,"مدعوم: نعم
مطابق: نعم",1,1,Atlas-Chat-9B/v2,0
w131,C,['wiki_01845'],الناس ديال تاوريرت كانو كيعتمدو على مهاجريهم لي ساكنين فالخارج فمعيشتهم.,0,MBZUAI-Paris/Atlas-Chat-9B,0,0,1,"مدعوم: لا
مطابق: لا",0,0,Atlas-Chat-9B/v2,0
w132,C,['wiki_02297'],كانت مدينة سجلماسة التاريخية كاينة فوسط واحة كبيرة جنوب الأطلس الكبير، مقابلة لمدينة الريصاني ف تافيلالت الحالية.,1,MBZUAI-Paris/Atlas-Chat-9B,1,1,1,"مدعوم: نعم
مطابق: نعم",1,1,Atlas-Chat-9B/v2,0
w133,C,['wiki_02297'],القيروان,1,MBZUAI-Paris/Atlas-Chat-9B,1,1,1,"مدعوم: نعم
مطابق: نعم",1,0,Atlas-Chat-9B/v2,0
w134,C,['wiki_02297'],سجلماسة تبنات ف 140 هـ/757م من طرف عيسى بن يزيد الأسود.,1,MBZUAI-Paris/Atlas-Chat-9B,1,1,1,"مدعوم: نعم
مطابق: نعم",1,0,Atlas-Chat-9B/v2,0
w135,C,['wiki_01432'],الضريبة على القيمة المضافة ترفعات من 17% لـ19% فـ1984.,1,MBZUAI-Paris/Atlas-Chat-9B,1,1,1,"مدعوم: نعم
مطابق: نعم",1,0,Atlas-Chat-9B/v2,0
w136,C,['chunk_030'],المعلومة غير متوفرة في النصوص.,0,MBZUAI-Paris/Atlas-Chat-9B,0,0,1,"مدعوم: لا
مطابق: لا",1,1,Atlas-Chat-9B/v2,1
w137,C,['wiki_02057'],المعلومة غير متوفرة في النصوص.,0,MBZUAI-Paris/Atlas-Chat-9B,0,0,1,"مدعوم: لا
مطابق: لا",0,1,Atlas-Chat-9B/v2,1
w138,C,['wiki_02057'],مصادر الدخل لي اعتمدات عليهم جمهورية الريف هي: الضرائب على شكل نقود ولا محاصيل، مداخيل الزكاة، الغرامات، تبرعات السكان والقبائل، وفداء الأسرى.,1,MBZUAI-Paris/Atlas-Chat-9B,1,0,1,"مدعوم: نعم
مطابق: لا",1,0,Atlas-Chat-9B/v2,0
w139,C,['wiki_02057'],20 ألف بيزيتا سنويا.,1,MBZUAI-Paris/Atlas-Chat-9B,1,1,1,"مدعوم: نعم
مطابق: نعم",1,0,Atlas-Chat-9B/v2,0
w140,C,['wiki_02057'],حكومة الريف سحبات الأراضي الفلاحية من لي ما قدرش يزرعها باش يحافظ على الإنتاج.,1,MBZUAI-Paris/Atlas-Chat-9B,1,1,1,"مدعوم: نعم
مطابق: نعم",1,1,Atlas-Chat-9B/v2,0
w141,C,['wiki_00062'],المعلومة غير متوفرة في النصوص.,0,MBZUAI-Paris/Atlas-Chat-9B,0,0,1,"مدعوم: لا
مطابق: لا",1,1,Atlas-Chat-9B/v2,1
w142,C,['wiki_00526'],المعلومة غير متوفرة في النصوص.,0,MBZUAI-Paris/Atlas-Chat-9B,0,0,1,"مدعوم: لا
مطابق: لا",1,1,Atlas-Chat-9B/v2,1
w143,C,['wiki_02467'],"صالح بن عبد الحليم الإيلاني كينتمي إلى قبيلة أيلان المصمودية، المعروفة في المصادر باسم ""هيلانة"".",1,MBZUAI-Paris/Atlas-Chat-9B,1,1,1,"مدعوم: نعم
مطابق: نعم",1,0,Atlas-Chat-9B/v2,0
w144,C,['wiki_02467'],الأيلاني ترعرع في مدينة نفيس، حسب الراجح.,1,MBZUAI-Paris/Atlas-Chat-9B,1,1,1,"مدعوم: نعم
مطابق: نعم",1,0,Atlas-Chat-9B/v2,0
w145,C,['wiki_00604'],المعلومة غير متوفرة في النصوص.,0,MBZUAI-Paris/Atlas-Chat-9B,0,0,1,"مدعوم: لا
مطابق: لا",1,1,Atlas-Chat-9B/v2,1
w146,C,['wiki_00604'],المعلومة غير متوفرة في النصوص.,0,MBZUAI-Paris/Atlas-Chat-9B,0,0,1,"مدعوم: لا
مطابق: لا",0,1,Atlas-Chat-9B/v2,1
w147,C,['wiki_02939'],مستشفى القرب ديال أحفير تدشن فـ25 يوليوز 2024.,1,MBZUAI-Paris/Atlas-Chat-9B,1,1,1,"مدعوم: نعم
مطابق: نعم",1,1,Atlas-Chat-9B/v2,0
w148,C,['wiki_02939'],وزير الصحة والحماية الاجتماعية خالد آيت الطالب.,1,MBZUAI-Paris/Atlas-Chat-9B,1,1,1,"مدعوم: نعم
مطابق: نعم",1,0,Atlas-Chat-9B/v2,0
w149,C,['wiki_01469'],المقاومة ديال تاكفاريناس دامت سبع سنين.,1,MBZUAI-Paris/Atlas-Chat-9B,1,1,1,"مدعوم: نعم
مطابق: نعم",1,0,Atlas-Chat-9B/v2,0
w150,C,['wiki_00149'],مدينة أصيلة مشهورة بكونها قطب ثقافي وسياحي مهم، وعندها أكبر معرض فني مفتوح فالمغرب، وكتتميز بالنمط المعماري المغربي الأصيل.,0,MBZUAI-Paris/Atlas-Chat-9B,0,0,1,"مدعوم: لا
مطابق: لا",1,1,Atlas-Chat-9B/v2,0
w151,C,['wiki_01062'],الإستغلال لي فرضوه الرومان على الأمازيغ، بحال السيطرة على الأراضي الفلاحية، وفرض السخرة على السكان، واستعمال القوة في إخضاعهم.,1,MBZUAI-Paris/Atlas-Chat-9B,1,1,1,"مدعوم: نعم
مطابق: نعم",1,1,Atlas-Chat-9B/v2,0
w152,C,['wiki_01062'],أبرز الزعماء ديال المقاومة الأمازيغية ضد الرومان هوما تاكفاريناس، أديمون، ودونات.,1,MBZUAI-Paris/Atlas-Chat-9B,1,1,1,"مدعوم: نعم
مطابق: نعم",1,1,Atlas-Chat-9B/v2,0
w153,C,['wiki_02491'],تأسس صندوق محمد السادس للاستثمار في عام 2021.,1,MBZUAI-Paris/Atlas-Chat-9B,1,1,1,"مدعوم: نعم
مطابق: نعم",1,0,Atlas-Chat-9B/v2,0
w154,C,['wiki_02491'],المقر الرئيسي ديال صندوق محمد السادس للاستثمار كاين فالرباط.,1,MBZUAI-Paris/Atlas-Chat-9B,1,1,1,"مدعوم: نعم
مطابق: نعم",1,0,Atlas-Chat-9B/v2,0
w155,C,['wiki_02491'],تععلان على صندوق محمد السادس للاستثمار في عام 2020 في سياق تدابير الإنعاش الاقتصادي المعتمدة في أعقاب جائحة كوفيد-19.,1,MBZUAI-Paris/Atlas-Chat-9B,1,1,1,"مدعوم: نعم
مطابق: نعم",1,0,Atlas-Chat-9B/v2,0
w156,C,['wiki_02032'],المعلومة غير متوفرة في النصوص.,0,MBZUAI-Paris/Atlas-Chat-9B,0,0,1,"مدعوم: لا
مطابق: لا",1,1,Atlas-Chat-9B/v2,1
w157,C,['wiki_02032'],المعلومة غير متوفرة في النصوص.,0,MBZUAI-Paris/Atlas-Chat-9B,0,0,1,"مدعوم: لا
مطابق: لا",0,1,Atlas-Chat-9B/v2,1
w158,C,['wiki_02388'],ارتفعت الساكنة الحضرية من 13 إلى 17 مليون نسمة ما بين العامين 1992 و2004 فبلغت نسبة الساكنة الحضرية 57% من مجموع السكان.,1,MBZUAI-Paris/Atlas-Chat-9B,1,1,1,"مدعوم: نعم
مطابق: نعم",1,0,Atlas-Chat-9B/v2,0
w159,C,['wiki_01248'],المعلومة غير متوفرة في النصوص.,0,MBZUAI-Paris/Atlas-Chat-9B,0,0,1,"مدعوم: لا
مطابق: لا",0,1,Atlas-Chat-9B/v2,1
w160,C,['wiki_01320'],3312,1,MBZUAI-Paris/Atlas-Chat-9B,1,1,1,"مدعوم: نعم
مطابق: نعم",1,0,Atlas-Chat-9B/v2,0
w161,C,['wiki_02208'],المعلومة غير متوفرة في النصوص.,0,MBZUAI-Paris/Atlas-Chat-9B,0,0,1,"مدعوم: لا
مطابق: لا",0,1,Atlas-Chat-9B/v2,1
w162,C,['wiki_01320'],45,1,MBZUAI-Paris/Atlas-Chat-9B,1,1,1,"مدعوم: نعم
مطابق: نعم",1,0,Atlas-Chat-9B/v2,0
w163,C,['wiki_01438'],5 دجنبر 1952,0,MBZUAI-Paris/Atlas-Chat-9B,1,1,1,"مدعوم: نعم
مطابق: نعم",1,0,Atlas-Chat-9B/v2,0
w164,C,['wiki_00725'],كان السلطان محمد الخامس سيركب قطارا إلى طنجة ترميزا إلى وحدة التراب المغربي بين الجنوب والشمال، استعدادا لتقديم طلب الاستقلال.,0,MBZUAI-Paris/Atlas-Chat-9B,0,0,1,"مدعوم: لا
مطابق: لا",0,0,Atlas-Chat-9B/v2,0
w165,C,['wiki_02347'],محمد توري، واحد من قادة والده، هو لي طيح سني أبو بكر فإمبراطورية صنغاي.,1,MBZUAI-Paris/Atlas-Chat-9B,1,1,1,"مدعوم: نعم
مطابق: نعم",1,1,Atlas-Chat-9B/v2,0
w166,C,['wiki_02350'],أسكيا محمد وسع مملكة الصُّنغاي، وساند الإدارة، وجند الجيش، وساند توسع البلاد فالشمال والسواحل ديال المحيط الأطلسي.,0,MBZUAI-Paris/Atlas-Chat-9B,1,1,1,"مدعوم: نعم
مطابق: نعم",1,1,Atlas-Chat-9B/v2,0
w167,C,['wiki_02960'],كانت قبيلة مطغرة كتعيش فمناطق انتشارها التاريخية، خاصة فضواحي تاهلة حدا قلعة جرماط، وجنوب فاس فجبال كندر حدا واد بوخرارب، ومن تما كتنشر بشكل منتشق لمدن قصور تافيلالت.,0,MBZUAI-Paris/Atlas-Chat-9B,0,0,1,"مدعوم: لا
مطابق: لا",1,0,Atlas-Chat-9B/v2,0
w168,C,['wiki_02259'],حصن تازكورت.,0,MBZUAI-Paris/Atlas-Chat-9B,0,0,1,"مدعوم: لا
مطابق: لا",0,0,Atlas-Chat-9B/v2,0
w169,C,['wiki_00475'],"السلطان استقبل نحو 2,000 من التجار العرب ففاس فـ825.",1,MBZUAI-Paris/Atlas-Chat-9B,1,1,1,"مدعوم: نعم
مطابق: نعم",1,1,Atlas-Chat-9B/v2,0
w170,C,['wiki_01706'],المعلومة غير متوفرة في النصوص.,0,MBZUAI-Paris/Atlas-Chat-9B,0,0,1,"مدعوم: لا
مطابق: لا",0,1,Atlas-Chat-9B/v2,1
w171,C,['wiki_00475'],حي القيروانيين,1,MBZUAI-Paris/Atlas-Chat-9B,1,1,1,"مدعوم: نعم
مطابق: نعم",1,0,Atlas-Chat-9B/v2,0
w172,C,['wiki_02101'],أكتوبر 1955,1,MBZUAI-Paris/Atlas-Chat-9B,1,1,1,"مدعوم: نعم
مطابق: نعم",1,0,Atlas-Chat-9B/v2,0
w173,C,['wiki_01720'],16 نونبر 1955,0,MBZUAI-Paris/Atlas-Chat-9B,1,1,1,"مدعوم: نعم
مطابق: نعم",1,0,Atlas-Chat-9B/v2,0
w174,C,['wiki_02365'],الأهداف لي تضربات فحرب المدن هي: تحسين الخدمات العمومية، تنمية الأساس الاقتصادي للمدن، القضاء على السكن غير اللائق، إعداد تصاميم التهيئة الحضرية، تحكم ف سوق العقار، إصلاح التعليم، محاربة الأمية، تطوير البحث العلمي، العناية بالتكوين المهني، تحسين الخدمات الاجتماعية، تطوير المزيد من المؤسسات الاجتماعية، تش,0,MBZUAI-Paris/Atlas-Chat-9B,0,0,1,"مدعوم: لا
مطابق: لا",0,0,Atlas-Chat-9B/v2,0
w175,C,['wiki_02948'],المعلومة غير متوفرة في النصوص.,0,MBZUAI-Paris/Atlas-Chat-9B,0,0,1,"مدعوم: لا
مطابق: لا",1,1,Atlas-Chat-9B/v2,1
w176,C,['wiki_00295'],الجامعة لي كاينة فمدينة إفران هي جامعة إفران، لي تأسست على نظام الجامعة الأمريكية واللغة الإنجليزية هي لغة التدريس.,0,MBZUAI-Paris/Atlas-Chat-9B,0,0,1,"مدعوم: لا
مطابق: لا",0,1,Atlas-Chat-9B/v2,0
w177,C,['wiki_00289'],الجاذبية السياحية ديال إفران كتعتمد على مجموعة من الموارد الطبيعية والترفيهية، بما فيها المنتزه الوطني لإفران، والبحيرات والمصادر والشلالات والمجالات الغابوية، ومحطة ميشليفن للتزلج.,1,MBZUAI-Paris/Atlas-Chat-9B,1,1,1,"مدعوم: نعم
مطابق: نعم",1,1,Atlas-Chat-9B/v2,0
w178,C,['wiki_02081'],عام 1994.,1,MBZUAI-Paris/Atlas-Chat-9B,1,1,1,"مدعوم: نعم
مطابق: نعم",1,0,Atlas-Chat-9B/v2,0
w179,C,['wiki_02792'],كاينين 183 وحدة فصناعة التجميد ديال الصيد البحري.,1,MBZUAI-Paris/Atlas-Chat-9B,1,1,1,"مدعوم: نعم
مطابق: نعم",1,0,Atlas-Chat-9B/v2,0
w180,C,['wiki_02792'],أغلب وحدات صناعة التجميد كتترکز فجنوب المغرب حيت كاين تطوير صيد الرخويات والصيد السطحي.,1,MBZUAI-Paris/Atlas-Chat-9B,1,1,1,"مدعوم: نعم
مطابق: نعم",1,1,Atlas-Chat-9B/v2,0
w181,C,['wiki_02792'],القدرة الإنتاجية فالنهار ديال صناعة التجميد هي حوالي 8300 طن.,1,MBZUAI-Paris/Atlas-Chat-9B,1,1,1,"مدعوم: نعم
مطابق: نعم",1,0,Atlas-Chat-9B/v2,0
w182,C,['wiki_02792'],الوجهة الرئيسية ديال المنتجات البحرية المجمدة المغربية هي الاتحاد الأوروبي، اللي كيشري 70% من إجمالي الصادرات ديال هاد النشاط.,1,MBZUAI-Paris/Atlas-Chat-9B,1,1,1,"مدعوم: نعم
مطابق: نعم",1,0,Atlas-Chat-9B/v2,0
w183,C,['wiki_00269'],على يد إمبراطور كاليغولا خمدات ثورة إيديمون.,0,MBZUAI-Paris/Atlas-Chat-9B,0,0,1,"مدعوم: لا
مطابق: لا",0,0,Atlas-Chat-9B/v2,0
w184,C,['wiki_00270'],ترعرع يوبا الثاني في روما، في كنف الإمبراطور أغسطس.,1,MBZUAI-Paris/Atlas-Chat-9B,1,1,1,"مدعوم: نعم
مطابق: نعم",1,0,Atlas-Chat-9B/v2,0
w185,C,['wiki_00270'],المدينة لي دارها يوبا الثاني عاصمة ديال الحكم ديالو هي شرشال.,1,MBZUAI-Paris/Atlas-Chat-9B,1,1,1,"مدعوم: نعم
مطابق: نعم",1,1,Atlas-Chat-9B/v2,0
w186,C,['wiki_01463'],الأم ديال بطليموس الموريطاني هي كليوباترا سيليني الثانية، من الأسرة البطلمية.,1,MBZUAI-Paris/Atlas-Chat-9B,1,1,1,"مدعوم: نعم
مطابق: نعم",1,1,Atlas-Chat-9B/v2,0
w187,C,['wiki_01463'],بطليموس حكم من 23 حتى وفاته في 40.,1,MBZUAI-Paris/Atlas-Chat-9B,1,1,1,"مدعوم: نعم
مطابق: نعم",1,0,Atlas-Chat-9B/v2,0
w188,C,['wiki_00051'],فـ ساعتين و11 دقيقة و34 ثانية.,1,MBZUAI-Paris/Atlas-Chat-9B,1,1,1,"مدعوم: نعم
مطابق: نعم",1,0,Atlas-Chat-9B/v2,0
w189,C,['wiki_00051'],"مريم بوعود ربحات جائزة ""قارئ العام للعالم العربي"" فمسابقة أقرأ.",1,MBZUAI-Paris/Atlas-Chat-9B,1,1,1,"مدعوم: نعم
مطابق: نعم",1,0,Atlas-Chat-9B/v2,0
w190,C,['wiki_00670'],"المغاربة تخافو من القانون حيت كان كيقسم المغرب لجوج عوالم متميزين ومفرقين: عالم العرب المغاربة لي كيهضرو العربية، وعالم ""البربر"" لي كيهضرو الأمازيغية.",1,MBZUAI-Paris/Atlas-Chat-9B,1,1,1,"مدعوم: نعم
مطابق: نعم",1,0,Atlas-Chat-9B/v2,0
w191,C,['wiki_00670'],"الدراسات الاستعمارية كانت كتقسم المغرب لجوج منطقتين: ""بلاد السيبة"" و""بلاد المخزن"".",1,MBZUAI-Paris/Atlas-Chat-9B,1,1,1,"مدعوم: نعم
مطابق: نعم",1,0,Atlas-Chat-9B/v2,0
w192,C,['wiki_00144'],المعلومة غير متوفرة في النصوص.,0,MBZUAI-Paris/Atlas-Chat-9B,0,0,1,"مدعوم: لا
مطابق: لا",0,1,Atlas-Chat-9B/v2,1
w193,C,['wiki_01890'],تزنيت كيلقبوها بعاصمة الفضة حيت مشهورة بإنتاج المجوهرات الفضية.,1,MBZUAI-Paris/Atlas-Chat-9B,1,1,1,"مدعوم: نعم
مطابق: نعم",1,1,Atlas-Chat-9B/v2,0
w194,C,['wiki_01890'],سمية تزنيت كترجع لواحد المرا سميتها للا زنينية.,1,MBZUAI-Paris/Atlas-Chat-9B,1,1,1,"مدعوم: نعم
مطابق: نعم",1,1,Atlas-Chat-9B/v2,0
w195,C,['wiki_01411'],المهام ديال الهيئة المغربية لسوق الرساميل هي حماية الادخار، ضمان شفافية وحسن سير الأسواق المالية، والمساهمة في تطويرها.,0,MBZUAI-Paris/Atlas-Chat-9B,1,1,1,"مدعوم: نعم
مطابق: نعم",1,1,Atlas-Chat-9B/v2,0
w196,C,['wiki_01412'],الملك كيعين الرئيس.,1,MBZUAI-Paris/Atlas-Chat-9B,1,0,1,"مدعوم: نعم
مطابق: لا",1,0,Atlas-Chat-9B/v2,0
w197,C,['wiki_00930'],سبعة سلاطين من ولاد المولى إسماعيل هوما أحمد الذهبي، عبد الملك، علي الأعرج، محمد المستضيء، زين العابدين، و عبد الله.,1,MBZUAI-Paris/Atlas-Chat-9B,1,1,1,"مدعوم: نعم
مطابق: نعم",1,0,Atlas-Chat-9B/v2,0
w198,C,['wiki_01051'],المعلومة غير متوفرة في النصوص.,0,MBZUAI-Paris/Atlas-Chat-9B,0,0,1,"مدعوم: لا
مطابق: لا",1,1,Atlas-Chat-9B/v2,1
w199,C,['wiki_01000'],الصويرة ولات العاصمة الاقتصادية ديال المغرب حيت السلطان العلوي محمد بن عبد الله (محمد الثالث) عاود بناء المدينة على النمط العصري، وبنا فيها ميناء جديد وقاعدة عسكرية بحرية، وهاد الشي خلا نخبة من التجار والدبلوماسيين اليهود يستقرو فيها.,1,MBZUAI-Paris/Atlas-Chat-9B,1,1,1,"مدعوم: نعم
مطابق: نعم",1,1,Atlas-Chat-9B/v2,0
w200,C,['wiki_00698'],"إسبانيا كان عندها 34,000 رجل فالمغرب فيوليوز 1936.",1,MBZUAI-Paris/Atlas-Chat-9B,1,1,1,"مدعوم: نعم
مطابق: نعم",1,1,Atlas-Chat-9B/v2,0
w001,F,['wiki_02359'],593 168 وحدة.,1,MBZUAI-Paris/Atlas-Chat-9B,1,1,1,"مدعوم: نعم
مطابق: نعم",1,1,Atlas-Chat-9B/v2,0
w002,F,['wiki_02359'],مصنع رينو-نيسان كاين فطنجة.,1,MBZUAI-Paris/Atlas-Chat-9B,1,1,1,"مدعوم: نعم
مطابق: نعم",1,0,Atlas-Chat-9B/v2,0
w003,F,['wiki_01011'],النسبة ديال الطاقات المتجددة فإنتاج الكهربا فالمغرب هي 2.2%.,0,MBZUAI-Paris/Atlas-Chat-9B,0,0,1,"مدعوم: لا
مطابق: لا",0,0,Atlas-Chat-9B/v2,0
w004,F,['wiki_01012'],تطورات بسرعة، ارتفع الاعتماد عليها من 2.8% سنة 2010 إلى 8.1% سنة 2015.,1,MBZUAI-Paris/Atlas-Chat-9B,1,1,1,"مدعوم: نعم
مطابق: نعم",1,0,Atlas-Chat-9B/v2,0
w005,F,['wiki_01012'],"1,6 طن للفرد الواحد.",1,MBZUAI-Paris/Atlas-Chat-9B,1,1,1,"مدعوم: نعم
مطابق: نعم",1,1,Atlas-Chat-9B/v2,0
w006,F,['wiki_00564'],معدل البطالة على الصعيد الوطني وصل ل 12.8% فالفصل الثاني ديال 2025.,1,MBZUAI-Paris/Atlas-Chat-9B,1,1,1,"مدعوم: نعم
مطابق: نعم",1,0,Atlas-Chat-9B/v2,0
w007,F,['wiki_00564'],رئيس المندوبية السامية للتخطيط هو شكيب بنموسى.,1,MBZUAI-Paris/Atlas-Chat-9B,1,1,1,"مدعوم: نعم
مطابق: نعم",1,0,Atlas-Chat-9B/v2,0
w008,F,['wiki_00564'],معدل البطالة فالبادية تطور من 10.5% ف2014 ل21.4% ف2024.,1,MBZUAI-Paris/Atlas-Chat-9B,1,1,1,"مدعوم: نعم
مطابق: نعم",1,0,Atlas-Chat-9B/v2,0
w009,F,['wiki_02608'],معدل التضخم بقى منخفض عند نسبة 0.7%.,1,MBZUAI-Paris/Atlas-Chat-9B,1,1,1,"مدعوم: نعم
مطابق: نعم",1,1,Atlas-Chat-9B/v2,0
w010,F,['wiki_02608'],عجز الموازنة نقص لـ3.5% من إجمالي الناتج المحلي فـ2017.,1,MBZUAI-Paris/Atlas-Chat-9B,1,1,1,"مدعوم: نعم
مطابق: نعم",1,0,Atlas-Chat-9B/v2,0
w011,F,['wiki_02608'],14.7%,1,MBZUAI-Paris/Atlas-Chat-9B,1,1,1,"مدعوم: نعم
مطابق: نعم",1,0,Atlas-Chat-9B/v2,0
w012,F,['wiki_02230'],الأوراق البنكية القديمة ما بقاتش صالحة للتداول من فاتح أبريل 1998.,1,MBZUAI-Paris/Atlas-Chat-9B,1,1,1,"مدعوم: نعم
مطابق: نعم",1,0,Atlas-Chat-9B/v2,0
w013,F,['wiki_02230'],حتى لـ31 دجنبر 2011.,1,MBZUAI-Paris/Atlas-Chat-9B,1,1,1,"مدعوم: نعم
مطابق: نعم",1,0,Atlas-Chat-9B/v2,0
w014,F,['wiki_02691'],"عدد الساكنة ديال المغرب وصل تقريبا لـ36,8 مليون نسمة فـ2024.",1,MBZUAI-Paris/Atlas-Chat-9B,1,1,1,"مدعوم: نعم
مطابق: نعم",1,1,Atlas-Chat-9B/v2,0
w015,F,['wiki_02691'],"ارتفع معدل التمدن من 29% سنة 1960 إلى 62,8% سنة 2024.",1,MBZUAI-Paris/Atlas-Chat-9B,1,1,1,"مدعوم: نعم
مطابق: نعم",1,1,Atlas-Chat-9B/v2,0
w016,F,['wiki_02691'],"معدل النمو السكاني ما بين 2014 و2024 وصل إلى 0,85%.",1,MBZUAI-Paris/Atlas-Chat-9B,1,1,1,"مدعوم: نعم
مطابق: نعم",1,1,Atlas-Chat-9B/v2,0
w017,F,['wiki_01011'],النسبة ديال الطاقات الأحفورية من استهلاك الطاقة الأولية فـ2015 هي 88.8%.,1,MBZUAI-Paris/Atlas-Chat-9B,1,1,1,"مدعوم: نعم
مطابق: نعم",1,0,Atlas-Chat-9B/v2,0
w018,F,['wiki_01011'],"الإنتاج الوطني من الطاقة الأولية كيمثل %9,4 من احتياجات البلاد.",1,MBZUAI-Paris/Atlas-Chat-9B,1,1,1,"مدعوم: نعم
مطابق: نعم",1,0,Atlas-Chat-9B/v2,0
w019,F,['wiki_00436'],15%,1,MBZUAI-Paris/Atlas-Chat-9B,1,1,1,"مدعوم: نعم
مطابق: نعم",1,0,Atlas-Chat-9B/v2,0
w020,F,['wiki_00436'],الواردات ديال المغرب كتشكل أساسا من المواد الطاقية ومواد التجهيز والمواد الاستهلاكية.,1,MBZUAI-Paris/Atlas-Chat-9B,1,1,1,"مدعوم: نعم
مطابق: نعم",1,0,Atlas-Chat-9B/v2,0
w021,F,['wiki_01430'],نسبة تغطية الصادرات للواردات وصلات لـ55.8 % فـ1983.,1,MBZUAI-Paris/Atlas-Chat-9B,1,1,1,"مدعوم: نعم
مطابق: نعم",1,0,Atlas-Chat-9B/v2,0
w022,F,['wiki_01430'],المصاريف ديال حرب الصحرا كانت كتبلغ مليون دولار فالنهار.,1,MBZUAI-Paris/Atlas-Chat-9B,1,1,1,"مدعوم: نعم
مطابق: نعم",1,0,Atlas-Chat-9B/v2,0
w023,F,['wiki_00350'],اتفاقية التجارة الحرة بين المغرب وأمريكا تسجلات فـ15 يونيو 2004.,0,MBZUAI-Paris/Atlas-Chat-9B,1,0,1,"مدعوم: نعم
مطابق: لا",1,0,Atlas-Chat-9B/v2,0
w024,F,['wiki_00574'],%122,1,MBZUAI-Paris/Atlas-Chat-9B,1,1,1,"مدعوم: نعم
مطابق: نعم",1,0,Atlas-Chat-9B/v2,0
w025,F,['wiki_00574'],قطاعات السياحة والنسيج.,1,MBZUAI-Paris/Atlas-Chat-9B,1,1,1,"مدعوم: نعم
مطابق: نعم",1,0,Atlas-Chat-9B/v2,0
w026,F,['wiki_01297'],المغرب عاون إسبانيا بالكهربا فحالة الطوارئ ف2025.,1,MBZUAI-Paris/Atlas-Chat-9B,1,1,1,"مدعوم: نعم
مطابق: نعم",1,1,Atlas-Chat-9B/v2,0
w027,F,['wiki_01011'],النسبة ديال الفحم فإنتاج الكهربا فالمغرب هي 22.9%.,0,MBZUAI-Paris/Atlas-Chat-9B,0,0,1,"مدعوم: لا
مطابق: لا",0,0,Atlas-Chat-9B/v2,0
w028,F,['wiki_02790'],الأقطاب التنافسية الثلاثة لي خلقهم مخطط أليوتيس هوما طنجة وأكادير والعيون.,1,MBZUAI-Paris/Atlas-Chat-9B,1,1,1,"مدعوم: نعم
مطابق: نعم",1,1,Atlas-Chat-9B/v2,0
w029,F,['wiki_02790'],الناتج الداخلي الخام لقطاع الصيد البحري ارتفع من 8.3 مليار درهم ل15 مليار درهم بين 2007 و2015.,1,MBZUAI-Paris/Atlas-Chat-9B,1,1,1,"مدعوم: نعم
مطابق: نعم",1,1,Atlas-Chat-9B/v2,0
w030,F,['wiki_02790'],الإنتاج ديال الصيد البحري وصل تقريبا لـ1.46 مليون طن فـ2016.,1,MBZUAI-Paris/Atlas-Chat-9B,1,1,1,"مدعوم: نعم
مطابق: نعم",1,0,Atlas-Chat-9B/v2,0
w031,F,['wiki_01281'],"قطاع الخدمات ساهم بـ56,5% فالناتج المحلي الإجمالي فـ2017.",1,MBZUAI-Paris/Atlas-Chat-9B,1,1,1,"مدعوم: نعم
مطابق: نعم",1,0,Atlas-Chat-9B/v2,0
w032,F,['wiki_01281'],3.750 دولار أمريكي.,1,MBZUAI-Paris/Atlas-Chat-9B,1,1,1,"مدعوم: نعم
مطابق: نعم",1,0,Atlas-Chat-9B/v2,0
w033,F,['wiki_01281'],المغرب احتل المرتبة 107 فإنتاجية اليد العاملة حسب تقرير منظمة العمل الدولية ديال 2023.,1,MBZUAI-Paris/Atlas-Chat-9B,1,1,1,"مدعوم: نعم
مطابق: نعم",1,1,Atlas-Chat-9B/v2,0
w034,F,['wiki_02387'],تطور إنتاج الطاقة الكهرمائية من 2100 مليون كيلواط في 1992 إلى 2700 مليون كلواط في 2004.,0,MBZUAI-Paris/Atlas-Chat-9B,1,1,1,"مدعوم: نعم
مطابق: نعم",1,0,Atlas-Chat-9B/v2,0
w035,F,['wiki_01379'],الحصة ديال المدارات المسقية فالناتج المحلي الخام بين 7% و10% حسب الحالة المائية للسنة.,1,MBZUAI-Paris/Atlas-Chat-9B,1,1,1,"مدعوم: نعم
مطابق: نعم",1,1,Atlas-Chat-9B/v2,0
w036,F,['wiki_02384'],المغرب كيستورد 40% حتى 60% من حاجياته من الحبوب حسب الحالة المناخية.,0,MBZUAI-Paris/Atlas-Chat-9B,1,1,1,"مدعوم: نعم
مطابق: نعم",1,0,Atlas-Chat-9B/v2,0
w037,F,['chunk_007'],نسبة كبيرة من اليد العاملة.,0,MBZUAI-Paris/Atlas-Chat-9B,1,0,1,"مدعوم: نعم
مطابق: لا",1,0,Atlas-Chat-9B/v2,0
w038,F,['wiki_02646'],عدد سكان عين بني مطهر فـ2014 وصل لـ16289 نسمة.,1,MBZUAI-Paris/Atlas-Chat-9B,1,1,1,"مدعوم: نعم
مطابق: نعم",1,0,Atlas-Chat-9B/v2,0
w039,F,['wiki_02635'],المعلومة غير متوفرة في النصوص,0,MBZUAI-Paris/Atlas-Chat-9B,0,0,1,"مدعوم: لا
مطابق: لا",0,1,Atlas-Chat-9B/v2,1
w040,F,['wiki_00814'],عدد المؤسسات الابتدائية اللي استغلت فالموسم الدراسي 2009/2008 هو 435 مدرسة.,1,MBZUAI-Paris/Atlas-Chat-9B,1,1,1,"مدعوم: نعم
مطابق: نعم",1,0,Atlas-Chat-9B/v2,0
w041,F,['wiki_01106'],المغرب عندو %75 من الاحتياطي العالمي ديال الفوسفاط.,1,MBZUAI-Paris/Atlas-Chat-9B,1,1,1,"مدعوم: نعم
مطابق: نعم",1,1,Atlas-Chat-9B/v2,0
w042,F,['wiki_01106'],الصين هي الدولة لي سابقة المغرب فإنتاج الفوسفاط.,1,MBZUAI-Paris/Atlas-Chat-9B,1,1,1,"مدعوم: نعم
مطابق: نعم",1,1,Atlas-Chat-9B/v2,0
w043,F,['wiki_02193'],"حسب الإحصاء العام للسكان والسكنى لسنة 2024 الصادر عن المندوبية السامية للتخطيط، بلغ عدد سكان جماعة خنيفرة 123,738 نسمة.",0,MBZUAI-Paris/Atlas-Chat-9B,1,1,1,"مدعوم: نعم
مطابق: نعم",1,0,Atlas-Chat-9B/v2,0
w044,F,['wiki_02194'],نسبة الفئة العمرية لي أقل من 15 عام فإقليم خنيفرة هي 24.5%.,1,MBZUAI-Paris/Atlas-Chat-9B,1,1,1,"مدعوم: نعم
مطابق: نعم",1,1,Atlas-Chat-9B/v2,0
w045,F,['wiki_01074'],باش يشجع الاستثمارات والصادرات، ويساهم فتمويل مشروع طرامواي الرباط - سلا.,1,MBZUAI-Paris/Atlas-Chat-9B,1,1,1,"مدعوم: نعم
مطابق: نعم",1,1,Atlas-Chat-9B/v2,0
w046,F,['wiki_01663'],عدد الجماعات فالمغرب فـ2009 وصل لـ1503 جماعة.,1,MBZUAI-Paris/Atlas-Chat-9B,1,1,1,"مدعوم: نعم
مطابق: نعم",1,0,Atlas-Chat-9B/v2,0
w047,F,['wiki_01378'],المساحة المسقية دابا فالمغرب هي 1050000 هكتار، أي ما يعادل 35 هكتار لكل ألف مواطن.,0,MBZUAI-Paris/Atlas-Chat-9B,1,1,1,"مدعوم: نعم
مطابق: نعم",1,0,Atlas-Chat-9B/v2,0
w048,F,['wiki_01378'],الزراعة المسقية كتساهم في 75% من الصادرات الفلاحية.,0,MBZUAI-Paris/Atlas-Chat-9B,1,1,1,"مدعوم: نعم
مطابق: نعم",1,0,Atlas-Chat-9B/v2,0
w049,F,['wiki_02609'],بنك المغرب وسع النطاق ديال تقلب سعر الصرف لـ 2.5% زيادة ولا نقصان، مقارنة مع 0.3% قبل.,1,MBZUAI-Paris/Atlas-Chat-9B,1,1,1,"مدعوم: نعم
مطابق: نعم",1,0,Atlas-Chat-9B/v2,0
w050,F,['wiki_02609'],الهدف ديال الحكومة هو باش تنقص الدين العمومي لـ60% من إجمالي الناتج المحلي بحلول عام 2021.,1,MBZUAI-Paris/Atlas-Chat-9B,1,1,1,"مدعوم: نعم
مطابق: نعم",1,1,Atlas-Chat-9B/v2,0
w051,F,['wiki_01040'],ثورة الشيخ بوعمامة دامت ثماني وعشرين سنة.,1,MBZUAI-Paris/Atlas-Chat-9B,1,1,1,"مدعوم: نعم
مطابق: نعم",1,0,Atlas-Chat-9B/v2,0
w052,F,['wiki_01040'],معركة تازينة وقعات فـ19 ماي 1881م.,1,MBZUAI-Paris/Atlas-Chat-9B,1,1,1,"مدعوم: نعم
مطابق: نعم",1,0,Atlas-Chat-9B/v2,0
w053,F,['wiki_02950'],المعلومة غير متوفرة في النصوص.,0,MBZUAI-Paris/Atlas-Chat-9B,0,0,1,"مدعوم: لا
مطابق: لا",0,1,Atlas-Chat-9B/v2,1
w054,F,['wiki_02950'],المعلومة غير متوفرة في النصوص.,0,MBZUAI-Paris/Atlas-Chat-9B,0,0,1,"مدعوم: لا
مطابق: لا",0,1,Atlas-Chat-9B/v2,1
w055,F,['wiki_00949'],أكثر من أربعة وثلاثون موقع.,1,MBZUAI-Paris/Atlas-Chat-9B,1,1,1,"مدعوم: نعم
مطابق: نعم",1,1,Atlas-Chat-9B/v2,0
w056,F,['wiki_00949'],النقوش الصخرية ديال السمارة كيرجع تاريخها لـ 4000-ق-م 8000-ق.م.,1,MBZUAI-Paris/Atlas-Chat-9B,1,1,1,"مدعوم: نعم
مطابق: نعم",1,1,Atlas-Chat-9B/v2,0
w057,F,['wiki_02594'],الدكتور سعيد العلام,1,MBZUAI-Paris/Atlas-Chat-9B,1,1,1,"مدعوم: نعم
مطابق: نعم",1,0,Atlas-Chat-9B/v2,0
w058,F,['wiki_02594'],فـ2020، عذراء غرناطة ربحات جائزة كتارا للرواية العربية فصنف الرواية غير المنشورة.,1,MBZUAI-Paris/Atlas-Chat-9B,1,1,1,"مدعوم: نعم
مطابق: نعم",1,0,Atlas-Chat-9B/v2,0
w059,F,['wiki_01477'],البوليساريو بغات غير الصحراويين اللي دارهم الاستعمار الإسباني فالإحصاء ديال 1974.,1,MBZUAI-Paris/Atlas-Chat-9B,1,1,1,"مدعوم: نعم
مطابق: نعم",1,1,Atlas-Chat-9B/v2,0
w060,F,['wiki_01477'],السلطات الإسبانية رحلات القبائل الصحراوية من إقليم الساقية الحمراء إلى إقليم واد نون فالمغرب.,1,MBZUAI-Paris/Atlas-Chat-9B,1,1,1,"مدعوم: نعم
مطابق: نعم",1,1,Atlas-Chat-9B/v2,0
w061,F,['wiki_00652'],13 مايو 1801.,1,MBZUAI-Paris/Atlas-Chat-9B,1,1,1,"مدعوم: نعم
مطابق: نعم",1,0,Atlas-Chat-9B/v2,0
w062,F,['wiki_00652'],توماس جيفرسون,1,MBZUAI-Paris/Atlas-Chat-9B,1,1,1,"مدعوم: نعم
مطابق: نعم",1,0,Atlas-Chat-9B/v2,0
w063,F,['wiki_00873'],الصناعات التقليدية لي مشهورة بمركز الريش هي الزربية والجلباب.,1,MBZUAI-Paris/Atlas-Chat-9B,1,1,1,"مدعوم: نعم
مطابق: نعم",1,1,Atlas-Chat-9B/v2,0
w064,F,['wiki_00873'],الصناعات لي ماشي كاينة فمنطقة الريش هي: صناعة الفخار، الدباغة، و صناعة الحلي.,1,MBZUAI-Paris/Atlas-Chat-9B,1,1,1,"مدعوم: نعم
مطابق: نعم",0,0,Atlas-Chat-9B/v2,0
w065,F,['wiki_00622'],الأمازيغ ديال الأطلس المتوسط عاشو فجماعات منعزلة ومغلقة، كل قبيلة كانت كيان مستقل بخصوصياتها، بلا علاقات واضحة مع القبائل لي حداها.,1,MBZUAI-Paris/Atlas-Chat-9B,1,1,1,"مدعوم: نعم
مطابق: نعم",1,1,Atlas-Chat-9B/v2,0
w066,F,['wiki_00622'],لا، القبائل الأمازيغية ما عرفات حتى نوع ديال الاتحاد الكونفدرالي، رغم الغزوات الفينيقية والرومانية والوندالية والعربية.,1,MBZUAI-Paris/Atlas-Chat-9B,1,0,1,"مدعوم: نعم
مطابق: لا",1,0,Atlas-Chat-9B/v2,0
w067,F,['wiki_00872'],سعتها تصل إلى 1600طن.,0,MBZUAI-Paris/Atlas-Chat-9B,1,1,1,"مدعوم: نعم
مطابق: نعم",1,0,Atlas-Chat-9B/v2,0
w068,F,['wiki_00872'],الفائض ديال تعاونية الحليب ديال الريش كيتباع فمدينة مكناس.,0,MBZUAI-Paris/Atlas-Chat-9B,1,1,1,"مدعوم: نعم
مطابق: نعم",1,0,Atlas-Chat-9B/v2,0
w069,F,['wiki_00193'],درجات الحرارة كتنقص بشكل ملحوظ في المرتفعات اللي تتجاوز 1500 متر خلال فصل الشتاء.,1,MBZUAI-Paris/Atlas-Chat-9B,1,1,1,"مدعوم: نعم
مطابق: نعم",1,1,Atlas-Chat-9B/v2,0
w070,F,['wiki_01791'],المعلومة غير متوفرة في النصوص,0,MBZUAI-Paris/Atlas-Chat-9B,0,0,1,"مدعوم: لا
مطابق: لا",0,1,Atlas-Chat-9B/v2,1
w071,F,['wiki_01791'],المعلومة غير متوفرة في النصوص.,0,MBZUAI-Paris/Atlas-Chat-9B,0,0,1,"مدعوم: لا
مطابق: لا",1,1,Atlas-Chat-9B/v2,1
w072,F,['wiki_01795'],الإسبان بقاو فالمعمورة بين 1614 و1681.,1,MBZUAI-Paris/Atlas-Chat-9B,1,1,1,"مدعوم: نعم
مطابق: نعم",1,1,Atlas-Chat-9B/v2,0
w073,F,['wiki_02019'],مركز المراقب المدني تخلق فجرادة فـ يوليوز – غشت 1947.,1,MBZUAI-Paris/Atlas-Chat-9B,1,1,1,"مدعوم: نعم
مطابق: نعم",1,0,Atlas-Chat-9B/v2,0
w074,F,['wiki_02015'],العمال من مختلف مناطق المملكة.,0,MBZUAI-Paris/Atlas-Chat-9B,0,0,1,"مدعوم: لا
مطابق: لا",0,0,Atlas-Chat-9B/v2,0
w075,F,['wiki_01101'],السلالة ديال البقر والماس زعير كتنتشر فمنطقة الرماني، زمور، زعير، وقبائل زيان خاصة فمنطقة مريرت.,1,MBZUAI-Paris/Atlas-Chat-9B,1,1,1,"مدعوم: نعم
مطابق: نعم",1,1,Atlas-Chat-9B/v2,0
w076,F,['wiki_01101'],تكتشفات ف 1981.,1,MBZUAI-Paris/Atlas-Chat-9B,1,1,1,"مدعوم: نعم
مطابق: نعم",0,1,Atlas-Chat-9B/v2,0
w077,F,['wiki_01101'],سلالة مكناس هي لي مخصصة لإنتاج الحليب بلا منازع.,1,MBZUAI-Paris/Atlas-Chat-9B,1,1,1,"مدعوم: نعم
مطابق: نعم",1,1,Atlas-Chat-9B/v2,0
w078,F,['wiki_00645'],مدينة الحاجب كاينة على ارتفاع 1200 متر فوق سطح البحر.,1,MBZUAI-Paris/Atlas-Chat-9B,1,1,1,"مدعوم: نعم
مطابق: نعم",1,1,Atlas-Chat-9B/v2,0
w079,F,['wiki_00643'],مدينة الحاجب بعيدة على مكناس ب 32 كيلومتر.,0,MBZUAI-Paris/Atlas-Chat-9B,1,1,1,"مدعوم: نعم
مطابق: نعم",1,0,Atlas-Chat-9B/v2,0
w080,F,['wiki_00645'],أشهر مغارة فمدينة الحاجب هي المغارة لي كتشبه وجه الأسد.,1,MBZUAI-Paris/Atlas-Chat-9B,1,1,1,"مدعوم: نعم
مطابق: نعم",1,1,Atlas-Chat-9B/v2,0
w081,F,['wiki_01214'],المعلومة غير متوفرة في النصوص.,0,MBZUAI-Paris/Atlas-Chat-9B,0,0,1,"مدعوم: لا
مطابق: لا",0,1,Atlas-Chat-9B/v2,1
w082,F,['wiki_01216'],الأيام الثلاثة الأولى مخصصة للمحترفين، والأيام الثلاثة الأخرى مفتوحة لعامة الناس.,1,MBZUAI-Paris/Atlas-Chat-9B,1,1,1,"مدعوم: نعم
مطابق: نعم",1,0,Atlas-Chat-9B/v2,0
w083,F,['wiki_01216'],"المعرض كيوصل لـ370,000 m2.",1,MBZUAI-Paris/Atlas-Chat-9B,1,1,1,"مدعوم: نعم
مطابق: نعم",1,0,Atlas-Chat-9B/v2,0
w084,F,['wiki_02925'],الاقتصاد ديال مرزوكة كيعتمد بشكل كبير على السياحة.,1,MBZUAI-Paris/Atlas-Chat-9B,1,1,1,"مدعوم: نعم
مطابق: نعم",1,1,Atlas-Chat-9B/v2,0
w085,F,['wiki_02926'],المدينة كتعاني من مشاكل بحال الغياب المتكرر للأساتذة، والمرافق المهمشة، وعدم وجود مدرسة إعدادية أو ثانوية، وهاد الشي كيخلي التلاميذ يقطعو كيلومترات عديدة باش يوصلو للمدرسة فالريصاني.,0,MBZUAI-Paris/Atlas-Chat-9B,0,0,1,"مدعوم: لا
مطابق: لا",1,0,Atlas-Chat-9B/v2,0
w086,F,['wiki_01372'],تم افتتاحها سنة 2012.,1,MBZUAI-Paris/Atlas-Chat-9B,1,1,1,"مدعوم: نعم
مطابق: نعم",1,0,Atlas-Chat-9B/v2,0
w087,F,['wiki_01372'],المنطقة الحرة الأطلسية بعيدة على الدار البيضاء بحوالي 120 كيلومتر.,1,MBZUAI-Paris/Atlas-Chat-9B,1,1,1,"مدعوم: نعم
مطابق: نعم",1,0,Atlas-Chat-9B/v2,0
w088,F,['wiki_01372'],الموقع والبنية التحتية تقع المنطقة الحرة الأطلسية على مساحة تقارب 500 هكتار.,1,MBZUAI-Paris/Atlas-Chat-9B,1,1,1,"مدعوم: نعم
مطابق: نعم",1,0,Atlas-Chat-9B/v2,0
w089,F,['wiki_01161'],حدثات اللجنة الوطنية لمناخ الأعمال ف 2009 و كيرأسها رئيس الحكومة.,1,MBZUAI-Paris/Atlas-Chat-9B,1,1,1,"مدعوم: نعم
مطابق: نعم",1,0,Atlas-Chat-9B/v2,0
w090,F,['wiki_01161'],الهدف ديال اللجنة الوطنية لمناخ الأعمال هو اقتراح التدابير اللي كتحسن الإطار القانوني والتنظيمي للأعمال، وتنسيق تنفيذها، وتقييم أثرها على القطاعات المعنية.,1,MBZUAI-Paris/Atlas-Chat-9B,1,1,1,"مدعوم: نعم
مطابق: نعم",1,1,Atlas-Chat-9B/v2,0
w091,F,['wiki_00904'],لا، المغرب الأقصى ما كانش تحت السيادة الفعلية ولا الاسمية ديال العثمانيين.,1,MBZUAI-Paris/Atlas-Chat-9B,1,0,1,"مدعوم: نعم
مطابق: لا",1,0,Atlas-Chat-9B/v2,0
w092,F,['wiki_00904'],مراكش,1,MBZUAI-Paris/Atlas-Chat-9B,1,1,1,"مدعوم: نعم
مطابق: نعم",1,0,Atlas-Chat-9B/v2,0
w093,F,['wiki_00323'],إقليم شنقيط ولا تابع لموريتانيا من 1969.,0,MBZUAI-Paris/Atlas-Chat-9B,0,0,1,"مدعوم: لا
مطابق: لا",0,0,Atlas-Chat-9B/v2,0
w094,F,['wiki_00324'],حسب الحجج التاريخية، السيادة ديال سلاطين المغرب امتدت حتى نهر السنغال.,1,MBZUAI-Paris/Atlas-Chat-9B,1,1,1,"مدعوم: نعم
مطابق: نعم",1,0,Atlas-Chat-9B/v2,0
w095,F,['wiki_02031'],سوق خميس تمسمان بعيد 2 كم على وسط المدينة الصغيرة ديال كرونة.,1,MBZUAI-Paris/Atlas-Chat-9B,1,1,1,"مدعوم: نعم
مطابق: نعم",1,1,Atlas-Chat-9B/v2,0
w096,F,['wiki_00650'],الزيادة الأخيرة فالأجر الفلاحي تصادق عليها بموجب المرسوم رقم 2.24.1122 في 26 ديسمبر 2024.,1,MBZUAI-Paris/Atlas-Chat-9B,1,1,1,"مدعوم: نعم
مطابق: نعم",1,0,Atlas-Chat-9B/v2,0
w097,F,['wiki_00650'],اتفاق أبريل 2011 نص على توحيد الحد الأدنى للأجور بين القطاعات الفلاحية وغير الفلاحية خلال ثلاث سنوات.,1,MBZUAI-Paris/Atlas-Chat-9B,1,1,1,"مدعوم: نعم
مطابق: نعم",1,0,Atlas-Chat-9B/v2,0
w098,F,['wiki_01204'],المدرسة البوعنانية تبنات ما بين عامي 1350م و1355م.,1,MBZUAI-Paris/Atlas-Chat-9B,1,1,1,"مدعوم: نعم
مطابق: نعم",1,0,Atlas-Chat-9B/v2,0
w099,F,['wiki_01204'],باب بوجلود هو المدخل الرئيسي ديال فاس البالي.,1,MBZUAI-Paris/Atlas-Chat-9B,1,1,1,"مدعوم: نعم
مطابق: نعم",1,1,Atlas-Chat-9B/v2,0
w100,F,['wiki_01367'],الطيارة بوينغ 767-300 ديال المسار نيويورك - مراكش فيها 167 مقعد.,1,MBZUAI-Paris/Atlas-Chat-9B,1,1,1,"مدعوم: نعم
مطابق: نعم",1,0,Atlas-Chat-9B/v2,0
w101,F,['wiki_02635'],المعلومة غير متوفرة في النصوص.,0,MBZUAI-Paris/Atlas-Chat-9B,0,0,1,"مدعوم: لا
مطابق: لا",1,1,Atlas-Chat-9B/v2,1
w102,F,['wiki_02640'],الحرارة كتفوت 39.6 درجة فالصيف فعين بني مطهر.,1,MBZUAI-Paris/Atlas-Chat-9B,1,1,1,"مدعوم: نعم
مطابق: نعم",1,0,Atlas-Chat-9B/v2,0
w103,F,['wiki_02640'],أبرز الوديان ديال عين بني مطهر هوما: واد الشارف، واد تبودة، وادي مسخسخة، وادي وزين.,1,MBZUAI-Paris/Atlas-Chat-9B,1,1,1,"مدعوم: نعم
مطابق: نعم",1,1,Atlas-Chat-9B/v2,0
w104,F,['wiki_00431'],النموذج الاقتصادي المغربي ما بين 1956 و1982 كان مختلط، تداخلت فيه النزعة اللبرالية مع التوجيه الاقتصادي، وسياسة تجارية حمائية، وتدخل وازن للسلطات الحكومية في السياسات الاقتصادية والاجتماعية.,1,MBZUAI-Paris/Atlas-Chat-9B,1,1,1,"مدعوم: نعم
مطابق: نعم",1,1,Atlas-Chat-9B/v2,0
w105,F,['wiki_00431'],أولى الأوراش الاقتصادية ديال أول الحكومات المغربية كانت إرساء الاستقلالية الاقتصادية، لدولة خارجة للتو من الاستعمار، وذلك عبر إصدار العملة الوطنية، وخلق مؤسسات الوصاية والتوجيه الاقتصادي، وإرساء نظام بنكي عصري.,1,MBZUAI-Paris/Atlas-Chat-9B,1,1,1,"مدعوم: نعم
مطابق: نعم",1,1,Atlas-Chat-9B/v2,0
w106,F,['wiki_00565'],البنك المخزني المغربي تأسس فعام 1907 فطنجة، شمال المغرب.,1,MBZUAI-Paris/Atlas-Chat-9B,1,1,1,"مدعوم: نعم
مطابق: نعم",1,1,Atlas-Chat-9B/v2,0
w107,F,['wiki_00565'],حتى لعام 1959.,1,MBZUAI-Paris/Atlas-Chat-9B,1,1,1,"مدعوم: نعم
مطابق: نعم",1,0,Atlas-Chat-9B/v2,0
w108,F,['wiki_00692'],السبب الرئيسي لي خلا مؤتمر الجزيرة الخضراء يتنظم فـ1906 هو باش يتجنبو التوتر ويحلو وضع المغرب، واخا فالحقيقة كان كيتجاهل الاستقلال ديالو.,0,MBZUAI-Paris/Atlas-Chat-9B,0,0,1,"مدعوم: لا
مطابق: لا",1,0,Atlas-Chat-9B/v2,0
w109,F,['wiki_00738'],السفير الثاني لي زار الأسكوريال هو أحمد بن المهدي الغزال.,1,MBZUAI-Paris/Atlas-Chat-9B,1,1,1,"مدعوم: نعم
مطابق: نعم",1,0,Atlas-Chat-9B/v2,0
w110,F,['wiki_00738'],مشا محمد بن عثمان المكناسي سفير السلطان محمد الثالث لدى بلاط «كارلوس الثالث» باش يوقع معاه معاهدة لتجديد الصلح بين الدولتين، وإطلاق صراح الأسرى الجزائريين بإسبانيا.,1,MBZUAI-Paris/Atlas-Chat-9B,1,1,1,"مدعوم: نعم
مطابق: نعم",1,0,Atlas-Chat-9B/v2,0
w111,F,['wiki_02472'],كلمة أصفراو بالأمازيغية كتعني المنطقة المقعرة.,1,MBZUAI-Paris/Atlas-Chat-9B,1,1,1,"مدعوم: نعم
مطابق: نعم",1,0,Atlas-Chat-9B/v2,0
w112,F,['wiki_02472'],أول ناس ديال صفرو كانو ساكنين فالكهوف والمغارات.,1,MBZUAI-Paris/Atlas-Chat-9B,1,1,1,"مدعوم: نعم
مطابق: نعم",1,0,Atlas-Chat-9B/v2,0
w113,F,['wiki_02472'],البلدة لي قريبة من صفرو وباقي فيها شي ناس ساكنين فالكهوف هي البهاليل.,1,MBZUAI-Paris/Atlas-Chat-9B,1,1,1,"مدعوم: نعم
مطابق: نعم",1,1,Atlas-Chat-9B/v2,0
w114,F,['wiki_01117'],القصر الصغير كاين على بعد 35 كيلومتر من الطريق لي كتربط طنجة وتطوان.,1,MBZUAI-Paris/Atlas-Chat-9B,1,1,1,"مدعوم: نعم
مطابق: نعم",1,1,Atlas-Chat-9B/v2,0
w115,F,['wiki_01117'],البقايا الأثرية لي كاينة فموقع القصر الصغير هي مسجد، وحمام، ومركز تجاري تعود إلى فترات تاريخية تمتد من القرن 12 الميلادي إلى غاية القرن 14 الميلادي.,1,MBZUAI-Paris/Atlas-Chat-9B,1,1,1,"مدعوم: نعم
مطابق: نعم",1,1,Atlas-Chat-9B/v2,0
w116,F,['wiki_01117'],الجيش البرتغالي بقيادة ألفونس الخامس استولى على القصر الصغير فـ23 أكتوبر 1458م.,1,MBZUAI-Paris/Atlas-Chat-9B,1,1,1,"مدعوم: نعم
مطابق: نعم",1,0,Atlas-Chat-9B/v2,0
w117,F,['wiki_01242'],ألبرت حوراني.,1,MBZUAI-Paris/Atlas-Chat-9B,1,1,1,"مدعوم: نعم
مطابق: نعم",1,0,Atlas-Chat-9B/v2,0
w118,F,['wiki_01242'],المحاكِم والوزارات والجيش.,1,MBZUAI-Paris/Atlas-Chat-9B,1,1,1,"مدعوم: نعم
مطابق: نعم",1,1,Atlas-Chat-9B/v2,0
w119,F,['wiki_01894'],المساحة ديال القصبة المخزنية فتزنيت كتوصل ل 6704م²، وعدد الأبراج ديالها هو 5.,1,MBZUAI-Paris/Atlas-Chat-9B,1,1,1,"مدعوم: نعم
مطابق: نعم",1,1,Atlas-Chat-9B/v2,0
w120,F,['wiki_01894'],القصبة المخزنية ديال تزنيت كتنسب للقائد الحاحي محمد أغناج.,1,MBZUAI-Paris/Atlas-Chat-9B,1,1,1,"مدعوم: نعم
مطابق: نعم",1,1,Atlas-Chat-9B/v2,0
w121,F,['wiki_02269'],كانت معروفة بقصبة المرينيين فالعصر المريني.,1,MBZUAI-Paris/Atlas-Chat-9B,1,1,1,"مدعوم: نعم
مطابق: نعم",1,0,Atlas-Chat-9B/v2,0
w122,F,['wiki_02787'],وفرة سمك الشابل والتون في أزمور، والإقبال الأوروبي على شرائه، كان سبباً مباشراً في استعجال احتلالها من طرف البرتغاليين.,1,MBZUAI-Paris/Atlas-Chat-9B,1,1,1,"مدعوم: نعم
مطابق: نعم",1,1,Atlas-Chat-9B/v2,0
w123,F,['wiki_02787'],إسبانيا بنات برج عسكري عند مصب وادي الشبيكة فعام 1476.,1,MBZUAI-Paris/Atlas-Chat-9B,1,1,1,"مدعوم: نعم
مطابق: نعم",1,0,Atlas-Chat-9B/v2,0
w124,F,['wiki_02319'],"لقب سطات هو ""عاصمة الشاوية"".",1,MBZUAI-Paris/Atlas-Chat-9B,1,1,1,"مدعوم: نعم
مطابق: نعم",1,0,Atlas-Chat-9B/v2,0
w125,F,['wiki_02319'],83 كم,1,MBZUAI-Paris/Atlas-Chat-9B,1,1,1,"مدعوم: نعم
مطابق: نعم",1,0,Atlas-Chat-9B/v2,0
w126,F,['wiki_02319'],الرمز ديال مدينة سطات هو الحصان.,1,MBZUAI-Paris/Atlas-Chat-9B,1,1,1,"مدعوم: نعم
مطابق: نعم",1,1,Atlas-Chat-9B/v2,0
w127,F,['wiki_02319'],ارتفاع سطات على سطح البحر حوالي 370 مترا.,1,MBZUAI-Paris/Atlas-Chat-9B,1,1,1,"مدعوم: نعم
مطابق: نعم",1,1,Atlas-Chat-9B/v2,0
w128,F,['wiki_00186'],اللون الأبيض.,0,MBZUAI-Paris/Atlas-Chat-9B,1,1,1,"مدعوم: نعم
مطابق: نعم",1,0,Atlas-Chat-9B/v2,0
w129,F,['wiki_00186'],كانو المرابطين كيستعملو اللون الكحل باش يربطو الاعتراف ديالهم بالشرعية ديال الخلافة العباسية.,0,MBZUAI-Paris/Atlas-Chat-9B,1,1,1,"مدعوم: نعم
مطابق: نعم",1,1,Atlas-Chat-9B/v2,0
w130,F,['wiki_01857'],المنطقة تقع فواحد المنخفض بين جبال بني يزناسن من الشمال وجبال دبدو ومرتفعات لمقام من الجنوب وجبال الريف من الغرب، وهاد الشي هو لي كيوقف الكتل الهوائية الرطبة باش ما توصلش للمنطقة.,0,MBZUAI-Paris/Atlas-Chat-9B,1,1,1,"مدعوم: نعم
مطابق: نعم",1,1,Atlas-Chat-9B/v2,0
w131,F,['wiki_01845'],الناس ديال تاوريرت كانو كيعتمدو على مهاجريهم لي ساكنين فالخارج فمعيشتهم.,0,MBZUAI-Paris/Atlas-Chat-9B,0,0,1,"مدعوم: لا
مطابق: لا",0,0,Atlas-Chat-9B/v2,0
w132,F,['wiki_02297'],كانت مدينة سجلماسة التاريخية كاينة فوسط واحة كبيرة جنوب الأطلس الكبير، مقابلة لمدينة الريصاني ف تافيلالت الحالية.,1,MBZUAI-Paris/Atlas-Chat-9B,1,1,1,"مدعوم: نعم
مطابق: نعم",1,1,Atlas-Chat-9B/v2,0
w133,F,['wiki_02297'],القيروان,1,MBZUAI-Paris/Atlas-Chat-9B,1,1,1,"مدعوم: نعم
مطابق: نعم",1,0,Atlas-Chat-9B/v2,0
w134,F,['wiki_02297'],سجلماسة تبنات ف 140 هـ/757م من طرف عيسى بن يزيد الأسود.,1,MBZUAI-Paris/Atlas-Chat-9B,1,1,1,"مدعوم: نعم
مطابق: نعم",1,0,Atlas-Chat-9B/v2,0
w135,F,['wiki_01432'],الضريبة على القيمة المضافة ترفعات من 17% لـ19% فـ1984.,1,MBZUAI-Paris/Atlas-Chat-9B,1,1,1,"مدعوم: نعم
مطابق: نعم",1,0,Atlas-Chat-9B/v2,0
w136,F,['wiki_01432'],ارتفاع أسعار المواد الاستهلاكية الرئيسية في 1983، 67 % بالنسبة للزبدة.,1,MBZUAI-Paris/Atlas-Chat-9B,1,1,1,"مدعوم: نعم
مطابق: نعم",1,0,Atlas-Chat-9B/v2,0
w137,F,['wiki_01432'],الرسوم لي مفروضة على لي غاديين على رجليهم فالناضور كانت 100 درهم.,1,MBZUAI-Paris/Atlas-Chat-9B,1,1,1,"مدعوم: نعم
مطابق: نعم",1,0,Atlas-Chat-9B/v2,0
w138,F,['wiki_02057'],مصادر الدخل لي اعتمدات عليهم جمهورية الريف هي: الضرائب على شكل نقود ولا محاصيل، مداخيل الزكاة، الغرامات، تبرعات السكان والقبائل، وفداء الأسرى.,1,MBZUAI-Paris/Atlas-Chat-9B,1,0,1,"مدعوم: نعم
مطابق: لا",1,0,Atlas-Chat-9B/v2,0
w139,F,['wiki_02057'],20 ألف بيزيتا سنويا.,1,MBZUAI-Paris/Atlas-Chat-9B,1,1,1,"مدعوم: نعم
مطابق: نعم",1,0,Atlas-Chat-9B/v2,0
w140,F,['wiki_02057'],حكومة الريف سحبات الأراضي الفلاحية من لي ما قدرش يزرعها باش يحافظ على الإنتاج.,1,MBZUAI-Paris/Atlas-Chat-9B,1,1,1,"مدعوم: نعم
مطابق: نعم",1,1,Atlas-Chat-9B/v2,0
w141,F,['wiki_00048'],عزيز أخنوش,1,MBZUAI-Paris/Atlas-Chat-9B,1,1,1,"مدعوم: نعم
مطابق: نعم",1,0,Atlas-Chat-9B/v2,0
w142,F,['wiki_00048'],عبد الوافي لفتيت,1,MBZUAI-Paris/Atlas-Chat-9B,1,1,1,"مدعوم: نعم
مطابق: نعم",1,0,Atlas-Chat-9B/v2,0
w143,F,['wiki_02467'],"صالح بن عبد الحليم الإيلاني كينتمي إلى قبيلة أيلان المصمودية، المعروفة في المصادر باسم ""هيلانة"".",1,MBZUAI-Paris/Atlas-Chat-9B,1,1,1,"مدعوم: نعم
مطابق: نعم",1,0,Atlas-Chat-9B/v2,0
w144,F,['wiki_02467'],الأيلاني ترعرع في مدينة نفيس، حسب الراجح.,1,MBZUAI-Paris/Atlas-Chat-9B,1,1,1,"مدعوم: نعم
مطابق: نعم",1,0,Atlas-Chat-9B/v2,0
w145,F,['wiki_00600'],المعلومة غير متوفرة في النصوص,0,MBZUAI-Paris/Atlas-Chat-9B,0,0,1,"مدعوم: لا
مطابق: لا",0,1,Atlas-Chat-9B/v2,1
w146,F,['wiki_00602'],التهامي دخل أول معركة حربية وهو ابن خمسة عشر سنة.,1,MBZUAI-Paris/Atlas-Chat-9B,1,1,1,"مدعوم: نعم
مطابق: نعم",1,0,Atlas-Chat-9B/v2,0
w147,F,['wiki_02939'],مستشفى القرب ديال أحفير تدشن فـ25 يوليوز 2024.,1,MBZUAI-Paris/Atlas-Chat-9B,1,1,1,"مدعوم: نعم
مطابق: نعم",1,1,Atlas-Chat-9B/v2,0
w148,F,['wiki_02939'],وزير الصحة والحماية الاجتماعية خالد آيت الطالب.,1,MBZUAI-Paris/Atlas-Chat-9B,1,1,1,"مدعوم: نعم
مطابق: نعم",1,0,Atlas-Chat-9B/v2,0
w149,F,['wiki_01469'],المقاومة ديال تاكفاريناس دامت سبع سنين.,1,MBZUAI-Paris/Atlas-Chat-9B,1,1,1,"مدعوم: نعم
مطابق: نعم",1,0,Atlas-Chat-9B/v2,0
w150,F,['wiki_02705'],مدينة أصيلة مشهورة بالقصبة التاريخية وأسوارها وأبوابها المصنفة كتراث وطني، ومهرجانها الثقافي الدولي لي كيتقام كل صيف.,1,MBZUAI-Paris/Atlas-Chat-9B,1,1,1,"مدعوم: نعم
مطابق: نعم",1,1,Atlas-Chat-9B/v2,0
w151,F,['wiki_01062'],الإستغلال لي فرضوه الرومان على الأمازيغ، بحال السيطرة على الأراضي الفلاحية، وفرض السخرة على السكان، واستعمال القوة في إخضاعهم.,1,MBZUAI-Paris/Atlas-Chat-9B,1,1,1,"مدعوم: نعم
مطابق: نعم",1,1,Atlas-Chat-9B/v2,0
w152,F,['wiki_01062'],أبرز الزعماء ديال المقاومة الأمازيغية ضد الرومان هوما تاكفاريناس، أديمون، ودونات.,1,MBZUAI-Paris/Atlas-Chat-9B,1,1,1,"مدعوم: نعم
مطابق: نعم",1,1,Atlas-Chat-9B/v2,0
w153,F,['wiki_02491'],تأسس صندوق محمد السادس للاستثمار في عام 2021.,1,MBZUAI-Paris/Atlas-Chat-9B,1,1,1,"مدعوم: نعم
مطابق: نعم",1,0,Atlas-Chat-9B/v2,0
w154,F,['wiki_02491'],المقر الرئيسي ديال صندوق محمد السادس للاستثمار كاين فالرباط.,1,MBZUAI-Paris/Atlas-Chat-9B,1,1,1,"مدعوم: نعم
مطابق: نعم",1,0,Atlas-Chat-9B/v2,0
w155,F,['wiki_02491'],تععلان على صندوق محمد السادس للاستثمار في عام 2020 في سياق تدابير الإنعاش الاقتصادي المعتمدة في أعقاب جائحة كوفيد-19.,1,MBZUAI-Paris/Atlas-Chat-9B,1,1,1,"مدعوم: نعم
مطابق: نعم",1,0,Atlas-Chat-9B/v2,0
w156,F,['wiki_02032'],المعلومة غير متوفرة في النصوص.,0,MBZUAI-Paris/Atlas-Chat-9B,0,0,1,"مدعوم: لا
مطابق: لا",1,1,Atlas-Chat-9B/v2,1
w157,F,['wiki_02034'],المعلومة غير متوفرة في النصوص.,0,MBZUAI-Paris/Atlas-Chat-9B,0,0,1,"مدعوم: لا
مطابق: لا",0,1,Atlas-Chat-9B/v2,1
w158,F,['wiki_02388'],ارتفعت الساكنة الحضرية من 13 إلى 17 مليون نسمة ما بين العامين 1992 و2004 فبلغت نسبة الساكنة الحضرية 57% من مجموع السكان.,1,MBZUAI-Paris/Atlas-Chat-9B,1,1,1,"مدعوم: نعم
مطابق: نعم",1,0,Atlas-Chat-9B/v2,0
w159,F,['wiki_00429'],المعلومة غير متوفرة في النصوص.,0,MBZUAI-Paris/Atlas-Chat-9B,0,0,1,"مدعوم: لا
مطابق: لا",0,1,Atlas-Chat-9B/v2,1
w160,F,['wiki_01320'],3312,1,MBZUAI-Paris/Atlas-Chat-9B,1,1,1,"مدعوم: نعم
مطابق: نعم",1,0,Atlas-Chat-9B/v2,0
w161,F,['wiki_01320'],الكمبري تتصنع من الخشب وجِلد الإبل أو جِلد الماعز.,1,MBZUAI-Paris/Atlas-Chat-9B,1,1,1,"مدعوم: نعم
مطابق: نعم",1,0,Atlas-Chat-9B/v2,0
w162,F,['wiki_01320'],45,1,MBZUAI-Paris/Atlas-Chat-9B,1,1,1,"مدعوم: نعم
مطابق: نعم",1,0,Atlas-Chat-9B/v2,0
w163,F,['wiki_01438'],5 دجنبر 1952,0,MBZUAI-Paris/Atlas-Chat-9B,1,1,1,"مدعوم: نعم
مطابق: نعم",1,0,Atlas-Chat-9B/v2,0
w164,F,['wiki_00725'],كان السلطان محمد الخامس سيركب قطارا إلى طنجة ترميزا إلى وحدة التراب المغربي بين الجنوب والشمال، استعدادا لتقديم طلب الاستقلال.,0,MBZUAI-Paris/Atlas-Chat-9B,0,0,1,"مدعوم: لا
مطابق: لا",0,0,Atlas-Chat-9B/v2,0
w165,F,['wiki_02347'],محمد توري، واحد من قادة والده، هو لي طيح سني أبو بكر فإمبراطورية صنغاي.,1,MBZUAI-Paris/Atlas-Chat-9B,1,1,1,"مدعوم: نعم
مطابق: نعم",1,1,Atlas-Chat-9B/v2,0
w166,F,['wiki_02346'],أسكيا حكم الصُّنغاي من 1493 حتى 1591.,0,MBZUAI-Paris/Atlas-Chat-9B,0,0,1,"مدعوم: لا
مطابق: لا",0,0,Atlas-Chat-9B/v2,0
w167,F,['wiki_02958'],قبيلة مطغرة كانت كتعرف بحياة الأستقرار سواء في الأرياف أو الواحات أو القصور.,0,MBZUAI-Paris/Atlas-Chat-9B,1,0,1,"مدعوم: نعم
مطابق: لا",0,0,Atlas-Chat-9B/v2,0
w168,F,['wiki_02959'],السمية ديال الحصن لي بناوه المطغريين هي تاونت (الغزوات حاليا).,1,MBZUAI-Paris/Atlas-Chat-9B,1,1,1,"مدعوم: نعم
مطابق: نعم",1,0,Atlas-Chat-9B/v2,0
w169,F,['wiki_00475'],"السلطان استقبل نحو 2,000 من التجار العرب ففاس فـ825.",1,MBZUAI-Paris/Atlas-Chat-9B,1,1,1,"مدعوم: نعم
مطابق: نعم",1,1,Atlas-Chat-9B/v2,0
w170,F,['wiki_01735'],المعلومة غير متوفرة في النصوص.,0,MBZUAI-Paris/Atlas-Chat-9B,0,0,1,"مدعوم: لا
مطابق: لا",0,1,Atlas-Chat-9B/v2,1
w171,F,['wiki_00475'],حي القيروانيين,1,MBZUAI-Paris/Atlas-Chat-9B,1,1,1,"مدعوم: نعم
مطابق: نعم",1,0,Atlas-Chat-9B/v2,0
w172,F,['wiki_02101'],أكتوبر 1955,1,MBZUAI-Paris/Atlas-Chat-9B,1,1,1,"مدعوم: نعم
مطابق: نعم",1,0,Atlas-Chat-9B/v2,0
w173,F,['wiki_01997'],في تاريخ 16 نونبر 1955 عاد محمد الخامس بعد 27 شهرًا في المنفى إلى المغرب ليحكم ملكًا.,0,MBZUAI-Paris/Atlas-Chat-9B,1,1,1,"مدعوم: نعم
مطابق: نعم",1,0,Atlas-Chat-9B/v2,0
w174,F,['wiki_02142'],الأهداف لي تضربات فحرب المدن هي: احتلال السواحل المغربية، بناء قواعد عسكرية، التحكم فالبلاد، التوغل فيها، فرض النفوذ عليها، ونشر المسيحية.,0,MBZUAI-Paris/Atlas-Chat-9B,0,0,1,"مدعوم: لا
مطابق: لا",1,0,Atlas-Chat-9B/v2,0
w175,F,['wiki_02101'],2 مارس 1956,1,MBZUAI-Paris/Atlas-Chat-9B,1,1,1,"مدعوم: نعم
مطابق: نعم",1,0,Atlas-Chat-9B/v2,0
w176,F,['wiki_00289'],الجامعة لي كاينة فمدينة إفران هي جامعة الأخوين.,1,MBZUAI-Paris/Atlas-Chat-9B,1,1,1,"مدعوم: نعم
مطابق: نعم",1,1,Atlas-Chat-9B/v2,0
w177,F,['wiki_00289'],الجاذبية السياحية ديال إفران كتعتمد على مجموعة من الموارد الطبيعية والترفيهية، بما فيها المنتزه الوطني لإفران، والبحيرات والمصادر والشلالات والمجالات الغابوية، ومحطة ميشليفن للتزلج.,1,MBZUAI-Paris/Atlas-Chat-9B,1,1,1,"مدعوم: نعم
مطابق: نعم",1,1,Atlas-Chat-9B/v2,0
w178,F,['wiki_02081'],عام 1994.,1,MBZUAI-Paris/Atlas-Chat-9B,1,1,1,"مدعوم: نعم
مطابق: نعم",1,0,Atlas-Chat-9B/v2,0
w179,F,['wiki_02792'],كاينين 183 وحدة فصناعة التجميد ديال الصيد البحري.,1,MBZUAI-Paris/Atlas-Chat-9B,1,1,1,"مدعوم: نعم
مطابق: نعم",1,0,Atlas-Chat-9B/v2,0
w180,F,['wiki_02792'],أغلب وحدات صناعة التجميد كتترکز فجنوب المغرب حيت كاين تطوير صيد الرخويات والصيد السطحي.,1,MBZUAI-Paris/Atlas-Chat-9B,1,1,1,"مدعوم: نعم
مطابق: نعم",1,1,Atlas-Chat-9B/v2,0
w181,F,['wiki_02792'],القدرة الإنتاجية فالنهار ديال صناعة التجميد هي حوالي 8300 طن.,1,MBZUAI-Paris/Atlas-Chat-9B,1,1,1,"مدعوم: نعم
مطابق: نعم",1,0,Atlas-Chat-9B/v2,0
w182,F,['wiki_02792'],الوجهة الرئيسية ديال المنتجات البحرية المجمدة المغربية هي الاتحاد الأوروبي، اللي كيشري 70% من إجمالي الصادرات ديال هاد النشاط.,1,MBZUAI-Paris/Atlas-Chat-9B,1,1,1,"مدعوم: نعم
مطابق: نعم",1,0,Atlas-Chat-9B/v2,0
w183,F,['wiki_00270'],الإمبراطور كلوديوس.,1,MBZUAI-Paris/Atlas-Chat-9B,1,1,1,"مدعوم: نعم
مطابق: نعم",1,0,Atlas-Chat-9B/v2,0
w184,F,['wiki_00270'],ترعرع يوبا الثاني في روما، في كنف الإمبراطور أغسطس.,1,MBZUAI-Paris/Atlas-Chat-9B,1,1,1,"مدعوم: نعم
مطابق: نعم",1,0,Atlas-Chat-9B/v2,0
w185,F,['wiki_00270'],المدينة لي دارها يوبا الثاني عاصمة ديال الحكم ديالو هي شرشال.,1,MBZUAI-Paris/Atlas-Chat-9B,1,1,1,"مدعوم: نعم
مطابق: نعم",1,1,Atlas-Chat-9B/v2,0
w186,F,['wiki_01463'],الأم ديال بطليموس الموريطاني هي كليوباترا سيليني الثانية، من الأسرة البطلمية.,1,MBZUAI-Paris/Atlas-Chat-9B,1,1,1,"مدعوم: نعم
مطابق: نعم",1,1,Atlas-Chat-9B/v2,0
w187,F,['wiki_01463'],بطليموس حكم من 23 حتى وفاته في 40.,1,MBZUAI-Paris/Atlas-Chat-9B,1,1,1,"مدعوم: نعم
مطابق: نعم",1,0,Atlas-Chat-9B/v2,0
w188,F,['wiki_00051'],فـ ساعتين و11 دقيقة و34 ثانية.,1,MBZUAI-Paris/Atlas-Chat-9B,1,1,1,"مدعوم: نعم
مطابق: نعم",1,0,Atlas-Chat-9B/v2,0
w189,F,['wiki_00051'],"مريم بوعود ربحات جائزة ""قارئ العام للعالم العربي"" فمسابقة أقرأ.",1,MBZUAI-Paris/Atlas-Chat-9B,1,1,1,"مدعوم: نعم
مطابق: نعم",1,0,Atlas-Chat-9B/v2,0
w190,F,['wiki_00670'],"المغاربة تخافو من القانون حيت كان كيقسم المغرب لجوج عوالم متميزين ومفرقين: عالم العرب المغاربة لي كيهضرو العربية، وعالم ""البربر"" لي كيهضرو الأمازيغية.",1,MBZUAI-Paris/Atlas-Chat-9B,1,1,1,"مدعوم: نعم
مطابق: نعم",1,0,Atlas-Chat-9B/v2,0
w191,F,['wiki_00670'],"الدراسات الاستعمارية كانت كتقسم المغرب لجوج منطقتين: ""بلاد السيبة"" و""بلاد المخزن"".",1,MBZUAI-Paris/Atlas-Chat-9B,1,1,1,"مدعوم: نعم
مطابق: نعم",1,0,Atlas-Chat-9B/v2,0
w192,F,['wiki_01890'],تزنيت بعيدة على الرباط ب 690 كلم وعلى أكادير ب 90 كلم.,1,MBZUAI-Paris/Atlas-Chat-9B,1,1,1,"مدعوم: نعم
مطابق: نعم",1,0,Atlas-Chat-9B/v2,0
w193,F,['wiki_01890'],تزنيت كيلقبوها بعاصمة الفضة حيت مشهورة بإنتاج المجوهرات الفضية.,1,MBZUAI-Paris/Atlas-Chat-9B,1,1,1,"مدعوم: نعم
مطابق: نعم",1,1,Atlas-Chat-9B/v2,0
w194,F,['wiki_01890'],سمية تزنيت كترجع لواحد المرا سميتها للا زنينية.,1,MBZUAI-Paris/Atlas-Chat-9B,1,1,1,"مدعوم: نعم
مطابق: نعم",1,1,Atlas-Chat-9B/v2,0
w195,F,['wiki_01411'],المهام ديال الهيئة المغربية لسوق الرساميل هي حماية الادخار، ضمان شفافية وحسن سير الأسواق المالية، والمساهمة في تطويرها.,0,MBZUAI-Paris/Atlas-Chat-9B,1,1,1,"مدعوم: نعم
مطابق: نعم",1,1,Atlas-Chat-9B/v2,0
w196,F,['wiki_01411'],الملك محمد السادس هو لي كيعين رئيس الهيئة المغربية لسوق الرساميل.,0,MBZUAI-Paris/Atlas-Chat-9B,1,1,1,"مدعوم: نعم
مطابق: نعم",1,1,Atlas-Chat-9B/v2,0
w197,F,['wiki_00930'],سبعة سلاطين من ولاد المولى إسماعيل هوما أحمد الذهبي، عبد الملك، علي الأعرج، محمد المستضيء، زين العابدين، و عبد الله.,1,MBZUAI-Paris/Atlas-Chat-9B,1,1,1,"مدعوم: نعم
مطابق: نعم",1,0,Atlas-Chat-9B/v2,0
w198,F,['wiki_00930'],عبد الله بن إسماعيل تبايع ست مرات.,1,MBZUAI-Paris/Atlas-Chat-9B,1,1,1,"مدعوم: نعم
مطابق: نعم",1,0,Atlas-Chat-9B/v2,0
w199,F,['wiki_01000'],الصويرة ولات العاصمة الاقتصادية ديال المغرب حيت السلطان العلوي محمد بن عبد الله (محمد الثالث) عاود بناء المدينة على النمط العصري، وبنا فيها ميناء جديد وقاعدة عسكرية بحرية، وهاد الشي خلا نخبة من التجار والدبلوماسيين اليهود يستقرو فيها.,1,MBZUAI-Paris/Atlas-Chat-9B,1,1,1,"مدعوم: نعم
مطابق: نعم",1,1,Atlas-Chat-9B/v2,0
w200,F,['wiki_00698'],"إسبانيا كان عندها 34,000 رجل فالمغرب فيوليوز 1936.",1,MBZUAI-Paris/Atlas-Chat-9B,1,1,1,"مدعوم: نعم
مطابق: نعم",1,1,Atlas-Chat-9B/v2,0
w001,H,['wiki_02359'],593 168 وحدة.,1,MBZUAI-Paris/Atlas-Chat-9B,1,1,1,"مدعوم: نعم
مطابق: نعم",1,1,Atlas-Chat-9B/v2,0
w002,H,['wiki_02359'],مصنع رينو-نيسان كاين فطنجة.,1,MBZUAI-Paris/Atlas-Chat-9B,1,1,1,"مدعوم: نعم
مطابق: نعم",1,0,Atlas-Chat-9B/v2,0
w003,H,['wiki_01012'],"النسبة ديال الطاقات المتجددة فإنتاج الكهربا فالمغرب هي %19,6.",1,MBZUAI-Paris/Atlas-Chat-9B,1,1,1,"مدعوم: نعم
مطابق: نعم",1,0,Atlas-Chat-9B/v2,0
w004,H,['wiki_01012'],تطورات بسرعة، ارتفع الاعتماد عليها من 2.8% سنة 2010 إلى 8.1% سنة 2015.,1,MBZUAI-Paris/Atlas-Chat-9B,1,1,1,"مدعوم: نعم
مطابق: نعم",1,0,Atlas-Chat-9B/v2,0
w005,H,['wiki_01012'],"1,6 طن للفرد الواحد.",1,MBZUAI-Paris/Atlas-Chat-9B,1,1,1,"مدعوم: نعم
مطابق: نعم",1,1,Atlas-Chat-9B/v2,0
w006,H,['wiki_00564'],معدل البطالة على الصعيد الوطني وصل ل 12.8% فالفصل الثاني ديال 2025.,1,MBZUAI-Paris/Atlas-Chat-9B,1,1,1,"مدعوم: نعم
مطابق: نعم",1,0,Atlas-Chat-9B/v2,0
w007,H,['wiki_00564'],رئيس المندوبية السامية للتخطيط هو شكيب بنموسى.,1,MBZUAI-Paris/Atlas-Chat-9B,1,1,1,"مدعوم: نعم
مطابق: نعم",1,0,Atlas-Chat-9B/v2,0
w008,H,['wiki_00564'],معدل البطالة فالبادية تطور من 10.5% ف2014 ل21.4% ف2024.,1,MBZUAI-Paris/Atlas-Chat-9B,1,1,1,"مدعوم: نعم
مطابق: نعم",1,0,Atlas-Chat-9B/v2,0
w009,H,['wiki_02608'],معدل التضخم بقى منخفض عند نسبة 0.7%.,1,MBZUAI-Paris/Atlas-Chat-9B,1,1,1,"مدعوم: نعم
مطابق: نعم",1,1,Atlas-Chat-9B/v2,0
w010,H,['wiki_02608'],عجز الموازنة نقص لـ3.5% من إجمالي الناتج المحلي فـ2017.,1,MBZUAI-Paris/Atlas-Chat-9B,1,1,1,"مدعوم: نعم
مطابق: نعم",1,0,Atlas-Chat-9B/v2,0
w011,H,['wiki_02608'],14.7%,1,MBZUAI-Paris/Atlas-Chat-9B,1,1,1,"مدعوم: نعم
مطابق: نعم",1,0,Atlas-Chat-9B/v2,0
w012,H,['wiki_02230'],الأوراق البنكية القديمة ما بقاتش صالحة للتداول من فاتح أبريل 1998.,1,MBZUAI-Paris/Atlas-Chat-9B,1,1,1,"مدعوم: نعم
مطابق: نعم",1,0,Atlas-Chat-9B/v2,0
w013,H,['wiki_02230'],حتى لـ31 دجنبر 2011.,1,MBZUAI-Paris/Atlas-Chat-9B,1,1,1,"مدعوم: نعم
مطابق: نعم",1,0,Atlas-Chat-9B/v2,0
w014,H,['wiki_02691'],"عدد الساكنة ديال المغرب وصل تقريبا لـ36,8 مليون نسمة فـ2024.",1,MBZUAI-Paris/Atlas-Chat-9B,1,1,1,"مدعوم: نعم
مطابق: نعم",1,1,Atlas-Chat-9B/v2,0
w015,H,['wiki_02691'],"ارتفع معدل التمدن من 29% سنة 1960 إلى 62,8% سنة 2024.",1,MBZUAI-Paris/Atlas-Chat-9B,1,1,1,"مدعوم: نعم
مطابق: نعم",1,1,Atlas-Chat-9B/v2,0
w016,H,['wiki_02691'],"معدل النمو السكاني ما بين 2014 و2024 وصل إلى 0,85%.",1,MBZUAI-Paris/Atlas-Chat-9B,1,1,1,"مدعوم: نعم
مطابق: نعم",1,1,Atlas-Chat-9B/v2,0
w017,H,['wiki_01011'],النسبة ديال الطاقات الأحفورية من استهلاك الطاقة الأولية فـ2015 هي 88.8%.,1,MBZUAI-Paris/Atlas-Chat-9B,1,1,1,"مدعوم: نعم
مطابق: نعم",1,0,Atlas-Chat-9B/v2,0
w018,H,['wiki_01011'],"الإنتاج الوطني من الطاقة الأولية كيمثل %9,4 من احتياجات البلاد.",1,MBZUAI-Paris/Atlas-Chat-9B,1,1,1,"مدعوم: نعم
مطابق: نعم",1,0,Atlas-Chat-9B/v2,0
w019,H,['wiki_00436'],15%,1,MBZUAI-Paris/Atlas-Chat-9B,1,1,1,"مدعوم: نعم
مطابق: نعم",1,0,Atlas-Chat-9B/v2,0
w020,H,['wiki_00436'],الواردات ديال المغرب كتشكل أساسا من المواد الطاقية ومواد التجهيز والمواد الاستهلاكية.,1,MBZUAI-Paris/Atlas-Chat-9B,1,1,1,"مدعوم: نعم
مطابق: نعم",1,0,Atlas-Chat-9B/v2,0
w021,H,['wiki_01430'],نسبة تغطية الصادرات للواردات وصلات لـ55.8 % فـ1983.,1,MBZUAI-Paris/Atlas-Chat-9B,1,1,1,"مدعوم: نعم
مطابق: نعم",1,0,Atlas-Chat-9B/v2,0
w022,H,['wiki_01430'],المصاريف ديال حرب الصحرا كانت كتبلغ مليون دولار فالنهار.,1,MBZUAI-Paris/Atlas-Chat-9B,1,1,1,"مدعوم: نعم
مطابق: نعم",1,0,Atlas-Chat-9B/v2,0
w023,H,['wiki_00574'],اتفاقية التجارة الحرة بين المغرب وأمريكا تسجلات فعام 2006.,1,MBZUAI-Paris/Atlas-Chat-9B,1,1,1,"مدعوم: نعم
مطابق: نعم",1,0,Atlas-Chat-9B/v2,0
w024,H,['wiki_00574'],%122,1,MBZUAI-Paris/Atlas-Chat-9B,1,1,1,"مدعوم: نعم
مطابق: نعم",1,0,Atlas-Chat-9B/v2,0
w025,H,['wiki_00574'],قطاعات السياحة والنسيج.,1,MBZUAI-Paris/Atlas-Chat-9B,1,1,1,"مدعوم: نعم
مطابق: نعم",1,0,Atlas-Chat-9B/v2,0
w026,H,['wiki_01297'],المغرب عاون إسبانيا بالكهربا فحالة الطوارئ ف2025.,1,MBZUAI-Paris/Atlas-Chat-9B,1,1,1,"مدعوم: نعم
مطابق: نعم",1,1,Atlas-Chat-9B/v2,0
w027,H,['wiki_01297'],"54,3%",1,MBZUAI-Paris/Atlas-Chat-9B,1,1,1,"مدعوم: نعم
مطابق: نعم",1,0,Atlas-Chat-9B/v2,0
w028,H,['wiki_02790'],الأقطاب التنافسية الثلاثة لي خلقهم مخطط أليوتيس هوما طنجة وأكادير والعيون.,1,MBZUAI-Paris/Atlas-Chat-9B,1,1,1,"مدعوم: نعم
مطابق: نعم",1,1,Atlas-Chat-9B/v2,0
w029,H,['wiki_02790'],الناتج الداخلي الخام لقطاع الصيد البحري ارتفع من 8.3 مليار درهم ل15 مليار درهم بين 2007 و2015.,1,MBZUAI-Paris/Atlas-Chat-9B,1,1,1,"مدعوم: نعم
مطابق: نعم",1,1,Atlas-Chat-9B/v2,0
w030,H,['wiki_02790'],الإنتاج ديال الصيد البحري وصل تقريبا لـ1.46 مليون طن فـ2016.,1,MBZUAI-Paris/Atlas-Chat-9B,1,1,1,"مدعوم: نعم
مطابق: نعم",1,0,Atlas-Chat-9B/v2,0
w031,H,['wiki_01281'],"قطاع الخدمات ساهم بـ56,5% فالناتج المحلي الإجمالي فـ2017.",1,MBZUAI-Paris/Atlas-Chat-9B,1,1,1,"مدعوم: نعم
مطابق: نعم",1,0,Atlas-Chat-9B/v2,0
w032,H,['wiki_01281'],3.750 دولار أمريكي.,1,MBZUAI-Paris/Atlas-Chat-9B,1,1,1,"مدعوم: نعم
مطابق: نعم",1,0,Atlas-Chat-9B/v2,0
w033,H,['wiki_01281'],المغرب احتل المرتبة 107 فإنتاجية اليد العاملة حسب تقرير منظمة العمل الدولية ديال 2023.,1,MBZUAI-Paris/Atlas-Chat-9B,1,1,1,"مدعوم: نعم
مطابق: نعم",1,1,Atlas-Chat-9B/v2,0
w034,H,['wiki_01379'],تطور إنتاج الطاقة الكهرمائية من 2100 مليون كيلواط في 1992 إلى 2700 مليون كيلواط في 2004.,1,MBZUAI-Paris/Atlas-Chat-9B,1,1,1,"مدعوم: نعم
مطابق: نعم",1,0,Atlas-Chat-9B/v2,0
w035,H,['wiki_01379'],الحصة ديال المدارات المسقية فالناتج المحلي الخام بين 7% و10% حسب الحالة المائية للسنة.,1,MBZUAI-Paris/Atlas-Chat-9B,1,1,1,"مدعوم: نعم
مطابق: نعم",1,1,Atlas-Chat-9B/v2,0
w036,H,['wiki_01377'],المغرب كيستورد 40% حتى 60% من حاجياته من الحبوب حسب الحالة المناخية.,1,MBZUAI-Paris/Atlas-Chat-9B,1,1,1,"مدعوم: نعم
مطابق: نعم",1,0,Atlas-Chat-9B/v2,0
w037,H,['wiki_01377'],تقريبا نص عدد السكان.,1,MBZUAI-Paris/Atlas-Chat-9B,1,1,1,"مدعوم: نعم
مطابق: نعم",1,0,Atlas-Chat-9B/v2,0
w038,H,['wiki_02646'],عدد سكان عين بني مطهر فـ2014 وصل لـ16289 نسمة.,1,MBZUAI-Paris/Atlas-Chat-9B,1,1,1,"مدعوم: نعم
مطابق: نعم",1,0,Atlas-Chat-9B/v2,0
w039,H,['wiki_02646'],محطة القطارات المغلقة منذ سنة 1995,1,MBZUAI-Paris/Atlas-Chat-9B,1,1,1,"مدعوم: نعم
مطابق: نعم",1,0,Atlas-Chat-9B/v2,0
w040,H,['wiki_00814'],عدد المؤسسات الابتدائية اللي استغلت فالموسم الدراسي 2009/2008 هو 435 مدرسة.,1,MBZUAI-Paris/Atlas-Chat-9B,1,1,1,"مدعوم: نعم
مطابق: نعم",1,0,Atlas-Chat-9B/v2,0
w041,H,['wiki_01106'],المغرب عندو %75 من الاحتياطي العالمي ديال الفوسفاط.,1,MBZUAI-Paris/Atlas-Chat-9B,1,1,1,"مدعوم: نعم
مطابق: نعم",1,1,Atlas-Chat-9B/v2,0
w042,H,['wiki_01106'],الصين هي الدولة لي سابقة المغرب فإنتاج الفوسفاط.,1,MBZUAI-Paris/Atlas-Chat-9B,1,1,1,"مدعوم: نعم
مطابق: نعم",1,1,Atlas-Chat-9B/v2,0
w043,H,['wiki_02194'],"عدد سكان جماعة خنيفرة وصل لـ123,738 نسمة فـ2024.",1,MBZUAI-Paris/Atlas-Chat-9B,1,1,1,"مدعوم: نعم
مطابق: نعم",1,0,Atlas-Chat-9B/v2,0
w044,H,['wiki_02194'],نسبة الفئة العمرية لي أقل من 15 عام فإقليم خنيفرة هي 24.5%.,1,MBZUAI-Paris/Atlas-Chat-9B,1,1,1,"مدعوم: نعم
مطابق: نعم",1,1,Atlas-Chat-9B/v2,0
w045,H,['wiki_01074'],باش يشجع الاستثمارات والصادرات، ويساهم فتمويل مشروع طرامواي الرباط - سلا.,1,MBZUAI-Paris/Atlas-Chat-9B,1,1,1,"مدعوم: نعم
مطابق: نعم",1,1,Atlas-Chat-9B/v2,0
w046,H,['wiki_01663'],عدد الجماعات فالمغرب فـ2009 وصل لـ1503 جماعة.,1,MBZUAI-Paris/Atlas-Chat-9B,1,1,1,"مدعوم: نعم
مطابق: نعم",1,0,Atlas-Chat-9B/v2,0
w047,H,['wiki_02386'],المساحة المسقية دابا فالمغرب هي 1050000 هكتار.,1,MBZUAI-Paris/Atlas-Chat-9B,1,1,1,"مدعوم: نعم
مطابق: نعم",1,0,Atlas-Chat-9B/v2,0
w048,H,['wiki_02386'],كتساهم الزراعة المسقية في 75% من الصادرات الفلاحية.,1,MBZUAI-Paris/Atlas-Chat-9B,1,1,1,"مدعوم: نعم
مطابق: نعم",1,0,Atlas-Chat-9B/v2,0
w049,H,['wiki_02609'],بنك المغرب وسع النطاق ديال تقلب سعر الصرف لـ 2.5% زيادة ولا نقصان، مقارنة مع 0.3% قبل.,1,MBZUAI-Paris/Atlas-Chat-9B,1,1,1,"مدعوم: نعم
مطابق: نعم",1,0,Atlas-Chat-9B/v2,0
w050,H,['wiki_02609'],الهدف ديال الحكومة هو باش تنقص الدين العمومي لـ60% من إجمالي الناتج المحلي بحلول عام 2021.,1,MBZUAI-Paris/Atlas-Chat-9B,1,1,1,"مدعوم: نعم
مطابق: نعم",1,1,Atlas-Chat-9B/v2,0
w051,H,['wiki_01040'],ثورة الشيخ بوعمامة دامت ثماني وعشرين سنة.,1,MBZUAI-Paris/Atlas-Chat-9B,1,1,1,"مدعوم: نعم
مطابق: نعم",1,0,Atlas-Chat-9B/v2,0
w052,H,['wiki_01040'],معركة تازينة وقعات فـ19 ماي 1881م.,1,MBZUAI-Paris/Atlas-Chat-9B,1,1,1,"مدعوم: نعم
مطابق: نعم",1,0,Atlas-Chat-9B/v2,0
w053,H,['wiki_02955'],المزة فالمطبخ ديال يهود المغرب كتتكون من 6-8 أنواع ديال السلطة.,1,MBZUAI-Paris/Atlas-Chat-9B,1,1,1,"مدعوم: نعم
مطابق: نعم",1,1,Atlas-Chat-9B/v2,0
w054,H,['wiki_02955'],كانو كيتبلو السلطة بالفلفل وزيت الزيتون والكمون، وحتى الخل كان كيتستعمل تحت تأثير المطبخ الفرنسي.,1,MBZUAI-Paris/Atlas-Chat-9B,1,1,1,"مدعوم: نعم
مطابق: نعم",1,1,Atlas-Chat-9B/v2,0
w055,H,['wiki_00949'],أكثر من أربعة وثلاثون موقع.,1,MBZUAI-Paris/Atlas-Chat-9B,1,1,1,"مدعوم: نعم
مطابق: نعم",1,1,Atlas-Chat-9B/v2,0
w056,H,['wiki_00949'],النقوش الصخرية ديال السمارة كيرجع تاريخها لـ 4000-ق-م 8000-ق.م.,1,MBZUAI-Paris/Atlas-Chat-9B,1,1,1,"مدعوم: نعم
مطابق: نعم",1,1,Atlas-Chat-9B/v2,0
w057,H,['wiki_02594'],الدكتور سعيد العلام,1,MBZUAI-Paris/Atlas-Chat-9B,1,1,1,"مدعوم: نعم
مطابق: نعم",1,0,Atlas-Chat-9B/v2,0
w058,H,['wiki_02594'],فـ2020، عذراء غرناطة ربحات جائزة كتارا للرواية العربية فصنف الرواية غير المنشورة.,1,MBZUAI-Paris/Atlas-Chat-9B,1,1,1,"مدعوم: نعم
مطابق: نعم",1,0,Atlas-Chat-9B/v2,0
w059,H,['wiki_01477'],البوليساريو بغات غير الصحراويين اللي دارهم الاستعمار الإسباني فالإحصاء ديال 1974.,1,MBZUAI-Paris/Atlas-Chat-9B,1,1,1,"مدعوم: نعم
مطابق: نعم",1,1,Atlas-Chat-9B/v2,0
w060,H,['wiki_01477'],السلطات الإسبانية رحلات القبائل الصحراوية من إقليم الساقية الحمراء إلى إقليم واد نون فالمغرب.,1,MBZUAI-Paris/Atlas-Chat-9B,1,1,1,"مدعوم: نعم
مطابق: نعم",1,1,Atlas-Chat-9B/v2,0
w061,H,['wiki_00652'],13 مايو 1801.,1,MBZUAI-Paris/Atlas-Chat-9B,1,1,1,"مدعوم: نعم
مطابق: نعم",1,0,Atlas-Chat-9B/v2,0
w062,H,['wiki_00652'],توماس جيفرسون,1,MBZUAI-Paris/Atlas-Chat-9B,1,1,1,"مدعوم: نعم
مطابق: نعم",1,0,Atlas-Chat-9B/v2,0
w063,H,['wiki_00873'],الصناعات التقليدية لي مشهورة بمركز الريش هي الزربية والجلباب.,1,MBZUAI-Paris/Atlas-Chat-9B,1,1,1,"مدعوم: نعم
مطابق: نعم",1,1,Atlas-Chat-9B/v2,0
w064,H,['wiki_00873'],الصناعات لي ماشي كاينة فمنطقة الريش هي: صناعة الفخار، الدباغة، و صناعة الحلي.,1,MBZUAI-Paris/Atlas-Chat-9B,1,1,1,"مدعوم: نعم
مطابق: نعم",0,0,Atlas-Chat-9B/v2,0
w065,H,['wiki_00622'],الأمازيغ ديال الأطلس المتوسط عاشو فجماعات منعزلة ومغلقة، كل قبيلة كانت كيان مستقل بخصوصياتها، بلا علاقات واضحة مع القبائل لي حداها.,1,MBZUAI-Paris/Atlas-Chat-9B,1,1,1,"مدعوم: نعم
مطابق: نعم",1,1,Atlas-Chat-9B/v2,0
w066,H,['wiki_00622'],لا، القبائل الأمازيغية ما عرفات حتى نوع ديال الاتحاد الكونفدرالي، رغم الغزوات الفينيقية والرومانية والوندالية والعربية.,1,MBZUAI-Paris/Atlas-Chat-9B,1,0,1,"مدعوم: نعم
مطابق: لا",1,0,Atlas-Chat-9B/v2,0
w067,H,['wiki_00879'],سعتها تصل إلى 1600طن.,1,MBZUAI-Paris/Atlas-Chat-9B,1,1,1,"مدعوم: نعم
مطابق: نعم",1,0,Atlas-Chat-9B/v2,0
w068,H,['wiki_00879'],الفائض ديال تعاونية الحليب ديال الريش كيتباع فمدينة مكناس.,1,MBZUAI-Paris/Atlas-Chat-9B,1,1,1,"مدعوم: نعم
مطابق: نعم",1,1,Atlas-Chat-9B/v2,0
w069,H,['wiki_00193'],درجات الحرارة كتنقص بشكل ملحوظ في المرتفعات اللي تتجاوز 1500 متر خلال فصل الشتاء.,1,MBZUAI-Paris/Atlas-Chat-9B,1,1,1,"مدعوم: نعم
مطابق: نعم",1,1,Atlas-Chat-9B/v2,0
w070,H,['wiki_01795'],الإسبان سماو الموقع باسم سان ميغيل دي أولطرامار.,1,MBZUAI-Paris/Atlas-Chat-9B,1,1,1,"مدعوم: نعم
مطابق: نعم",1,1,Atlas-Chat-9B/v2,0
w071,H,['wiki_01795'],1500 جندي.,1,MBZUAI-Paris/Atlas-Chat-9B,1,1,1,"مدعوم: نعم
مطابق: نعم",1,0,Atlas-Chat-9B/v2,0
w072,H,['wiki_01795'],الإسبان بقاو فالمعمورة بين 1614 و1681.,1,MBZUAI-Paris/Atlas-Chat-9B,1,1,1,"مدعوم: نعم
مطابق: نعم",1,1,Atlas-Chat-9B/v2,0
w073,H,['wiki_02019'],مركز المراقب المدني تخلق فجرادة فـ يوليوز – غشت 1947.,1,MBZUAI-Paris/Atlas-Chat-9B,1,1,1,"مدعوم: نعم
مطابق: نعم",1,0,Atlas-Chat-9B/v2,0
w074,H,['wiki_02019'],الجماعة كانت مكونة من منتخبين مختارين من قبل رؤساء العائلات حسب الانتماء الإثني لكل مجموعة قبيلة.,1,MBZUAI-Paris/Atlas-Chat-9B,1,1,1,"مدعوم: نعم
مطابق: نعم",1,0,Atlas-Chat-9B/v2,0
w075,H,['wiki_01101'],السلالة ديال البقر والماس زعير كتنتشر فمنطقة الرماني، زمور، زعير، وقبائل زيان خاصة فمنطقة مريرت.,1,MBZUAI-Paris/Atlas-Chat-9B,1,1,1,"مدعوم: نعم
مطابق: نعم",1,1,Atlas-Chat-9B/v2,0
w076,H,['wiki_01101'],تكتشفات ف 1981.,1,MBZUAI-Paris/Atlas-Chat-9B,1,1,1,"مدعوم: نعم
مطابق: نعم",0,1,Atlas-Chat-9B/v2,0
w077,H,['wiki_01101'],سلالة مكناس هي لي مخصصة لإنتاج الحليب بلا منازع.,1,MBZUAI-Paris/Atlas-Chat-9B,1,1,1,"مدعوم: نعم
مطابق: نعم",1,1,Atlas-Chat-9B/v2,0
w078,H,['wiki_00645'],مدينة الحاجب كاينة على ارتفاع 1200 متر فوق سطح البحر.,1,MBZUAI-Paris/Atlas-Chat-9B,1,1,1,"مدعوم: نعم
مطابق: نعم",1,1,Atlas-Chat-9B/v2,0
w079,H,['wiki_00645'],مدينة الحاجب بعيدة على مكناس ب 32 كيلومتر جنوبا.,1,MBZUAI-Paris/Atlas-Chat-9B,1,1,1,"مدعوم: نعم
مطابق: نعم",1,0,Atlas-Chat-9B/v2,0
w080,H,['wiki_00645'],أشهر مغارة فمدينة الحاجب هي المغارة لي كتشبه وجه الأسد.,1,MBZUAI-Paris/Atlas-Chat-9B,1,1,1,"مدعوم: نعم
مطابق: نعم",1,1,Atlas-Chat-9B/v2,0
w081,H,['wiki_01216'],المعرض كيدوم 6 أيام.,1,MBZUAI-Paris/Atlas-Chat-9B,1,1,1,"مدعوم: نعم
مطابق: نعم",1,0,Atlas-Chat-9B/v2,0
w082,H,['wiki_01216'],الأيام الثلاثة الأولى مخصصة للمحترفين، والأيام الثلاثة الأخرى مفتوحة لعامة الناس.,1,MBZUAI-Paris/Atlas-Chat-9B,1,1,1,"مدعوم: نعم
مطابق: نعم",1,0,Atlas-Chat-9B/v2,0
w083,H,['wiki_01216'],"المعرض كيوصل لـ370,000 m2.",1,MBZUAI-Paris/Atlas-Chat-9B,1,1,1,"مدعوم: نعم
مطابق: نعم",1,0,Atlas-Chat-9B/v2,0
w084,H,['wiki_02925'],الاقتصاد ديال مرزوكة كيعتمد بشكل كبير على السياحة.,1,MBZUAI-Paris/Atlas-Chat-9B,1,1,1,"مدعوم: نعم
مطابق: نعم",1,1,Atlas-Chat-9B/v2,0
w085,H,['wiki_02925'],مدينة مرزوكة كتعاني من ضعف في الخدمات، نقص في البنية التحتية، وعيان في قطاع الصحة.,1,MBZUAI-Paris/Atlas-Chat-9B,1,0,1,"مدعوم: نعم
مطابق: لا",1,1,Atlas-Chat-9B/v2,0
w086,H,['wiki_01372'],تم افتتاحها سنة 2012.,1,MBZUAI-Paris/Atlas-Chat-9B,1,1,1,"مدعوم: نعم
مطابق: نعم",1,0,Atlas-Chat-9B/v2,0
w087,H,['wiki_01372'],المنطقة الحرة الأطلسية بعيدة على الدار البيضاء بحوالي 120 كيلومتر.,1,MBZUAI-Paris/Atlas-Chat-9B,1,1,1,"مدعوم: نعم
مطابق: نعم",1,0,Atlas-Chat-9B/v2,0
w088,H,['wiki_01372'],الموقع والبنية التحتية تقع المنطقة الحرة الأطلسية على مساحة تقارب 500 هكتار.,1,MBZUAI-Paris/Atlas-Chat-9B,1,1,1,"مدعوم: نعم
مطابق: نعم",1,0,Atlas-Chat-9B/v2,0
w089,H,['wiki_01161'],حدثات اللجنة الوطنية لمناخ الأعمال ف 2009 و كيرأسها رئيس الحكومة.,1,MBZUAI-Paris/Atlas-Chat-9B,1,1,1,"مدعوم: نعم
مطابق: نعم",1,0,Atlas-Chat-9B/v2,0
w090,H,['wiki_01161'],الهدف ديال اللجنة الوطنية لمناخ الأعمال هو اقتراح التدابير اللي كتحسن الإطار القانوني والتنظيمي للأعمال، وتنسيق تنفيذها، وتقييم أثرها على القطاعات المعنية.,1,MBZUAI-Paris/Atlas-Chat-9B,1,1,1,"مدعوم: نعم
مطابق: نعم",1,1,Atlas-Chat-9B/v2,0
w091,H,['wiki_00904'],لا، المغرب الأقصى ما كانش تحت السيادة الفعلية ولا الاسمية ديال العثمانيين.,1,MBZUAI-Paris/Atlas-Chat-9B,1,0,1,"مدعوم: نعم
مطابق: لا",1,0,Atlas-Chat-9B/v2,0
w092,H,['wiki_00904'],مراكش,1,MBZUAI-Paris/Atlas-Chat-9B,1,1,1,"مدعوم: نعم
مطابق: نعم",1,0,Atlas-Chat-9B/v2,0
w093,H,['wiki_00324'],إقليم شنقيط تابع لموريتانيا منذ استقلالها عن فرنسا سنة 1960.,1,MBZUAI-Paris/Atlas-Chat-9B,1,1,1,"مدعوم: نعم
مطابق: نعم",1,0,Atlas-Chat-9B/v2,0
w094,H,['wiki_00324'],حسب الحجج التاريخية، السيادة ديال سلاطين المغرب امتدت حتى نهر السنغال.,1,MBZUAI-Paris/Atlas-Chat-9B,1,1,1,"مدعوم: نعم
مطابق: نعم",1,0,Atlas-Chat-9B/v2,0
w095,H,['wiki_02031'],سوق خميس تمسمان بعيد 2 كم على وسط المدينة الصغيرة ديال كرونة.,1,MBZUAI-Paris/Atlas-Chat-9B,1,1,1,"مدعوم: نعم
مطابق: نعم",1,1,Atlas-Chat-9B/v2,0
w096,H,['wiki_00650'],الزيادة الأخيرة فالأجر الفلاحي تصادق عليها بموجب المرسوم رقم 2.24.1122 في 26 ديسمبر 2024.,1,MBZUAI-Paris/Atlas-Chat-9B,1,1,1,"مدعوم: نعم
مطابق: نعم",1,0,Atlas-Chat-9B/v2,0
w097,H,['wiki_00650'],اتفاق أبريل 2011 نص على توحيد الحد الأدنى للأجور بين القطاعات الفلاحية وغير الفلاحية خلال ثلاث سنوات.,1,MBZUAI-Paris/Atlas-Chat-9B,1,1,1,"مدعوم: نعم
مطابق: نعم",1,0,Atlas-Chat-9B/v2,0
w098,H,['wiki_01204'],المدرسة البوعنانية تبنات ما بين عامي 1350م و1355م.,1,MBZUAI-Paris/Atlas-Chat-9B,1,1,1,"مدعوم: نعم
مطابق: نعم",1,0,Atlas-Chat-9B/v2,0
w099,H,['wiki_01204'],باب بوجلود هو المدخل الرئيسي ديال فاس البالي.,1,MBZUAI-Paris/Atlas-Chat-9B,1,1,1,"مدعوم: نعم
مطابق: نعم",1,1,Atlas-Chat-9B/v2,0
w100,H,['wiki_01367'],الطيارة بوينغ 767-300 ديال المسار نيويورك - مراكش فيها 167 مقعد.,1,MBZUAI-Paris/Atlas-Chat-9B,1,1,1,"مدعوم: نعم
مطابق: نعم",1,0,Atlas-Chat-9B/v2,0
w101,H,['wiki_02640'],كمية الشتا فالعام فمدينة عين بني مطهر ما تتعداش 200 ملم.,1,MBZUAI-Paris/Atlas-Chat-9B,1,1,1,"مدعوم: نعم
مطابق: نعم",1,0,Atlas-Chat-9B/v2,0
w102,H,['wiki_02640'],الحرارة كتفوت 39.6 درجة فالصيف فعين بني مطهر.,1,MBZUAI-Paris/Atlas-Chat-9B,1,1,1,"مدعوم: نعم
مطابق: نعم",1,0,Atlas-Chat-9B/v2,0
w103,H,['wiki_02640'],أبرز الوديان ديال عين بني مطهر هوما: واد الشارف، واد تبودة، وادي مسخسخة، وادي وزين.,1,MBZUAI-Paris/Atlas-Chat-9B,1,1,1,"مدعوم: نعم
مطابق: نعم",1,1,Atlas-Chat-9B/v2,0
w104,H,['wiki_00431'],النموذج الاقتصادي المغربي ما بين 1956 و1982 كان مختلط، تداخلت فيه النزعة اللبرالية مع التوجيه الاقتصادي، وسياسة تجارية حمائية، وتدخل وازن للسلطات الحكومية في السياسات الاقتصادية والاجتماعية.,1,MBZUAI-Paris/Atlas-Chat-9B,1,1,1,"مدعوم: نعم
مطابق: نعم",1,1,Atlas-Chat-9B/v2,0
w105,H,['wiki_00431'],أولى الأوراش الاقتصادية ديال أول الحكومات المغربية كانت إرساء الاستقلالية الاقتصادية، لدولة خارجة للتو من الاستعمار، وذلك عبر إصدار العملة الوطنية، وخلق مؤسسات الوصاية والتوجيه الاقتصادي، وإرساء نظام بنكي عصري.,1,MBZUAI-Paris/Atlas-Chat-9B,1,1,1,"مدعوم: نعم
مطابق: نعم",1,1,Atlas-Chat-9B/v2,0
w106,H,['wiki_00565'],البنك المخزني المغربي تأسس فعام 1907 فطنجة، شمال المغرب.,1,MBZUAI-Paris/Atlas-Chat-9B,1,1,1,"مدعوم: نعم
مطابق: نعم",1,1,Atlas-Chat-9B/v2,0
w107,H,['wiki_00565'],حتى لعام 1959.,1,MBZUAI-Paris/Atlas-Chat-9B,1,1,1,"مدعوم: نعم
مطابق: نعم",1,0,Atlas-Chat-9B/v2,0
w108,H,['wiki_00565'],الارتفاع المضطرد لمديونية الدولة المغربية الخارجية لدى القوى الأوروبية كان هو السبب الرئيسي لي خلا مؤتمر الجزيرة الخضراء يتنظم فـ1906.,1,MBZUAI-Paris/Atlas-Chat-9B,1,1,1,"مدعوم: نعم
مطابق: نعم",1,1,Atlas-Chat-9B/v2,0
w109,H,['wiki_00738'],السفير الثاني لي زار الأسكوريال هو أحمد بن المهدي الغزال.,1,MBZUAI-Paris/Atlas-Chat-9B,1,1,1,"مدعوم: نعم
مطابق: نعم",1,0,Atlas-Chat-9B/v2,0
w110,H,['wiki_00738'],مشا محمد بن عثمان المكناسي سفير السلطان محمد الثالث لدى بلاط «كارلوس الثالث» باش يوقع معاه معاهدة لتجديد الصلح بين الدولتين، وإطلاق صراح الأسرى الجزائريين بإسبانيا.,1,MBZUAI-Paris/Atlas-Chat-9B,1,1,1,"مدعوم: نعم
مطابق: نعم",1,0,Atlas-Chat-9B/v2,0
w111,H,['wiki_02472'],كلمة أصفراو بالأمازيغية كتعني المنطقة المقعرة.,1,MBZUAI-Paris/Atlas-Chat-9B,1,1,1,"مدعوم: نعم
مطابق: نعم",1,0,Atlas-Chat-9B/v2,0
w112,H,['wiki_02472'],أول ناس ديال صفرو كانو ساكنين فالكهوف والمغارات.,1,MBZUAI-Paris/Atlas-Chat-9B,1,1,1,"مدعوم: نعم
مطابق: نعم",1,0,Atlas-Chat-9B/v2,0
w113,H,['wiki_02472'],البلدة لي قريبة من صفرو وباقي فيها شي ناس ساكنين فالكهوف هي البهاليل.,1,MBZUAI-Paris/Atlas-Chat-9B,1,1,1,"مدعوم: نعم
مطابق: نعم",1,1,Atlas-Chat-9B/v2,0
w114,H,['wiki_01117'],القصر الصغير كاين على بعد 35 كيلومتر من الطريق لي كتربط طنجة وتطوان.,1,MBZUAI-Paris/Atlas-Chat-9B,1,1,1,"مدعوم: نعم
مطابق: نعم",1,1,Atlas-Chat-9B/v2,0
w115,H,['wiki_01117'],البقايا الأثرية لي كاينة فموقع القصر الصغير هي مسجد، وحمام، ومركز تجاري تعود إلى فترات تاريخية تمتد من القرن 12 الميلادي إلى غاية القرن 14 الميلادي.,1,MBZUAI-Paris/Atlas-Chat-9B,1,1,1,"مدعوم: نعم
مطابق: نعم",1,1,Atlas-Chat-9B/v2,0
w116,H,['wiki_01117'],الجيش البرتغالي بقيادة ألفونس الخامس استولى على القصر الصغير فـ23 أكتوبر 1458م.,1,MBZUAI-Paris/Atlas-Chat-9B,1,1,1,"مدعوم: نعم
مطابق: نعم",1,0,Atlas-Chat-9B/v2,0
w117,H,['wiki_01242'],ألبرت حوراني.,1,MBZUAI-Paris/Atlas-Chat-9B,1,1,1,"مدعوم: نعم
مطابق: نعم",1,0,Atlas-Chat-9B/v2,0
w118,H,['wiki_01242'],المحاكِم والوزارات والجيش.,1,MBZUAI-Paris/Atlas-Chat-9B,1,1,1,"مدعوم: نعم
مطابق: نعم",1,1,Atlas-Chat-9B/v2,0
w119,H,['wiki_01894'],المساحة ديال القصبة المخزنية فتزنيت كتوصل ل 6704م²، وعدد الأبراج ديالها هو 5.,1,MBZUAI-Paris/Atlas-Chat-9B,1,1,1,"مدعوم: نعم
مطابق: نعم",1,1,Atlas-Chat-9B/v2,0
w120,H,['wiki_01894'],القصبة المخزنية ديال تزنيت كتنسب للقائد الحاحي محمد أغناج.,1,MBZUAI-Paris/Atlas-Chat-9B,1,1,1,"مدعوم: نعم
مطابق: نعم",1,1,Atlas-Chat-9B/v2,0
w121,H,['wiki_02269'],كانت معروفة بقصبة المرينيين فالعصر المريني.,1,MBZUAI-Paris/Atlas-Chat-9B,1,1,1,"مدعوم: نعم
مطابق: نعم",1,0,Atlas-Chat-9B/v2,0
w122,H,['wiki_02787'],وفرة سمك الشابل والتون في أزمور، والإقبال الأوروبي على شرائه، كان سبباً مباشراً في استعجال احتلالها من طرف البرتغاليين.,1,MBZUAI-Paris/Atlas-Chat-9B,1,1,1,"مدعوم: نعم
مطابق: نعم",1,1,Atlas-Chat-9B/v2,0
w123,H,['wiki_02787'],إسبانيا بنات برج عسكري عند مصب وادي الشبيكة فعام 1476.,1,MBZUAI-Paris/Atlas-Chat-9B,1,1,1,"مدعوم: نعم
مطابق: نعم",1,0,Atlas-Chat-9B/v2,0
w124,H,['wiki_02319'],"لقب سطات هو ""عاصمة الشاوية"".",1,MBZUAI-Paris/Atlas-Chat-9B,1,1,1,"مدعوم: نعم
مطابق: نعم",1,0,Atlas-Chat-9B/v2,0
w125,H,['wiki_02319'],83 كم,1,MBZUAI-Paris/Atlas-Chat-9B,1,1,1,"مدعوم: نعم
مطابق: نعم",1,0,Atlas-Chat-9B/v2,0
w126,H,['wiki_02319'],الرمز ديال مدينة سطات هو الحصان.,1,MBZUAI-Paris/Atlas-Chat-9B,1,1,1,"مدعوم: نعم
مطابق: نعم",1,1,Atlas-Chat-9B/v2,0
w127,H,['wiki_02319'],ارتفاع سطات على سطح البحر حوالي 370 مترا.,1,MBZUAI-Paris/Atlas-Chat-9B,1,1,1,"مدعوم: نعم
مطابق: نعم",1,1,Atlas-Chat-9B/v2,0
w128,H,['wiki_01749'],البياض,1,MBZUAI-Paris/Atlas-Chat-9B,1,1,1,"مدعوم: نعم
مطابق: نعم",1,0,Atlas-Chat-9B/v2,0
w129,H,['wiki_01749'],المرابطين كانو كيستعملو اللون الكحل فزيهم باش يبينو الاحترام ديالهم للعباسيين، اللي كانو كيعترفو بالسلطة الرمزية ديالهم.,1,MBZUAI-Paris/Atlas-Chat-9B,1,1,1,"مدعوم: نعم
مطابق: نعم",1,1,Atlas-Chat-9B/v2,0
w130,H,['wiki_01860'],السلاسل الجبلية المذكورة لي منتصبة من جهتي الشمال والغرب هي لي كتوقف الكتل الهوائية الرطبة باش ما توصلش لمنطقة تاوريرت.,1,MBZUAI-Paris/Atlas-Chat-9B,1,1,1,"مدعوم: نعم
مطابق: نعم",1,1,Atlas-Chat-9B/v2,0
w131,H,['wiki_01860'],كانو كيعتمدو على تربية الماشية، والزراعة البورية، والزراعة السقوية، وبعض الآبار، وحتى على غرس الشجر.,1,MBZUAI-Paris/Atlas-Chat-9B,1,0,1,"مدعوم: نعم
مطابق: لا",1,0,Atlas-Chat-9B/v2,0
w132,H,['wiki_02297'],كانت مدينة سجلماسة التاريخية كاينة فوسط واحة كبيرة جنوب الأطلس الكبير، مقابلة لمدينة الريصاني ف تافيلالت الحالية.,1,MBZUAI-Paris/Atlas-Chat-9B,1,1,1,"مدعوم: نعم
مطابق: نعم",1,1,Atlas-Chat-9B/v2,0
w133,H,['wiki_02297'],القيروان,1,MBZUAI-Paris/Atlas-Chat-9B,1,1,1,"مدعوم: نعم
مطابق: نعم",1,0,Atlas-Chat-9B/v2,0
w134,H,['wiki_02297'],سجلماسة تبنات ف 140 هـ/757م من طرف عيسى بن يزيد الأسود.,1,MBZUAI-Paris/Atlas-Chat-9B,1,1,1,"مدعوم: نعم
مطابق: نعم",1,0,Atlas-Chat-9B/v2,0
w135,H,['wiki_01432'],الضريبة على القيمة المضافة ترفعات من 17% لـ19% فـ1984.,1,MBZUAI-Paris/Atlas-Chat-9B,1,1,1,"مدعوم: نعم
مطابق: نعم",1,0,Atlas-Chat-9B/v2,0
w136,H,['wiki_01432'],ارتفاع أسعار المواد الاستهلاكية الرئيسية في 1983، 67 % بالنسبة للزبدة.,1,MBZUAI-Paris/Atlas-Chat-9B,1,1,1,"مدعوم: نعم
مطابق: نعم",1,0,Atlas-Chat-9B/v2,0
w137,H,['wiki_01432'],الرسوم لي مفروضة على لي غاديين على رجليهم فالناضور كانت 100 درهم.,1,MBZUAI-Paris/Atlas-Chat-9B,1,1,1,"مدعوم: نعم
مطابق: نعم",1,0,Atlas-Chat-9B/v2,0
w138,H,['wiki_02057'],مصادر الدخل لي اعتمدات عليهم جمهورية الريف هي: الضرائب على شكل نقود ولا محاصيل، مداخيل الزكاة، الغرامات، تبرعات السكان والقبائل، وفداء الأسرى.,1,MBZUAI-Paris/Atlas-Chat-9B,1,0,1,"مدعوم: نعم
مطابق: لا",1,0,Atlas-Chat-9B/v2,0
w139,H,['wiki_02057'],20 ألف بيزيتا سنويا.,1,MBZUAI-Paris/Atlas-Chat-9B,1,1,1,"مدعوم: نعم
مطابق: نعم",1,0,Atlas-Chat-9B/v2,0
w140,H,['wiki_02057'],حكومة الريف سحبات الأراضي الفلاحية من لي ما قدرش يزرعها باش يحافظ على الإنتاج.,1,MBZUAI-Paris/Atlas-Chat-9B,1,1,1,"مدعوم: نعم
مطابق: نعم",1,1,Atlas-Chat-9B/v2,0
w141,H,['wiki_00048'],عزيز أخنوش,1,MBZUAI-Paris/Atlas-Chat-9B,1,1,1,"مدعوم: نعم
مطابق: نعم",1,0,Atlas-Chat-9B/v2,0
w142,H,['wiki_00048'],عبد الوافي لفتيت,1,MBZUAI-Paris/Atlas-Chat-9B,1,1,1,"مدعوم: نعم
مطابق: نعم",1,0,Atlas-Chat-9B/v2,0
w143,H,['wiki_02467'],"صالح بن عبد الحليم الإيلاني كينتمي إلى قبيلة أيلان المصمودية، المعروفة في المصادر باسم ""هيلانة"".",1,MBZUAI-Paris/Atlas-Chat-9B,1,1,1,"مدعوم: نعم
مطابق: نعم",1,0,Atlas-Chat-9B/v2,0
w144,H,['wiki_02467'],الأيلاني ترعرع في مدينة نفيس، حسب الراجح.,1,MBZUAI-Paris/Atlas-Chat-9B,1,1,1,"مدعوم: نعم
مطابق: نعم",1,0,Atlas-Chat-9B/v2,0
w145,H,['wiki_00602'],باه ديال التهامي الكلاوي توفا فعام 1886 وشقيقه الأكبر، المدني الكلاوي، هو اللي تكلف بيه من بعد.,1,MBZUAI-Paris/Atlas-Chat-9B,1,1,1,"مدعوم: نعم
مطابق: نعم",1,0,Atlas-Chat-9B/v2,0
w146,H,['wiki_00602'],التهامي دخل أول معركة حربية وهو ابن خمسة عشر سنة.,1,MBZUAI-Paris/Atlas-Chat-9B,1,1,1,"مدعوم: نعم
مطابق: نعم",1,0,Atlas-Chat-9B/v2,0
w147,H,['wiki_02939'],مستشفى القرب ديال أحفير تدشن فـ25 يوليوز 2024.,1,MBZUAI-Paris/Atlas-Chat-9B,1,1,1,"مدعوم: نعم
مطابق: نعم",1,1,Atlas-Chat-9B/v2,0
w148,H,['wiki_02939'],وزير الصحة والحماية الاجتماعية خالد آيت الطالب.,1,MBZUAI-Paris/Atlas-Chat-9B,1,1,1,"مدعوم: نعم
مطابق: نعم",1,0,Atlas-Chat-9B/v2,0
w149,H,['wiki_01469'],المقاومة ديال تاكفاريناس دامت سبع سنين.,1,MBZUAI-Paris/Atlas-Chat-9B,1,1,1,"مدعوم: نعم
مطابق: نعم",1,0,Atlas-Chat-9B/v2,0
w150,H,['wiki_02705'],مدينة أصيلة مشهورة بالقصبة التاريخية وأسوارها وأبوابها المصنفة كتراث وطني، ومهرجانها الثقافي الدولي لي كيتقام كل صيف.,1,MBZUAI-Paris/Atlas-Chat-9B,1,1,1,"مدعوم: نعم
مطابق: نعم",1,1,Atlas-Chat-9B/v2,0
w151,H,['wiki_01062'],الإستغلال لي فرضوه الرومان على الأمازيغ، بحال السيطرة على الأراضي الفلاحية، وفرض السخرة على السكان، واستعمال القوة في إخضاعهم.,1,MBZUAI-Paris/Atlas-Chat-9B,1,1,1,"مدعوم: نعم
مطابق: نعم",1,1,Atlas-Chat-9B/v2,0
w152,H,['wiki_01062'],أبرز الزعماء ديال المقاومة الأمازيغية ضد الرومان هوما تاكفاريناس، أديمون، ودونات.,1,MBZUAI-Paris/Atlas-Chat-9B,1,1,1,"مدعوم: نعم
مطابق: نعم",1,1,Atlas-Chat-9B/v2,0
w153,H,['wiki_02491'],تأسس صندوق محمد السادس للاستثمار في عام 2021.,1,MBZUAI-Paris/Atlas-Chat-9B,1,1,1,"مدعوم: نعم
مطابق: نعم",1,0,Atlas-Chat-9B/v2,0
w154,H,['wiki_02491'],المقر الرئيسي ديال صندوق محمد السادس للاستثمار كاين فالرباط.,1,MBZUAI-Paris/Atlas-Chat-9B,1,1,1,"مدعوم: نعم
مطابق: نعم",1,0,Atlas-Chat-9B/v2,0
w155,H,['wiki_02491'],تععلان على صندوق محمد السادس للاستثمار في عام 2020 في سياق تدابير الإنعاش الاقتصادي المعتمدة في أعقاب جائحة كوفيد-19.,1,MBZUAI-Paris/Atlas-Chat-9B,1,1,1,"مدعوم: نعم
مطابق: نعم",1,0,Atlas-Chat-9B/v2,0
w156,H,['wiki_02035'],المعلومة غير متوفرة في النصوص.,1,MBZUAI-Paris/Atlas-Chat-9B,0,0,1,"مدعوم: لا
مطابق: لا",1,0,Atlas-Chat-9B/v2,1
w157,H,['wiki_02035'],المرافق الصحية لي كاينين فمدينة جمعة سحيم هي مستشفى أثري، ومستوصف صحي، ودار للولادة.,1,MBZUAI-Paris/Atlas-Chat-9B,1,1,1,"مدعوم: نعم
مطابق: نعم",1,1,Atlas-Chat-9B/v2,0
w158,H,['wiki_02388'],ارتفعت الساكنة الحضرية من 13 إلى 17 مليون نسمة ما بين العامين 1992 و2004 فبلغت نسبة الساكنة الحضرية 57% من مجموع السكان.,1,MBZUAI-Paris/Atlas-Chat-9B,1,1,1,"مدعوم: نعم
مطابق: نعم",1,0,Atlas-Chat-9B/v2,0
w159,H,['wiki_02388'],المشكل الأساسي ديال الما فقطاع الصناعة فالمغرب ماشي التزود، ولكن العقلانية فالتدبير ومعالجة التلوث.,1,MBZUAI-Paris/Atlas-Chat-9B,1,1,1,"مدعوم: نعم
مطابق: نعم",1,1,Atlas-Chat-9B/v2,0
w160,H,['wiki_01320'],3312,1,MBZUAI-Paris/Atlas-Chat-9B,1,1,1,"مدعوم: نعم
مطابق: نعم",1,0,Atlas-Chat-9B/v2,0
w161,H,['wiki_01320'],الكمبري تتصنع من الخشب وجِلد الإبل أو جِلد الماعز.,1,MBZUAI-Paris/Atlas-Chat-9B,1,1,1,"مدعوم: نعم
مطابق: نعم",1,0,Atlas-Chat-9B/v2,0
w162,H,['wiki_01320'],45,1,MBZUAI-Paris/Atlas-Chat-9B,1,1,1,"مدعوم: نعم
مطابق: نعم",1,0,Atlas-Chat-9B/v2,0
w163,H,['wiki_00726'],الزعيم النقابي التونسي فرحات حشاد تغتال فـ5 دجنبر 1952.,1,MBZUAI-Paris/Atlas-Chat-9B,1,1,1,"مدعوم: نعم
مطابق: نعم",1,0,Atlas-Chat-9B/v2,0
w164,H,['wiki_00726'],رجع للدار البيضاء باش يدعم الضحايا وعائلاتهم، دعا لإضراب عام، ومن بعد مشى لطنجة باش يلقي خطاب على الاستقلال.,1,MBZUAI-Paris/Atlas-Chat-9B,1,1,1,"مدعوم: نعم
مطابق: نعم",1,1,Atlas-Chat-9B/v2,0
w165,H,['wiki_02347'],محمد توري، واحد من قادة والده، هو لي طيح سني أبو بكر فإمبراطورية صنغاي.,1,MBZUAI-Paris/Atlas-Chat-9B,1,1,1,"مدعوم: نعم
مطابق: نعم",1,1,Atlas-Chat-9B/v2,0
w166,H,['wiki_02347'],أسكيا دار إصلاحات سياسية واقتصادية فالإمبراطورية.,1,MBZUAI-Paris/Atlas-Chat-9B,1,1,1,"مدعوم: نعم
مطابق: نعم",1,1,Atlas-Chat-9B/v2,0
w167,H,['wiki_02959'],مواطنهم كانت فمنطقة فاس، سجلماسة، توات، تلسمان، تلمسان، الراشيدية، الخميسات، وتوات.,1,MBZUAI-Paris/Atlas-Chat-9B,1,0,1,"مدعوم: نعم
مطابق: لا",0,0,Atlas-Chat-9B/v2,0
w168,H,['wiki_02959'],السمية ديال الحصن لي بناوه المطغريين هي تاونت (الغزوات حاليا).,1,MBZUAI-Paris/Atlas-Chat-9B,1,1,1,"مدعوم: نعم
مطابق: نعم",1,0,Atlas-Chat-9B/v2,0
w169,H,['wiki_00475'],"السلطان استقبل نحو 2,000 من التجار العرب ففاس فـ825.",1,MBZUAI-Paris/Atlas-Chat-9B,1,1,1,"مدعوم: نعم
مطابق: نعم",1,1,Atlas-Chat-9B/v2,0
w170,H,['wiki_00475'],الأدارسة تقصاو نهائيا من المغرب في عام 985.,1,MBZUAI-Paris/Atlas-Chat-9B,0,0,1,"مدعوم: لا
مطابق: لا",1,1,Atlas-Chat-9B/v2,0
w171,H,['wiki_00475'],حي القيروانيين,1,MBZUAI-Paris/Atlas-Chat-9B,1,1,1,"مدعوم: نعم
مطابق: نعم",1,0,Atlas-Chat-9B/v2,0
w172,H,['wiki_02101'],أكتوبر 1955,1,MBZUAI-Paris/Atlas-Chat-9B,1,1,1,"مدعوم: نعم
مطابق: نعم",1,0,Atlas-Chat-9B/v2,0
w173,H,['wiki_02101'],16 نوفمبر 1955,1,MBZUAI-Paris/Atlas-Chat-9B,1,1,1,"مدعوم: نعم
مطابق: نعم",1,0,Atlas-Chat-9B/v2,0
w174,H,['wiki_02101'],القطارات، ومكاتب البريد، وثكنات الشرطة الاستعمارية، ومصالح المستوطنين الفرنسيين.,1,MBZUAI-Paris/Atlas-Chat-9B,1,1,1,"مدعوم: نعم
مطابق: نعم",1,0,Atlas-Chat-9B/v2,0
w175,H,['wiki_02101'],2 مارس 1956,1,MBZUAI-Paris/Atlas-Chat-9B,1,1,1,"مدعوم: نعم
مطابق: نعم",1,0,Atlas-Chat-9B/v2,0
w176,H,['wiki_00289'],الجامعة لي كاينة فمدينة إفران هي جامعة الأخوين.,1,MBZUAI-Paris/Atlas-Chat-9B,1,1,1,"مدعوم: نعم
مطابق: نعم",1,1,Atlas-Chat-9B/v2,0
w177,H,['wiki_00289'],الجاذبية السياحية ديال إفران كتعتمد على مجموعة من الموارد الطبيعية والترفيهية، بما فيها المنتزه الوطني لإفران، والبحيرات والمصادر والشلالات والمجالات الغابوية، ومحطة ميشليفن للتزلج.,1,MBZUAI-Paris/Atlas-Chat-9B,1,1,1,"مدعوم: نعم
مطابق: نعم",1,1,Atlas-Chat-9B/v2,0
w178,H,['wiki_02081'],عام 1994.,1,MBZUAI-Paris/Atlas-Chat-9B,1,1,1,"مدعوم: نعم
مطابق: نعم",1,0,Atlas-Chat-9B/v2,0
w179,H,['wiki_02792'],كاينين 183 وحدة فصناعة التجميد ديال الصيد البحري.,1,MBZUAI-Paris/Atlas-Chat-9B,1,1,1,"مدعوم: نعم
مطابق: نعم",1,0,Atlas-Chat-9B/v2,0
w180,H,['wiki_02792'],أغلب وحدات صناعة التجميد كتترکز فجنوب المغرب حيت كاين تطوير صيد الرخويات والصيد السطحي.,1,MBZUAI-Paris/Atlas-Chat-9B,1,1,1,"مدعوم: نعم
مطابق: نعم",1,1,Atlas-Chat-9B/v2,0
w181,H,['wiki_02792'],القدرة الإنتاجية فالنهار ديال صناعة التجميد هي حوالي 8300 طن.,1,MBZUAI-Paris/Atlas-Chat-9B,1,1,1,"مدعوم: نعم
مطابق: نعم",1,0,Atlas-Chat-9B/v2,0
w182,H,['wiki_02792'],الوجهة الرئيسية ديال المنتجات البحرية المجمدة المغربية هي الاتحاد الأوروبي، اللي كيشري 70% من إجمالي الصادرات ديال هاد النشاط.,1,MBZUAI-Paris/Atlas-Chat-9B,1,1,1,"مدعوم: نعم
مطابق: نعم",1,0,Atlas-Chat-9B/v2,0
w183,H,['wiki_00270'],الإمبراطور كلوديوس.,1,MBZUAI-Paris/Atlas-Chat-9B,1,1,1,"مدعوم: نعم
مطابق: نعم",1,0,Atlas-Chat-9B/v2,0
w184,H,['wiki_00270'],ترعرع يوبا الثاني في روما، في كنف الإمبراطور أغسطس.,1,MBZUAI-Paris/Atlas-Chat-9B,1,1,1,"مدعوم: نعم
مطابق: نعم",1,0,Atlas-Chat-9B/v2,0
w185,H,['wiki_00270'],المدينة لي دارها يوبا الثاني عاصمة ديال الحكم ديالو هي شرشال.,1,MBZUAI-Paris/Atlas-Chat-9B,1,1,1,"مدعوم: نعم
مطابق: نعم",1,1,Atlas-Chat-9B/v2,0
w186,H,['wiki_01463'],الأم ديال بطليموس الموريطاني هي كليوباترا سيليني الثانية، من الأسرة البطلمية.,1,MBZUAI-Paris/Atlas-Chat-9B,1,1,1,"مدعوم: نعم
مطابق: نعم",1,1,Atlas-Chat-9B/v2,0
w187,H,['wiki_01463'],بطليموس حكم من 23 حتى وفاته في 40.,1,MBZUAI-Paris/Atlas-Chat-9B,1,1,1,"مدعوم: نعم
مطابق: نعم",1,0,Atlas-Chat-9B/v2,0
w188,H,['wiki_00051'],فـ ساعتين و11 دقيقة و34 ثانية.,1,MBZUAI-Paris/Atlas-Chat-9B,1,1,1,"مدعوم: نعم
مطابق: نعم",1,0,Atlas-Chat-9B/v2,0
w189,H,['wiki_00051'],"مريم بوعود ربحات جائزة ""قارئ العام للعالم العربي"" فمسابقة أقرأ.",1,MBZUAI-Paris/Atlas-Chat-9B,1,1,1,"مدعوم: نعم
مطابق: نعم",1,0,Atlas-Chat-9B/v2,0
w190,H,['wiki_00670'],"المغاربة تخافو من القانون حيت كان كيقسم المغرب لجوج عوالم متميزين ومفرقين: عالم العرب المغاربة لي كيهضرو العربية، وعالم ""البربر"" لي كيهضرو الأمازيغية.",1,MBZUAI-Paris/Atlas-Chat-9B,1,1,1,"مدعوم: نعم
مطابق: نعم",1,0,Atlas-Chat-9B/v2,0
w191,H,['wiki_00670'],"الدراسات الاستعمارية كانت كتقسم المغرب لجوج منطقتين: ""بلاد السيبة"" و""بلاد المخزن"".",1,MBZUAI-Paris/Atlas-Chat-9B,1,1,1,"مدعوم: نعم
مطابق: نعم",1,0,Atlas-Chat-9B/v2,0
w192,H,['wiki_01890'],تزنيت بعيدة على الرباط ب 690 كلم وعلى أكادير ب 90 كلم.,1,MBZUAI-Paris/Atlas-Chat-9B,1,1,1,"مدعوم: نعم
مطابق: نعم",1,0,Atlas-Chat-9B/v2,0
w193,H,['wiki_01890'],تزنيت كيلقبوها بعاصمة الفضة حيت مشهورة بإنتاج المجوهرات الفضية.,1,MBZUAI-Paris/Atlas-Chat-9B,1,1,1,"مدعوم: نعم
مطابق: نعم",1,1,Atlas-Chat-9B/v2,0
w194,H,['wiki_01890'],سمية تزنيت كترجع لواحد المرا سميتها للا زنينية.,1,MBZUAI-Paris/Atlas-Chat-9B,1,1,1,"مدعوم: نعم
مطابق: نعم",1,1,Atlas-Chat-9B/v2,0
w195,H,['wiki_01412'],المهام ديال الهيئة المغربية لسوق الرساميل هي: حماية المدخرين والمستثمرين، مراقبة سير أسواق الرساميل، ضمان شفافية العمليات المالية، تنظيم المشاركين في السوق والأدوات المالية، وتعزيز الثقافة المالية.,1,MBZUAI-Paris/Atlas-Chat-9B,1,1,1,"مدعوم: نعم
مطابق: نعم",1,0,Atlas-Chat-9B/v2,0
w196,H,['wiki_01412'],الملك كيعين الرئيس.,1,MBZUAI-Paris/Atlas-Chat-9B,1,0,1,"مدعوم: نعم
مطابق: لا",1,0,Atlas-Chat-9B/v2,0
w197,H,['wiki_00930'],سبعة سلاطين من ولاد المولى إسماعيل هوما أحمد الذهبي، عبد الملك، علي الأعرج، محمد المستضيء، زين العابدين، و عبد الله.,1,MBZUAI-Paris/Atlas-Chat-9B,1,1,1,"مدعوم: نعم
مطابق: نعم",1,0,Atlas-Chat-9B/v2,0
w198,H,['wiki_00930'],عبد الله بن إسماعيل تبايع ست مرات.,1,MBZUAI-Paris/Atlas-Chat-9B,1,1,1,"مدعوم: نعم
مطابق: نعم",1,0,Atlas-Chat-9B/v2,0
w199,H,['wiki_01000'],الصويرة ولات العاصمة الاقتصادية ديال المغرب حيت السلطان العلوي محمد بن عبد الله (محمد الثالث) عاود بناء المدينة على النمط العصري، وبنا فيها ميناء جديد وقاعدة عسكرية بحرية، وهاد الشي خلا نخبة من التجار والدبلوماسيين اليهود يستقرو فيها.,1,MBZUAI-Paris/Atlas-Chat-9B,1,1,1,"مدعوم: نعم
مطابق: نعم",1,1,Atlas-Chat-9B/v2,0
w200,H,['wiki_00698'],"إسبانيا كان عندها 34,000 رجل فالمغرب فيوليوز 1936.",1,MBZUAI-Paris/Atlas-Chat-9B,1,1,1,"مدعوم: نعم
مطابق: نعم",1,1,Atlas-Chat-9B/v2,0
